{
    "type": "FeatureCollection",
    "crs": {
        "type": "name",
        "properties": {
            "name": "EPSG:4326"
        }
    },
    "features": [
        {
            "type": "Feature",
            "id": 1,
            "geometry": {
                "type": "Multipolygon",
                "coordinates": [
                    [
                        [
                            -0.757524581186853,
                            48.0864519503746
                        ],
                        [
                            -0.757544640480858,
                            48.0865260833986
                        ],
                        [
                            -0.757452816007951,
                            48.0865389188846
                        ],
                        [
                            -0.757464212253684,
                            48.0865753811244
                        ],
                        [
                            -0.757529820032387,
                            48.0865634923795
                        ],
                        [
                            -0.757604817768794,
                            48.0865971345678
                        ],
                        [
                            -0.757649537651401,
                            48.0869425465283
                        ],
                        [
                            -0.75744939381743,
                            48.0869642475956
                        ],
                        [
                            -0.757441919470018,
                            48.0869347570357
                        ],
                        [
                            -0.757404548216409,
                            48.0869386520624
                        ],
                        [
                            -0.757361235871596,
                            48.0869346287135
                        ],
                        [
                            -0.757329677907902,
                            48.0869257259174
                        ],
                        [
                            -0.757294734180577,
                            48.0869070214575
                        ],
                        [
                            -0.757269692259028,
                            48.0868762896288
                        ],
                        [
                            -0.757260620965602,
                            48.0868432464903
                        ],
                        [
                            -0.75727905379026,
                            48.0868024610549
                        ],
                        [
                            -0.757201913095104,
                            48.0868117870019
                        ],
                        [
                            -0.757196802530548,
                            48.0867966350928
                        ],
                        [
                            -0.757155598409545,
                            48.0868033549697
                        ],
                        [
                            -0.757116886046604,
                            48.0866937818163
                        ],
                        [
                            -0.75709695504644,
                            48.0866214464117
                        ],
                        [
                            -0.757082070516899,
                            48.0866201195258
                        ],
                        [
                            -0.757064503015545,
                            48.0865999597537
                        ],
                        [
                            -0.757073638243975,
                            48.0865771463044
                        ],
                        [
                            -0.75709714687887,
                            48.0865673874872
                        ],
                        [
                            -0.757130365564161,
                            48.0865618232738
                        ],
                        [
                            -0.757087501111596,
                            48.0864505808099
                        ],
                        [
                            -0.757410999020746,
                            48.0864051251642
                        ],
                        [
                            -0.757430099870143,
                            48.0864657755804
                        ],
                        [
                            -0.757524581186853,
                            48.0864519503746
                        ]
                    ]
                ]
            },
            "properties": {
                "Nom": "Restaurant universitaire Aubépin",
                "ObjectId": 1,
                "Shape__Area": 4130.5661010742188,
                "Shape__Length": 309.04515337719386,
                "Classe": "CROUS",
                "Code_batiment": "C7B12",
                "code_composante": "C7",
                "Etiquette": "Restaurant universitaire Aubépin",
                "Recherche": "Restaurant universitaire Aubépin",
                "Texte_fenetre": "\u003cdiv style=\"background-color: #FFFFFF; color: black; padding: 15px; border: none; border-radius: 10px; font-size: 16px; font-family: Luciole;\"\u003e\u003cfont size=\"4,5pt\"\u003e\u003cb\u003eHoraire d'ouverture :\u003c/b\u003e\u003c/font size\u003e\u003cul\u003e\u003cli\u003e\u003cb\u003eLundi au vendredi :\u003c/b\u003e 11h15 - 13h45 \u003c/li\u003e\u003c/ul\u003e\u003ca href=\"https://www.crous-nantes.fr/restaurant/resto-u-aubepin\" style=\"color:#282F63;\"\u003ePlus d'informations\u003c/a\u003e \u003c/div\u003e",
                "nom_composante": "CROUS"
            }
        },
        {
            "type": "Feature",
            "id": 2,
            "geometry": {
                "type": "Multipolygon",
                "coordinates": [
                    [
                        [
                            -0.757101676703163,
                            48.0882960308777
                        ],
                        [
                            -0.755935930840271,
                            48.0878233185341
                        ],
                        [
                            -0.756776067166378,
                            48.0874604928196
                        ],
                        [
                            -0.756809989240729,
                            48.0874458974861
                        ],
                        [
                            -0.756868250889523,
                            48.0874143098458
                        ],
                        [
                            -0.757101676703163,
                            48.0882960308777
                        ]
                    ],
                    [
                        [
                            -0.756764052150265,
                            48.0879725755063
                        ],
                        [
                            -0.756681517842541,
                            48.0876626032889
                        ],
                        [
                            -0.7566297717209,
                            48.0877101988039
                        ],
                        [
                            -0.756579942154685,
                            48.0877469226066
                        ],
                        [
                            -0.756534456803905,
                            48.0877690937464
                        ],
                        [
                            -0.756490824212922,
                            48.0877794943403
                        ],
                        [
                            -0.756445850049912,
                            48.0877899377104
                        ],
                        [
                            -0.756415185893858,
                            48.0877936184586
                        ],
                        [
                            -0.756368678544379,
                            48.0878014080661
                        ],
                        [
                            -0.756321787977468,
                            48.0878038046046
                        ],
                        [
                            -0.756764052150265,
                            48.0879725755063
                        ]
                    ]
                ]
            },
            "properties": {
                "Nom": "ESIEA",
                "ObjectId": 2,
                "Shape__Area": 7513.5756530761719,
                "Shape__Length": 583.2341997559995,
                "Classe": "Autres écoles",
                "Code_batiment": "C8B16",
                "code_composante": "C8",
                "Etiquette": "ESIEA",
                "Recherche": "École Supérieure d'Informatique Électronique Automatique (ESIEA)",
                "Texte_fenetre": "\u003cdiv style=\"background-color: #FFFFFF; color: black; padding: 15px; border: none; border-radius: 10px; font-size: 16px; font-family: Luciole;\"\u003e\u003ca href=\"https://www.esiea.fr/\"style=\"color:black;\"\u003eÉcole Supérieure d'Informatique Électronique Automatique\u003c/a\u003e\u003c/div\u003e",
                "nom_composante": "Autres écoles"
            }
        },
        {
            "type": "Feature",
            "id": 3,
            "geometry": {
                "type": "Multipolygon",
                "coordinates": [
                    [
                        [
                            -0.758485612024091,
                            48.0860690376877
                        ],
                        [
                            -0.758519526082109,
                            48.0857706644677
                        ],
                        [
                            -0.758860204740532,
                            48.0857967268213
                        ],
                        [
                            -0.758816836460206,
                            48.0860377455593
                        ],
                        [
                            -0.758706257603056,
                            48.0860331671345
                        ],
                        [
                            -0.758630176973729,
                            48.0861166747599
                        ],
                        [
                            -0.758485612024091,
                            48.0860690376877
                        ]
                    ]
                ]
            },
            "properties": {
                "Nom": "BU",
                "ObjectId": 3,
                "Shape__Area": 1778.3199462890625,
                "Shape__Length": 175.05774411566892,
                "Classe": "Services centraux",
                "Code_batiment": "C9B16",
                "code_composante": "C9",
                "Etiquette": "Bibliothèque universitaire Laval",
                "Recherche": "BU (Laval)",
                "Texte_fenetre": "\u003cdiv style=\"background-color: #FFFFFF; color: black; padding: 15px; border: none; border-radius: 10px; font-size: 16px; font-family: Luciole;\"\u003e\u003cb\u003eHoraires d'ouverture :\u003c/b\u003e\u003cul\u003e\u003cli\u003e\u003cb\u003eLundi au Vendredi :\u003c/b\u003e 08h30 à 20h00 \u003c/li\u003e\u003c/ul\u003e\u003cb\u003eContact :\u003c/b\u003e\u003cul\u003e\u003cli\u003e\u003cb\u003eBU :\u003c/b\u003e bu-laval@univ-lemans.fr - 02 43 59 49 17\u003c/li\u003e\u003cli\u003e\u003cb\u003eINSPE :\u003c/b\u003e christine.timmerman@univ-nantes.fr - 02 44 02 24 66 \u003c/li\u003e\u003c/ul\u003e\u003ca href=\"https://affluences.com/bu-laval\"style=\"color:white;text-decoration: underline\"\u003eConsulter les horaires en temps réel\u003c/a\u003e\u003cbr\u003e\u003cbr\u003e\u003ca href=\"http://www.bumaine.fr/bu-laval/\"style=\"color:#282F63;text-decoration: underline\"\u003ePlus d'informations\u003c/a\u003e\u003c/div\u003e",
                "nom_composante": "Services centraux"
            }
        },
        {
            "type": "Feature",
            "id": 4,
            "geometry": {
                "type": "Multipolygon",
                "coordinates": [
                    [
                        [
                            -0.759463030912223,
                            48.0853117274091
                        ],
                        [
                            -0.759436712457531,
                            48.0853197746764
                        ],
                        [
                            -0.75938011496958,
                            48.0853368965128
                        ],
                        [
                            -0.759321856377751,
                            48.0853495669391
                        ],
                        [
                            -0.759260659118889,
                            48.0853587276193
                        ],
                        [
                            -0.75919920618593,
                            48.0853642929009
                        ],
                        [
                            -0.759125296346155,
                            48.0853648505082
                        ],
                        [
                            -0.759052408442457,
                            48.0853608710383
                        ],
                        [
                            -0.758979201002345,
                            48.0853523973143
                        ],
                        [
                            -0.758890214658926,
                            48.0853300131004
                        ],
                        [
                            -0.758865556569136,
                            48.0853235931297
                        ],
                        [
                            -0.758840770671179,
                            48.08531537547
                        ],
                        [
                            -0.758817198457592,
                            48.0853053173017
                        ],
                        [
                            -0.758756127917606,
                            48.0852784384044
                        ],
                        [
                            -0.758698762382798,
                            48.0852469368104
                        ],
                        [
                            -0.758649126324667,
                            48.0852106840721
                        ],
                        [
                            -0.758604600670209,
                            48.0851706646752
                        ],
                        [
                            -0.758566654707347,
                            48.0851286334928
                        ],
                        [
                            -0.758536629909309,
                            48.0850845477148
                        ],
                        [
                            -0.758514526259792,
                            48.085038407347
                        ],
                        [
                            -0.758499066159306,
                            48.084991154052
                        ],
                        [
                            -0.758494274034086,
                            48.0849426593846
                        ],
                        [
                            -0.75867824862463,
                            48.0849394899928
                        ],
                        [
                            -0.758682401878311,
                            48.0849789962311
                        ],
                        [
                            -0.758694540130632,
                            48.0850173467173
                        ],
                        [
                            -0.758713321914487,
                            48.0850545842676
                        ],
                        [
                            -0.758738683337647,
                            48.0850898100368
                        ],
                        [
                            -0.758771838084385,
                            48.0851211835176
                        ],
                        [
                            -0.758810167095707,
                            48.0851496891847
                        ],
                        [
                            -0.758852392794217,
                            48.085176268695
                        ],
                        [
                            -0.758897109786043,
                            48.0852000660231
                        ],
                        [
                            -0.758927453313591,
                            48.0852108089142
                        ],
                        [
                            -0.758960543737877,
                            48.085222364997
                        ],
                        [
                            -0.759013820406259,
                            48.0852341775872
                        ],
                        [
                            -0.759068182943262,
                            48.0852423519637
                        ],
                        [
                            -0.759124972826391,
                            48.0852468453018
                        ],
                        [
                            -0.759180037754316,
                            48.0852459883858
                        ],
                        [
                            -0.759240212977686,
                            48.0852413647798
                        ],
                        [
                            -0.759300004701853,
                            48.085231348093
                        ],
                        [
                            -0.759356793849975,
                            48.0852169228189
                        ],
                        [
                            -0.759414093537179,
                            48.0851907697495
                        ],
                        [
                            -0.759462002766703,
                            48.0851649164403
                        ],
                        [
                            -0.759502948851059,
                            48.0851356818816
                        ],
                        [
                            -0.759539614762416,
                            48.0851029804251
                        ],
                        [
                            -0.759570722937384,
                            48.0850677537441
                        ],
                        [
                            -0.759593973935077,
                            48.0850354805496
                        ],
                        [
                            -0.759608984255261,
                            48.0850007677966
                        ],
                        [
                            -0.759617159312556,
                            48.084964471501
                        ],
                        [
                            -0.759617285480188,
                            48.0849284321762
                        ],
                        [
                            -0.759798640917801,
                            48.0849262455343
                        ],
                        [
                            -0.759794107794512,
                            48.0849759388058
                        ],
                        [
                            -0.759781525770232,
                            48.0850258890589
                        ],
                        [
                            -0.759763513866268,
                            48.0850751117889
                        ],
                        [
                            -0.759734258675647,
                            48.0851174864229
                        ],
                        [
                            -0.759700851138526,
                            48.0851581918542
                        ],
                        [
                            -0.759660608275426,
                            48.0851973137378
                        ],
                        [
                            -0.759614743722064,
                            48.0852330115553
                        ],
                        [
                            -0.759582612765317,
                            48.0852538567798
                        ],
                        [
                            -0.759547670968014,
                            48.0852729899679
                        ],
                        [
                            -0.759509918330499,
                            48.0852904111172
                        ],
                        [
                            -0.759486538544112,
                            48.0853019681071
                        ],
                        [
                            -0.759463030912223,
                            48.0853117274091
                        ]
                    ]
                ]
            },
            "properties": {
                "Nom": "Résidence universitaire La Dormerie",
                "ObjectId": 4,
                "Shape__Area": 3885.1124267578125,
                "Shape__Length": 431.24255402103711,
                "Classe": "CROUS",
                "Code_batiment": "C7B13",
                "code_composante": "C7",
                "Etiquette": "Résidence universitaire La Dormerie",
                "Recherche": "Résidence universitaire La Dormerie",
                "Texte_fenetre": "\u003cdiv style=\"background-color: #FFFFFF; color: black; padding: 15px; border: none; border-radius: 10px; font-size: 16px; font-family: Luciole;\"\u003e\u003cfont size=\"4,5pt\"\u003e\u003cb\u003eBâtiment A :\u003c/b\u003e\u003c/font size\u003e \u003cul\u003e\u003cli\u003e\u003cb\u003eRDC :\u003c/b\u003e chambres 098 à 109\u003c/li\u003e\u003cli\u003e\u003cb\u003eÉtage 1 :\u003c/b\u003e chambres 110 à 125\u003c/li\u003e\u003cli\u003e\u003cb\u003eÉtage 2 :\u003c/b\u003e chambres 126 à 141\u003c/li\u003e\u003cli\u003e\u003cb\u003eÉtage 3 :\u003c/b\u003e chambres 142 à 150\u003c/li\u003e\u003c/ul\u003e\u003cfont size=\"4,5pt\"\u003e\u003cb\u003eBâtiment B :\u003c/b\u003e\u003c/font size\u003e \u003cul\u003e\u003cli\u003e\u003cb\u003eRDC :\u003c/b\u003e chambres 050 à 059\u003c/li\u003e\u003cli\u003e\u003cb\u003eÉtage 1 :\u003c/b\u003e chambres 060 à 073\u003c/li\u003e\u003cli\u003e\u003cb\u003eÉtage 2 :\u003c/b\u003e chambres 074 à 089\u003c/li\u003e\u003cli\u003e\u003cb\u003eÉtage 3 :\u003c/b\u003e chambres 090 à 097\u003c/li\u003e\u003c/ul\u003e\u003cfont size=\"4,5pt\"\u003e\u003cb\u003eBâtiment C :\u003c/b\u003e \u003c/font size\u003e\u003cul\u003e\u003cli\u003e\u003cb\u003eRDC :\u003c/b\u003e chambres 001 à 008\u003c/li\u003e\u003cli\u003e\u003cb\u003eÉtage 1 :\u003c/b\u003e chambres 009 à 024\u003c/li\u003e\u003cli\u003e\u003cb\u003eÉtage 2 :\u003c/b\u003e chambres 025 à 040\u003c/li\u003e\u003cli\u003e\u003cb\u003eÉtage 3 :\u003c/b\u003e chambres 041 à 049\u003c/li\u003e\u003c/br\u003e\u003c/ul\u003e\u003c/br\u003e \u003c/div\u003e",
                "nom_composante": "CROUS"
            }
        },
        {
            "type": "Feature",
            "id": 7,
            "geometry": {
                "type": "Multipolygon",
                "coordinates": [
                    [
                        [
                            -0.757830763810353,
                            48.0861250704068
                        ],
                        [
                            -0.757942363171565,
                            48.0859926832019
                        ],
                        [
                            -0.758423904218165,
                            48.0861466811544
                        ],
                        [
                            -0.758598876787606,
                            48.0861870416215
                        ],
                        [
                            -0.758527524136191,
                            48.0863181449515
                        ],
                        [
                            -0.758423460184468,
                            48.0862917371694
                        ],
                        [
                            -0.758386920560536,
                            48.0863262359362
                        ],
                        [
                            -0.757830763810353,
                            48.0861250704068
                        ]
                    ]
                ]
            },
            "properties": {
                "Nom": "Techniques de commercialisation",
                "ObjectId": 7,
                "Shape__Area": 2174.5713806152344,
                "Shape__Length": 218.44156416110252,
                "Classe": "IUT Laval",
                "Code_batiment": "C5B2",
                "code_composante": "C5",
                "Etiquette": "Techniques de commercialisation",
                "Recherche": "Techniques de commercialisation (IUT Laval)",
                "Texte_fenetre": "\u003cdiv style=\"background-color: #FFFFFF; color: black; padding: 15px; border: none; border-radius: 10px; font-size: 16px; font-family: Luciole;\"\u003e\u003cb\u003eRez-de-chaussée \u003c/b\u003e\u003cul\u003e\u003cli\u003e\u003cb\u003e Salle :\u003c/b\u003e 1 à 4 / A et B / TP étudiant\u003c/li\u003e \u003c/ul\u003e\u003cb\u003eÉtage 1\u003c/b\u003e\u003cul\u003e\u003cli\u003e \u003cb\u003eSalle :\u003c/b\u003e C à E / 5 à 8\u003c/li\u003e\u003cli\u003e Amphi 3 \u003c/li\u003e\u003cli\u003eBureaux\u003c/li\u003e\u003c/ul\u003e\u003ca href=\"https://iut-laval.univ-lemans.fr/fr/departements/techniques-de-commercialisation.html\"style=\"color:#282F63;text-decoration: underline\"\u003ePlus d'informations\u003c/a\u003e\u003c/div\u003e",
                "nom_composante": "IUT Laval"
            }
        },
        {
            "type": "Feature",
            "id": 8,
            "geometry": {
                "type": "Multipolygon",
                "coordinates": [
                    [
                        [
                            -0.758605333001186,
                            48.0863534985589
                        ],
                        [
                            -0.758667422228249,
                            48.0862055741045
                        ],
                        [
                            -0.758826935538912,
                            48.0862365179706
                        ],
                        [
                            -0.758854020316983,
                            48.0862014199638
                        ],
                        [
                            -0.759038512442384,
                            48.0862621962073
                        ],
                        [
                            -0.759097344719581,
                            48.0861819415465
                        ],
                        [
                            -0.759314161936321,
                            48.0862624057802
                        ],
                        [
                            -0.759121374648042,
                            48.0864820688427
                        ],
                        [
                            -0.759047653717197,
                            48.0864474859537
                        ],
                        [
                            -0.759025806572342,
                            48.0864616965445
                        ],
                        [
                            -0.758833583645049,
                            48.0863867529278
                        ],
                        [
                            -0.758817166446689,
                            48.0864016910428
                        ],
                        [
                            -0.758605333001186,
                            48.0863534985589
                        ]
                    ]
                ]
            },
            "properties": {
                "Nom": "Métiers du multimédia et de l'internet",
                "ObjectId": 8,
                "Shape__Area": 2252.30126953125,
                "Shape__Length": 224.70358013760011,
                "Classe": "IUT Laval",
                "Code_batiment": "C5B1",
                "code_composante": "C5",
                "Etiquette": "Métiers du multimédia et de l'internet",
                "Recherche": "Métiers du multimédia et de l'internet (IUT Laval)",
                "Texte_fenetre": "\u003cdiv style=\"background-color: #FFFFFF; color: black; padding: 15px; border: none; border-radius: 10px; font-size: 16px; font-family: Luciole;\"\u003e\u003cb\u003eRez-de-chaussée\u003c/b\u003e\u003cul\u003e\u003cli\u003e \u003cb\u003eSalle TD :\u003c/b\u003e 1 à 4 \u003c/li\u003e\u003cli\u003e\u003cb\u003eSalle : \u003c/b\u003e Hip hop - Tango - Fox - N'Roll - Tecktonik\u003c/li\u003e\u003cli\u003e Salle de réunion - Bureaux \u003c/li\u003e\u003c/ul\u003e\u003cb\u003eÉtage 1\u003c/b\u003e \u003cbr\u003e \u003cul\u003e\u003cli\u003e\u003cb\u003eSalles :\u003c/b\u003e Java, Rock, Mambo, Salsa, Samba, Studio son \u003c/li\u003e\u003cli\u003eBureaux\u003c/li\u003e\u003c/ul\u003e\u003ca href=\"https://iut-laval.univ-lemans.fr/fr/departements/metiers-du-multimedia-et-de-l-internet.html\"style=\"color:#282F63;\"\u003ePlus d'informations\u003c/a\u003e\u003c/div\u003e",
                "nom_composante": "IUT Laval"
            }
        },
        {
            "type": "Feature",
            "id": 9,
            "geometry": {
                "type": "Multipolygon",
                "coordinates": [
                    [
                        [
                            -0.759116149732641,
                            48.0855624709211
                        ],
                        [
                            -0.759108674481162,
                            48.0856493798148
                        ],
                        [
                            -0.759045454644727,
                            48.0856469386419
                        ],
                        [
                            -0.759052974839978,
                            48.0855600314449
                        ],
                        [
                            -0.759116149732641,
                            48.0855624709211
                        ]
                    ]
                ]
            },
            "properties": {
                "Nom": "Annexe 1",
                "ObjectId": 9,
                "Shape__Area": 102.22488403320313,
                "Shape__Length": 43.106645293969649,
                "Classe": "UFR Droit, sciences économiques et gestion",
                "Code_batiment": "C3B6",
                "code_composante": "C3",
                "Etiquette": "Annexe 1",
                "Recherche": "Annexe 1 (Droit-Laval)",
                "Texte_fenetre": null,
                "nom_composante": "UFR Droit, sciences économiques et gestion"
            }
        },
        {
            "type": "Feature",
            "id": 10,
            "geometry": {
                "type": "Multipolygon",
                "coordinates": [
                    [
                        [
                            -0.757562714471238,
                            48.0856642648223
                        ],
                        [
                            -0.757590182222778,
                            48.0854832121754
                        ],
                        [
                            -0.758435581183751,
                            48.0855355109928
                        ],
                        [
                            -0.758436666664078,
                            48.0855129543127
                        ],
                        [
                            -0.758605312137183,
                            48.0855210849213
                        ],
                        [
                            -0.75844880862469,
                            48.0857215712704
                        ],
                        [
                            -0.757950408380102,
                            48.0856897304568
                        ],
                        [
                            -0.757820729868916,
                            48.0856812563232
                        ],
                        [
                            -0.757562714471238,
                            48.0856642648223
                        ]
                    ]
                ]
            },
            "properties": {
                "Nom": "Génie biologique",
                "ObjectId": 10,
                "Shape__Area": 3288.5741271972656,
                "Shape__Length": 284.20030977819312,
                "Classe": "IUT Laval",
                "Code_batiment": "C5B5",
                "code_composante": "C5",
                "Etiquette": "Génie biologique",
                "Recherche": "Génie biologique (IUT Laval)",
                "Texte_fenetre": "\u003cdiv style=\"background-color: #FFFFFF; color: black; padding: 15px; border: none; border-radius: 10px; font-size: 16px; font-family: Luciole;\"\u003e\u003cb\u003eRez-de-chaussée\u003c/b\u003e\u003cul\u003e\u003cli\u003e E100 à E106 - Scolarité \u003c/li\u003e\u003c/ul\u003e\u003cb\u003eÉtage 1\u003c/b\u003e\u003cul\u003e\u003cli\u003e E200 à E215\u003c/li\u003e\u003c/ul\u003e\u003ca href=\"https://iut-laval.univ-lemans.fr/fr/departements/genie-biologique.html\"style=\"color:#282F63;text-decoration: underline\"\u003ePlus d'informations\u003c/a\u003e\u003c/div\u003e",
                "nom_composante": "IUT Laval"
            }
        },
        {
            "type": "Feature",
            "id": 11,
            "geometry": {
                "type": "Multipolygon",
                "coordinates": [
                    [
                        [
                            -0.758440870042602,
                            48.0878415969037
                        ],
                        [
                            -0.758433526952562,
                            48.0880030887771
                        ],
                        [
                            -0.757602654264385,
                            48.0879854595786
                        ],
                        [
                            -0.757603548250414,
                            48.087922369486
                        ],
                        [
                            -0.757444669496133,
                            48.0879193308768
                        ],
                        [
                            -0.757314218689375,
                            48.0874460268211
                        ],
                        [
                            -0.757512128604535,
                            48.0874496219621
                        ],
                        [
                            -0.758170380473697,
                            48.0874601481089
                        ],
                        [
                            -0.758330599435747,
                            48.0874631429267
                        ],
                        [
                            -0.758329130839598,
                            48.0874992250039
                        ],
                        [
                            -0.758319489994056,
                            48.0877797063964
                        ],
                        [
                            -0.758419148334523,
                            48.0877819311768
                        ],
                        [
                            -0.758415316602533,
                            48.0878415115488
                        ],
                        [
                            -0.758440870042602,
                            48.0878415969037
                        ]
                    ],
                    [
                        [
                            -0.758184501398089,
                            48.0876209550116
                        ],
                        [
                            -0.757691769213254,
                            48.0876123545703
                        ],
                        [
                            -0.757685956947698,
                            48.0877575816691
                        ],
                        [
                            -0.758180032037035,
                            48.0877661393217
                        ],
                        [
                            -0.758184501398089,
                            48.0876209550116
                        ]
                    ]
                ]
            },
            "properties": {
                "Nom": "ESTACA",
                "ObjectId": 11,
                "Shape__Area": 8243.1323852539063,
                "Shape__Length": 576.00175141168279,
                "Classe": "Autres écoles",
                "Code_batiment": "C8B17",
                "code_composante": "C8",
                "Etiquette": "ESTACA",
                "Recherche": "École supérieure des techniques aéronautiques et de construction automobile (ESTACA)",
                "Texte_fenetre": "\u003cdiv style=\"background-color: #FFFFFF; color: black; padding: 15px; border: none; border-radius: 10px; font-size: 16px; font-family: Luciole;\"\u003e\u003ca href=\"https://www.estaca.fr/vie-etudiante/campus-laval/\"style=\"color:black;\"\u003eÉcole supérieure des techniques aéronautiques et de construction automobile\u003c/a\u003e\u003c/div\u003e",
                "nom_composante": "Autres écoles"
            }
        },
        {
            "type": "Feature",
            "id": 12,
            "geometry": {
                "type": "Multipolygon",
                "coordinates": [
                    [
                        [
                            -0.757458369080781,
                            48.0852325010165
                        ],
                        [
                            -0.757509819700823,
                            48.0853173114323
                        ],
                        [
                            -0.757251295341841,
                            48.085387721191
                        ],
                        [
                            -0.75719952195426,
                            48.0853023788466
                        ],
                        [
                            -0.757261515474819,
                            48.0852855957745
                        ],
                        [
                            -0.757250103930253,
                            48.0852666718158
                        ],
                        [
                            -0.757324802454488,
                            48.0852465703139
                        ],
                        [
                            -0.757336209946028,
                            48.0852653742556
                        ],
                        [
                            -0.757458369080781,
                            48.0852325010165
                        ]
                    ]
                ]
            },
            "properties": {
                "Nom": "Centre de santé",
                "ObjectId": 12,
                "Shape__Area": 506.06954956054688,
                "Shape__Length": 99.525222350006544,
                "Classe": "Services centraux",
                "Code_batiment": "C9B15",
                "code_composante": "C9",
                "Etiquette": "Centre de santé",
                "Recherche": "Centre de santé (IUT Laval)",
                "Texte_fenetre": "\u003cdiv style=\"background-color: #FFFFFF; color: black; padding: 15px; border: none; border-radius: 10px; font-size: 16px; font-family: Luciole;\"\u003eL'équipe de professionnels du Service de santé étudiante est à votre disposition pour répondre à vos questions et vous apporter un soutien au sujet de votre santé ou de votre vie étudiante.\u003cbr\u003e\u003cbr\u003e\u003cb\u003eHoraires d'ouverture :\u003c/b\u003e Lundi au Vendredi 8h30-12h30 - 13h30-17h00 sauf vendredi 16h00 \u003cbr\u003e\u003cbr\u003e\u003cb\u003eContact \u003c/b\u003e\u003cul\u003e\u003cli\u003e\u003ca href=\"mailto:accueil-sse@univ-lemans.fr\"style=\"color:#282F63;\"\u003eaccueil-sse@univ-lemans.fr\u003c/a\u003e \u003c/li\u003e\u003cli\u003e 02 43 83 39 20\u003c/li\u003e\u003c/ul\u003e\u003ca href=\"https://iut-laval.univ-lemans.fr/fr/campus-et-moi/centre-de-sante.html\"style=\"color:#282F63;text-decoration : underline;\"\u003ePlus d'informations\u003c/a\u003e \u003c/div\u003e",
                "nom_composante": "Services centraux"
            }
        },
        {
            "type": "Feature",
            "id": 13,
            "geometry": {
                "type": "Multipolygon",
                "coordinates": [
                    [
                        [
                            -0.757823316061282,
                            48.0856823835574
                        ],
                        [
                            -0.75795040831337,
                            48.0856897305609
                        ],
                        [
                            -0.75794413325649,
                            48.0857334940492
                        ],
                        [
                            -0.758107556894241,
                            48.0857441738035
                        ],
                        [
                            -0.75808660548687,
                            48.085903397379
                        ],
                        [
                            -0.757808338852878,
                            48.0858852506942
                        ],
                        [
                            -0.757783619012883,
                            48.0860671169119
                        ],
                        [
                            -0.757622957120965,
                            48.0860578293681
                        ],
                        [
                            -0.757672398597548,
                            48.0857130158933
                        ],
                        [
                            -0.757817397359245,
                            48.0857224915837
                        ],
                        [
                            -0.757823316061282,
                            48.0856823835574
                        ]
                    ]
                ]
            },
            "properties": {
                "Nom": "Administration IUT",
                "ObjectId": 13,
                "Shape__Area": 1956.5657043457031,
                "Shape__Length": 226.60594782719951,
                "Classe": "IUT Laval",
                "Code_batiment": "C5B4",
                "code_composante": "C5",
                "Etiquette": "Administration IUT",
                "Recherche": "Administration (IUT Laval)",
                "Texte_fenetre": "\u003cdiv style=\"background-color: #FFFFFF; color: black; padding: 15px; border: none; border-radius: 10px; font-size: 16px; font-family: Luciole;\"\u003e\u003cb\u003eRez-de-chaussée \u003c/b\u003e\u003cul\u003e\u003cli\u003e Amphi 1 et 2 / Cafétéria CROUS / Scolarité\u003c/li\u003e\u003c/ul\u003e\u003ca href=\"https://iut-laval.univ-lemans.fr/fr/index.html#\"style=\"color:#282F63;text-decoration: underline\"\u003ePlus d'informations\u003c/a\u003e \u003c/div\u003e",
                "nom_composante": "IUT Laval"
            }
        },
        {
            "type": "Feature",
            "id": 14,
            "geometry": {
                "type": "Multipolygon",
                "coordinates": [
                    [
                        [
                            -0.759385322317522,
                            48.086166442424
                        ],
                        [
                            -0.759362260956819,
                            48.0861635750991
                        ],
                        [
                            -0.759356447493696,
                            48.0861574545141
                        ],
                        [
                            -0.759354275063975,
                            48.0861458124053
                        ],
                        [
                            -0.759344815401188,
                            48.0860127839132
                        ],
                        [
                            -0.759299268061919,
                            48.0860151388135
                        ],
                        [
                            -0.759297541616866,
                            48.085971951609
                        ],
                        [
                            -0.759528216777241,
                            48.0859636866435
                        ],
                        [
                            -0.759529814766327,
                            48.0859861576716
                        ],
                        [
                            -0.759697567001484,
                            48.085981702939
                        ],
                        [
                            -0.759697821826401,
                            48.0859663798119
                        ],
                        [
                            -0.759758061747319,
                            48.0859626547847
                        ],
                        [
                            -0.759759212369589,
                            48.0859788339228
                        ],
                        [
                            -0.759812808694109,
                            48.0859762218598
                        ],
                        [
                            -0.759830567897398,
                            48.0859801592622
                        ],
                        [
                            -0.759843152852736,
                            48.0859869645096
                        ],
                        [
                            -0.759847816621879,
                            48.0859958244254
                        ],
                        [
                            -0.759854722376962,
                            48.086130736223
                        ],
                        [
                            -0.759854147970226,
                            48.0861415651446
                        ],
                        [
                            -0.759845460574517,
                            48.0861517522128
                        ],
                        [
                            -0.759834920264725,
                            48.0861547913847
                        ],
                        [
                            -0.759817736324624,
                            48.0861589435512
                        ],
                        [
                            -0.759385322317522,
                            48.086166442424
                        ]
                    ]
                ]
            },
            "properties": {
                "Nom": "Informatique",
                "ObjectId": 14,
                "Shape__Area": 1784.4819946289063,
                "Shape__Length": 189.54470643287732,
                "Classe": "IUT Laval",
                "Code_batiment": "C5B3",
                "code_composante": "C5",
                "Etiquette": "Informatique",
                "Recherche": "Informatique (IUT Laval)",
                "Texte_fenetre": "\u003cdiv style=\"background-color: #FFFFFF; color: black; padding: 15px; border: none; border-radius: 10px; font-size: 16px; font-family: Luciole;\"\u003e\u003cb\u003eRez-de-chaussée\u003c/b\u003e\u003cul\u003e\u003cli\u003e \u003cb\u003eSalle TD :\u003c/b\u003e Mordor et Arrakis  \u003c/li\u003e\u003cli\u003e Salle de réunion - Bureaux \u003c/li\u003e\u003c/ul\u003e\u003cb\u003eÉtage 1\u003c/b\u003e \u003cbr\u003e \u003cul\u003e\u003cli\u003e\u003cb\u003eSalle TDm :\u003c/b\u003e LV426, Tatooine, Vulcain, Westeros \u003c/li\u003e\u003cli\u003e\u003cb\u003eSalle TP : \u003c/b\u003eAzeroth, Gotham, Hyrule, Tamriel\u003c/li\u003e\u003c/ul\u003e\u003ca href=\"https://iut-laval.univ-lemans.fr/fr/departements/informatique.html\"style=\"color:#282F63;\"\u003ePlus d'informations\u003c/a\u003e\u003c/div\u003e",
                "nom_composante": "IUT Laval"
            }
        },
        {
            "type": "Feature",
            "id": 16,
            "geometry": {
                "type": "Multipolygon",
                "coordinates": [
                    [
                        [
                            -0.758909758959413,
                            48.0854947489009
                        ],
                        [
                            -0.758879451471118,
                            48.0855450790878
                        ],
                        [
                            -0.758758928001695,
                            48.0855124969291
                        ],
                        [
                            -0.758789134415706,
                            48.0854623345597
                        ],
                        [
                            -0.758909758959413,
                            48.0854947489009
                        ]
                    ]
                ]
            },
            "properties": {
                "Nom": "Annexe 2",
                "ObjectId": 16,
                "Shape__Area": 130.62594604492188,
                "Shape__Length": 46.997445928661996,
                "Classe": "UFR Droit, sciences économiques et gestion",
                "Code_batiment": "C3B7",
                "code_composante": "C3",
                "Etiquette": "Annexe 2",
                "Recherche": "Annexe 2 (Droit-Laval)",
                "Texte_fenetre": null,
                "nom_composante": "UFR Droit, sciences économiques et gestion"
            }
        },
        {
            "type": "Feature",
            "id": 17,
            "geometry": {
                "type": "Multipolygon",
                "coordinates": [
                    [
                        [
                            -0.756243030753848,
                            48.0849560125877
                        ],
                        [
                            -0.756247759086048,
                            48.0849580128192
                        ],
                        [
                            -0.756509190569539,
                            48.0850744346309
                        ],
                        [
                            -0.756457526069361,
                            48.0851347757744
                        ],
                        [
                            -0.756418805844953,
                            48.0851191097782
                        ],
                        [
                            -0.75639091412736,
                            48.0851654789337
                        ],
                        [
                            -0.75643000492791,
                            48.0851734507809
                        ],
                        [
                            -0.756483608281486,
                            48.0851468500916
                        ],
                        [
                            -0.756583296280593,
                            48.0851750139779
                        ],
                        [
                            -0.756496984726191,
                            48.0853157421062
                        ],
                        [
                            -0.756328680640289,
                            48.0852642615376
                        ],
                        [
                            -0.756304732901011,
                            48.0853015933473
                        ],
                        [
                            -0.756133334853052,
                            48.0852517476651
                        ],
                        [
                            -0.75615107238681,
                            48.0852238327809
                        ],
                        [
                            -0.75608500531076,
                            48.0852363880649
                        ],
                        [
                            -0.756049313819148,
                            48.0852246201588
                        ],
                        [
                            -0.75603432281764,
                            48.085207275291
                        ],
                        [
                            -0.756005429344456,
                            48.0852137281488
                        ],
                        [
                            -0.75588371224446,
                            48.0851788913501
                        ],
                        [
                            -0.755907028551504,
                            48.085132668261
                        ],
                        [
                            -0.755859178551362,
                            48.0851176005711
                        ],
                        [
                            -0.755921935673409,
                            48.0850197234072
                        ],
                        [
                            -0.756109021379356,
                            48.0850709127545
                        ],
                        [
                            -0.756125973408406,
                            48.0850900388245
                        ],
                        [
                            -0.756218231721676,
                            48.0850717313842
                        ],
                        [
                            -0.756224463908066,
                            48.085056167919
                        ],
                        [
                            -0.756170425795657,
                            48.0850314643479
                        ],
                        [
                            -0.756243030753848,
                            48.0849560125877
                        ]
                    ]
                ]
            },
            "properties": {
                "Nom": "Cerium²",
                "ObjectId": 17,
                "Shape__Area": 2574.2688598632813,
                "Shape__Length": 290.31276572446427,
                "Classe": "Services centraux",
                "Code_batiment": "C9B14",
                "code_composante": "C9",
                "Etiquette": "Cerium²",
                "Recherche": "Cerium² (Laval)",
                "Texte_fenetre": null,
                "nom_composante": "Services centraux"
            }
        },
        {
            "type": "Feature",
            "id": 18,
            "geometry": {
                "type": "Multipolygon",
                "coordinates": [
                    [
                        [
                            0.155925086220844,
                            48.0179127977209
                        ],
                        [
                            0.155922139746698,
                            48.0179676557703
                        ],
                        [
                            0.155884704253856,
                            48.0179649500036
                        ],
                        [
                            0.155816595785655,
                            48.018033541114
                        ],
                        [
                            0.155817308149686,
                            48.0180452648844
                        ],
                        [
                            0.155808749597777,
                            48.0180454562864
                        ],
                        [
                            0.155806603367768,
                            48.0180854151321
                        ],
                        [
                            0.155911652028043,
                            48.0180879545342
                        ],
                        [
                            0.155911307860997,
                            48.0180943621623
                        ],
                        [
                            0.156456866411142,
                            48.0181075502616
                        ],
                        [
                            0.156434644785976,
                            48.0180214670278
                        ],
                        [
                            0.156466621216824,
                            48.0179258885239
                        ],
                        [
                            0.155925086220844,
                            48.0179127977209
                        ]
                    ]
                ]
            },
            "properties": {
                "Nom": "SFC-A",
                "ObjectId": 18,
                "Shape__Area": 1973.841194152832,
                "Shape__Length": 201.29134028008295,
                "Classe": "Services centraux",
                "Code_batiment": "C9B13",
                "code_composante": "C9",
                "Etiquette": "SFC-A",
                "Recherche": "SFC-A",
                "Texte_fenetre": "\u003cdiv style=\"background-color: #FFFFFF; color: black; padding: 15px; border: none; border-radius: 10px; font-size: 16px; font-family: Luciole;\"\u003e   Le Service Formation Continue et Apprentissage (SFC-A) vous aide à choisir la formation la plus adaptée à votre projet. Il propose des formations flexibles, diplômantes ou qualifiantes, accessibles en formation continue.\u003cbr\u003e\u003cbr\u003e\u003cb\u003eHoraire d'ouverture \u003c/b\u003e \u003cul\u003e\u003cli\u003e\u003cb\u003eLundi au vendredi :\u003c/b\u003e\u003cul\u003e\u003cli\u003e 9h à 12h \u003c/li\u003e\u003cli\u003e 14h à 17h \u003c/li\u003e\u003c/ul\u003e\u003c/li\u003e\u003c/ul\u003e\u003cb\u003eContact\u003c/b\u003e\u003cul\u003e\u003cli\u003e\u003ca href=\"mailto:sfc@univ-lemans.fr\"style=\"color: #282F63; text-decoration: underline;\"\u003esfc@univ-lemans.fr\u003c/a\u003e\u003c/li\u003e\u003cli\u003e 02 43 83 30 70 \u003c/li\u003e\u003c/ul\u003e\u003ca href=\"https://www.univ-lemans.fr/fr/formation/formation-continue/reprendre-ses-etudes.html\"style=\"color: #282F63; text-decoration: underline;\"\u003ePlus d'informations\u003c/a\u003e\u003c/div\u003e",
                "nom_composante": "Services centraux"
            }
        },
        {
            "type": "Feature",
            "id": 22,
            "geometry": {
                "type": "Multipolygon",
                "coordinates": [
                    [
                        [
                            0.160288841156067,
                            48.0170051691731
                        ],
                        [
                            0.16044035601011,
                            48.0170079259824
                        ],
                        [
                            0.160446056171535,
                            48.0168765930168
                        ],
                        [
                            0.161027986863292,
                            48.0168870360212
                        ],
                        [
                            0.161031274907632,
                            48.0168006689965
                        ],
                        [
                            0.161064785104369,
                            48.01680147768
                        ],
                        [
                            0.161066472538056,
                            48.016770001494
                        ],
                        [
                            0.160298130189262,
                            48.0167568599979
                        ],
                        [
                            0.16029731035734,
                            48.016772148426
                        ],
                        [
                            0.160288841156067,
                            48.0170051691731
                        ]
                    ]
                ]
            },
            "properties": {
                "Nom": "ETN@",
                "ObjectId": 22,
                "Shape__Area": 1986.8447494506836,
                "Shape__Length": 253.78979810119989,
                "Classe": "Services centraux",
                "Code_batiment": "C9B7",
                "code_composante": "C9",
                "Etiquette": "ETN@",
                "Recherche": "ETN@",
                "Texte_fenetre": "\u003cdiv style=\"text-align: center; margin-top: 10px;\"\u003e\u003ca style=\"background-color: #282F63; color: white; padding: 10px 20px; border: none; border-radius: 5px; cursor: pointer; font-size: 16px; margin: 5px; text-decoration: none; display: inline-block;font-family: Luciole\"\u003eAccueil ETN@\u003c/a\u003e  \u003ca style=\"background-color: #282F63; color: white; padding: 10px 20px; border: none; border-radius: 5px; cursor: pointer; font-size: 16px; margin: 5px; text-decoration: none; display: inline-block;font-family: Luciole\"\u003eDirection du numérique\u003c/a\u003e  \u003ca style=\"background-color: #282F63; color: white; padding: 10px 20px; border: none; border-radius: 5px; cursor: pointer; font-size: 16px; margin: 5px; text-decoration: none; display: inline-block;font-family: Luciole\"\u003eService APPUI\u003c/a\u003e\u003c/div\u003e",
                "nom_composante": "Services centraux"
            }
        },
        {
            "type": "Feature",
            "id": 26,
            "geometry": {
                "type": "Multipolygon",
                "coordinates": [
                    [
                        [
                            0.160381722196367,
                            48.0161909329784
                        ],
                        [
                            0.159981510632962,
                            48.0161836648777
                        ],
                        [
                            0.15997820573104,
                            48.0162655773238
                        ],
                        [
                            0.160378447410919,
                            48.0162716193801
                        ],
                        [
                            0.160381722196367,
                            48.0161909329784
                        ]
                    ]
                ]
            },
            "properties": {
                "Nom": "SUIO-IP",
                "ObjectId": 26,
                "Shape__Area": 603.18946075439453,
                "Shape__Length": 116.20288662258061,
                "Classe": "Services centraux",
                "Code_batiment": "C9B12",
                "code_composante": "C9",
                "Etiquette": "SUIO-IP",
                "Recherche": "SUIO-IP",
                "Texte_fenetre": "\u003cdiv style=\"background-color: #FFFFFF; color: black; padding: 15px; border: none; border-radius: 10px; font-size: 16px; font-family: Luciole;\"\u003e   Le Service Universitaire d’Information, d’Orientation et d’Insertion Professionnelle (SUIO-IP) de Le Mans Université est là pour vous accompagner dans la construction votre projet d'études, qu'il s'agisse de réflexion, d'orientation ou de réorientation.\u003cbr\u003e\u003cbr\u003e\u003cb\u003eHoraires d'ouverture \u003c/b\u003e \u003cul\u003e\u003cli\u003e\u003cb\u003eLundi au jeudi : \u003c/b\u003e09h00 - 12h00 / 13h00 - 17h30 \u003c/li\u003e\u003cli\u003e\u003cb\u003eVendredi :\u003c/b\u003e 09h00 - 12h00 / 13h00 - 16h00 \u003c/li\u003e\u003c/ul\u003e\u003cb\u003eContact\u003c/b\u003e\u003cul\u003e\u003cli\u003e\u003ca href=\"mailto:accueil.suioip@univ-lemans.fr\"style=\"color: #282F63; text-decoration: underline;\"\u003eaccueil.suioip@univ-lemans.fr\u003c/a\u003e \u003c/li\u003e\u003cli\u003e 02 44 02 20 64 - 02 44 02 20 82\u003c/li\u003e\u003c/ul\u003e\u003cbr\u003e\u003ca href=\"https://mon-ent-etudiant.univ-lemans.fr/fr/pour-reussir/information-orientation.html\"style=\"color: #282F63; text-decoration: underline;\"\u003e Plus d'informations\u003c/a\u003e\u003c/div\u003e",
                "nom_composante": "Services centraux"
            }
        },
        {
            "type": "Feature",
            "id": 27,
            "geometry": {
                "type": "Multipolygon",
                "coordinates": [
                    [
                        [
                            0.160571203646028,
                            48.0154937694066
                        ],
                        [
                            0.160494850522922,
                            48.0154910259522
                        ],
                        [
                            0.160486874422487,
                            48.0156898403904
                        ],
                        [
                            0.161163217687034,
                            48.015891663474
                        ],
                        [
                            0.161155964273746,
                            48.0155763191601
                        ],
                        [
                            0.161139715422295,
                            48.0155038883389
                        ],
                        [
                            0.160571203646028,
                            48.0154937694066
                        ]
                    ]
                ]
            },
            "properties": {
                "Nom": "Maison de l'université",
                "ObjectId": 27,
                "Shape__Area": 3609.1613464355469,
                "Shape__Length": 252.03288481390567,
                "Classe": "Services centraux",
                "Code_batiment": "C9B9",
                "code_composante": "C9",
                "Etiquette": "Maison de l'université",
                "Recherche": "Maison de l'université",
                "Texte_fenetre": "\u003cdiv style=\"text-align: center; margin-top: 10px;\"\u003e\u003cdiv style=\"background-color: #FFFFFF; color: black; padding: 15px; border: none; border-radius: 10px; font-size: 15px; font-family: Luciole;\"\u003e  \u003cfont size=\"4,5pt\"\u003e\u003cb\u003e Accueil Maison de l'Université\u003c/b\u003e\u003c/font size\u003e\u003cbr\u003e\u003cbr\u003e   \u003cb\u003eLundi au jeudi :\u003c/b\u003e 08h30 - 17h30\u003cbr\u003e   \u003cb\u003eVendredi :\u003c/b\u003e 08h30 - 17h00\u003cbr\u003e\u003cbr\u003e \u003c/div\u003e  \u003cdiv style=\"text-align: center; margin-top: 10px;\"\u003e   \u003ca href=\"https://www.univ-lemans.fr/fr/universite/organisation-et-fonctionnement/presidence.html\" style=\"background-color: #FFFFFF; color: black; padding: 15px; border: none; border-radius: 10px; cursor: pointer; font-size: 15px; text-decoration: underline; display: inline-block; margin-right: 5px;font-family: Luciole\"\u003e  Présidence \u003c/a\u003e   \u003ca style=\"background-color: #FFFFFF; color: black; padding: 15px; border: none; border-radius: 10px; cursor: pointer; font-size: 15px; text-decoration: none; display: inline-block;margin-top: 10px;font-family: Luciole\"\u003e Services centraux et communs \u003c/a\u003e \u003c/div\u003e\u003c/div\u003e",
                "nom_composante": "Services centraux"
            }
        },
        {
            "type": "Feature",
            "id": 38,
            "geometry": {
                "type": "Multipolygon",
                "coordinates": [
                    [
                        [
                            0.162249114429939,
                            48.0158665368476
                        ],
                        [
                            0.162248301454599,
                            48.0158944332704
                        ],
                        [
                            0.162696654206193,
                            48.0159052465554
                        ],
                        [
                            0.163094032955256,
                            48.0159148303869
                        ],
                        [
                            0.16309492408401,
                            48.0158842341082
                        ],
                        [
                            0.163099132691145,
                            48.0157555669345
                        ],
                        [
                            0.163095023797021,
                            48.0157320552545
                        ],
                        [
                            0.16307674038603,
                            48.0157226095976
                        ],
                        [
                            0.163060510523803,
                            48.0157249194842
                        ],
                        [
                            0.163050309255431,
                            48.0157399818172
                        ],
                        [
                            0.163040540975027,
                            48.0157469499323
                        ],
                        [
                            0.163036375487053,
                            48.0157495512576
                        ],
                        [
                            0.163038631156731,
                            48.0157324963202
                        ],
                        [
                            0.162996124674141,
                            48.0157242675001
                        ],
                        [
                            0.162961370652401,
                            48.0157216283164
                        ],
                        [
                            0.162929442730597,
                            48.0157163559577
                        ],
                        [
                            0.162889327563246,
                            48.0157135875786
                        ],
                        [
                            0.162838489206377,
                            48.0157105602083
                        ],
                        [
                            0.162794015413309,
                            48.0157139901864
                        ],
                        [
                            0.162753611886757,
                            48.0157166173523
                        ],
                        [
                            0.162715791914991,
                            48.0157211079309
                        ],
                        [
                            0.162677875823468,
                            48.0157273976247
                        ],
                        [
                            0.16266566771878,
                            48.015729804858
                        ],
                        [
                            0.16232789129047,
                            48.01572165716
                        ],
                        [
                            0.16232469328807,
                            48.0158314391554
                        ],
                        [
                            0.162390324202709,
                            48.0158339226988
                        ],
                        [
                            0.162389320139954,
                            48.0158683761118
                        ],
                        [
                            0.162249114429939,
                            48.0158665368476
                        ]
                    ]
                ]
            },
            "properties": {
                "Nom": "Administration sciences",
                "ObjectId": 38,
                "Shape__Area": 2609.1071166992188,
                "Shape__Length": 268.3009033438932,
                "Classe": "UFR Sciences et techniques",
                "Code_batiment": "C2B9",
                "code_composante": "C2",
                "Etiquette": "Administration sciences",
                "Recherche": "Administration sciences",
                "Texte_fenetre": "\u003cdiv style=\"background-color: #FFFFFF; color: black; padding: 15px; border: none; border-radius: 10px; font-size: 16px; font-family: Luciole;\"\u003e   \u003cb\u003eRez-de-chaussée \u003c/b\u003e\u003cbr\u003eScolarité - Salle d'examen - Cafétéria CROUS \u003cbr\u003e\u003cbr\u003e\u003cb\u003eÉtage 1 \u003c/b\u003e\u003cbr\u003eA101 à A106\u003cbr\u003e\u003cbr\u003e\u003cb\u003eÉtage 2 \u003c/b\u003e\u003cbr\u003eA201 à A211\u003cbr\u003e\u003cbr\u003e\u003cb\u003eÉtage 3 \u003c/b\u003e\u003cbr\u003eA301 à A302 - Administration - Salle du conseil - Antenne financière\u003cbr\u003e\u003cbr\u003e\u003ca href=\"https://sciences.univ-lemans.fr/fr/index.html\"style=\"color:#282F63;\"\u003ePlus d'informations\u003c/a\u003e\u003c/div\u003e",
                "nom_composante": "UFR Sciences et techniques"
            }
        },
        {
            "type": "Feature",
            "id": 41,
            "geometry": {
                "type": "Multipolygon",
                "coordinates": [
                    [
                        [
                            0.16096145115814,
                            48.0176400254981
                        ],
                        [
                            0.160828024566224,
                            48.0176377152338
                        ],
                        [
                            0.160818458406766,
                            48.0178662071501
                        ],
                        [
                            0.161082620592465,
                            48.0178707810641
                        ],
                        [
                            0.161084259119571,
                            48.0178402039727
                        ],
                        [
                            0.161127153674374,
                            48.017841239293
                        ],
                        [
                            0.161134770489663,
                            48.0176991466463
                        ],
                        [
                            0.161144142613014,
                            48.0174742526996
                        ],
                        [
                            0.160968498618771,
                            48.0174709141734
                        ],
                        [
                            0.16096145115814,
                            48.0176400254981
                        ]
                    ]
                ]
            },
            "properties": {
                "Nom": "EVE",
                "ObjectId": 41,
                "Shape__Area": 1832.1369094848633,
                "Shape__Length": 201.00442613267626,
                "Classe": "Services centraux",
                "Code_batiment": "C9B5",
                "code_composante": "C9",
                "Etiquette": "\u003cb\u003eEve-Scène universitaire / Service culture\u003c/b\u003e",
                "Recherche": "EVE",
                "Texte_fenetre": "\u003cdiv style=\"background-color: #FFFFFF; color: black; padding: 15px; border: none; border-radius: 10px; font-size: 16px; font-family: Luciole;\"\u003e \u003cfont size=\"4,5pt\"\u003e\u003cb\u003eEVE - Scène universitaire\u003c/b\u003e \u003c/font size\u003e \u003cbr\u003e\u003cbr\u003eLe lieu pour faire des pratiques artistiques et découvrir des spectacles.\u003cbr\u003e\u003cbr\u003e\u003cb\u003eHoraires d'ouverture :\u003c/b\u003e\u003cul\u003e\u003cli\u003e\u003cb\u003eLundi :\u003c/b\u003e 09h00 - 12h30 / 14h00 - 18h30\u003c/li\u003e\u003cli\u003e\u003cb\u003eMardi au jeudi :\u003c/b\u003e 09h00 - 13h00 / 14h00 - 18h00 \u003c/li\u003e\u003cli\u003e \u003cb\u003eVendredi :\u003c/b\u003e 09h00 - 12h30 / 14h00 - 17h00\u003c/li\u003e\u003c/ul\u003e\u003cb\u003eContact :\u003c/b\u003e\u003cul\u003e\u003cli\u003e \u003ca href=\"mailto:culture@univ-lemans.fr\" style=\"color: #282F63; text-decoration: underline;\"\u003eculture@univ-lemans.fr\u003c/a\u003e \u003c/li\u003e\u003cli\u003e 02 43 83 27 70 \u003c/li\u003e\u003c/ul\u003e\u003cbr\u003eToutes nos actus et activités en détail sur : \u003ca href=\"https://eve.univ-lemans.fr/fr/index.html\"style=\"color: #282F63; text-decoration: underline;\"\u003eEVE\u003c/a\u003e\u003c/div\u003e",
                "nom_composante": "Services centraux"
            }
        },
        {
            "type": "Feature",
            "id": 45,
            "geometry": {
                "type": "Multipolygon",
                "coordinates": [
                    [
                        [
                            0.157009449749879,
                            48.016989897124
                        ],
                        [
                            0.156769468068543,
                            48.0169849977908
                        ],
                        [
                            0.15674541199376,
                            48.0175580250553
                        ],
                        [
                            0.156988077117946,
                            48.017562989223
                        ],
                        [
                            0.157009449749879,
                            48.016989897124
                        ]
                    ]
                ]
            },
            "properties": {
                "Nom": "Enseignement",
                "ObjectId": 45,
                "Shape__Area": 2564.0585250854492,
                "Shape__Length": 244.55762738238292,
                "Classe": "UFR Lettres, langues et sciences humaines",
                "Code_batiment": "C1B5",
                "code_composante": "C1",
                "Etiquette": "Enseignement",
                "Recherche": "Enseignement (UFR Lettres, langues et sciences humaines)",
                "Texte_fenetre": "\u003cdiv style=\"background-color: #FFFFFF; color: black; padding: 15px; border: none; border-radius: 10px; font-size: 16px; font-family: Luciole;\"\u003e   \u003cb\u003eRez-de-chaussée\u003c/b\u003e\u003cbr\u003e E002 à E009 - Cafétéria CROUS\u003cbr\u003e\u003cbr\u003e\u003cb\u003eÉtage 1\u003c/b\u003e\u003cbr\u003e E100 à E115 \u003cbr\u003e\u003cbr\u003e\u003cb\u003eÉtage 2\u003c/b\u003e \u003cbr\u003eE200 à E216 \u003cbr\u003e\u003cbr\u003e\u003cb\u003eÉtage 3\u003c/b\u003e\u003cbr\u003e E300 à E316\u003cbr\u003e\u003cbr\u003e\u003ca href=\"https://lettres.univ-lemans.fr/fr/index.html\"style=\"color:#282F63;\"\u003ePlus d'informations\u003c/a\u003e\u003c/div\u003e",
                "nom_composante": "UFR Lettres, langues et sciences humaines"
            }
        },
        {
            "type": "Feature",
            "id": 50,
            "geometry": {
                "type": "Multipolygon",
                "coordinates": [
                    [
                        [
                            0.159864886649629,
                            48.0179530487436
                        ],
                        [
                            0.15993865888085,
                            48.0179539292455
                        ],
                        [
                            0.159951518900152,
                            48.0176390706688
                        ],
                        [
                            0.160001162983401,
                            48.0176393686527
                        ],
                        [
                            0.160004683859395,
                            48.0175737183879
                        ],
                        [
                            0.159776666625275,
                            48.0175709150581
                        ],
                        [
                            0.159776415297154,
                            48.0176006249341
                        ],
                        [
                            0.159724090396909,
                            48.0176002621307
                        ],
                        [
                            0.159712028686351,
                            48.0179502588326
                        ],
                        [
                            0.159736156536953,
                            48.0179508413557
                        ],
                        [
                            0.159734313393728,
                            48.0180102287305
                        ],
                        [
                            0.159783957823562,
                            48.0180105268059
                        ],
                        [
                            0.159784826058028,
                            48.0179943390751
                        ],
                        [
                            0.159825087412005,
                            48.0179944106009
                        ],
                        [
                            0.159824460362716,
                            48.0180061017401
                        ],
                        [
                            0.159862619657495,
                            48.0179953167097
                        ],
                        [
                            0.159864886649629,
                            48.0179530487436
                        ]
                    ]
                ]
            },
            "properties": {
                "Nom": "Gestion des entreprises et des administrations",
                "ObjectId": 50,
                "Shape__Area": 1759.9416351318359,
                "Shape__Length": 210.38546330751569,
                "Classe": "IUT",
                "Code_batiment": "C4B4",
                "code_composante": "C4",
                "Etiquette": "Gestion des entreprises et des administrations",
                "Recherche": "Gestion des entreprises et des administrations (IUT Le Mans)",
                "Texte_fenetre": "\u003cdiv style=\"background-color: #FFFFFF; color: black; padding: 15px; border: none; border-radius: 10px; font-size: 16px; font-family: Luciole;\"\u003e\u003cfont size=\"4,5pt\"\u003e\u003cb\u003eIUT Le Mans\u003c/b\u003e\u003c/font size\u003e\u003cbr\u003e\u003cbr\u003e\u003cb\u003eRez-de-chaussée\u003c/b\u003e\u003cbr\u003eSalles 000 et PC1 à 3 \u003cbr\u003e\u003cbr\u003e\u003cb\u003eÉtage 1\u003c/b\u003e\u003cbr\u003eSalles 100\u003cbr\u003e\u003cbr\u003e\u003cb\u003eÉtage 2\u003c/b\u003e\u003cbr\u003eSalles 200\u003cbr\u003e\u003cbr\u003e\u003ca href=\"https://iut.univ-lemans.fr/fr/departements/gestion-des-entreprises-et-des-administrations.html\"style=\"color:#282F63;\"\u003ePlus d'informations\u003c/a\u003e\u003c/div\u003e",
                "nom_composante": "IUT"
            }
        },
        {
            "type": "Feature",
            "id": 52,
            "geometry": {
                "type": "Multipolygon",
                "coordinates": [
                    [
                        [
                            0.157573945531401,
                            48.0181003273835
                        ],
                        [
                            0.15795467843206,
                            48.0181086253241
                        ],
                        [
                            0.157962304503659,
                            48.0179665331416
                        ],
                        [
                            0.157774595284254,
                            48.0179628987652
                        ],
                        [
                            0.157775946824842,
                            48.0179377178728
                        ],
                        [
                            0.157582875982645,
                            48.0179339536521
                        ],
                        [
                            0.157573945531401,
                            48.0181003273835
                        ]
                    ]
                ]
            },
            "properties": {
                "Nom": "Renaissance",
                "ObjectId": 52,
                "Shape__Area": 1090.3578109741211,
                "Shape__Length": 140.37372023122572,
                "Classe": "UFR Lettres, langues et sciences humaines",
                "Code_batiment": "C1B1",
                "code_composante": "C1",
                "Etiquette": "Renaissance",
                "Recherche": "Renaissance (UFR Lettres, langues et sciences humaines)",
                "Texte_fenetre": "\u003cdiv style=\"background-color: #FFFFFF; color: black; padding: 15px; border: none; border-radius: 10px; font-size: 16px; font-family: Luciole;\"\u003e   \u003cb\u003eSalles :\u003c/b\u003e Choppin - Ronsard - Paré\u003cbr\u003e\u003cbr\u003e\u003ca href=\"https://lettres.univ-lemans.fr/fr/index.html\"style=\"color:#282F63;\"\u003ePlus d'informations\u003c/a\u003e\u003c/div\u003e",
                "nom_composante": "UFR Lettres, langues et sciences humaines"
            }
        },
        {
            "type": "Feature",
            "id": 53,
            "geometry": {
                "type": "Multipolygon",
                "coordinates": [
                    [
                        [
                            0.161156531827185,
                            48.0169927931301
                        ],
                        [
                            0.161184680496061,
                            48.0169934723949
                        ],
                        [
                            0.161189848496881,
                            48.0168720319076
                        ],
                        [
                            0.161108565622479,
                            48.0168610655944
                        ],
                        [
                            0.161097206067692,
                            48.0168977112695
                        ],
                        [
                            0.161085711390558,
                            48.0169118416074
                        ],
                        [
                            0.161056357449759,
                            48.0169336453069
                        ],
                        [
                            0.16102360902188,
                            48.0169436608027
                        ],
                        [
                            0.161002017797853,
                            48.0169458411974
                        ],
                        [
                            0.160882865827374,
                            48.016940264219
                        ],
                        [
                            0.160883540846091,
                            48.0169276737468
                        ],
                        [
                            0.160811255089654,
                            48.0169241282283
                        ],
                        [
                            0.160812016898627,
                            48.0169349524114
                        ],
                        [
                            0.160725179489587,
                            48.0169274537112
                        ],
                        [
                            0.160695651588598,
                            48.0170275951566
                        ],
                        [
                            0.161154217695553,
                            48.0170359604664
                        ],
                        [
                            0.161156531827185,
                            48.0169927931301
                        ]
                    ]
                ]
            },
            "properties": {
                "Nom": "CIeL",
                "ObjectId": 53,
                "Shape__Area": 954.58354187011719,
                "Shape__Length": 163.06502635226607,
                "Classe": "Services centraux",
                "Code_batiment": "C9B6",
                "code_composante": "C9",
                "Etiquette": "CIeL",
                "Recherche": "CIeL",
                "Texte_fenetre": "\u003cdiv style=\"text-align: center; margin-top: 10px;\"\u003e   \u003ca href=\"https://www.univ-lemans.fr/fr/international/formations-et-certifications-en-langue.html\" style=\"background-color: #282F63; color: white; padding: 10px 20px; border: none; border-radius: 5px; cursor: pointer; font-size: 16px; text-decoration: underline; display: inline-block; margin: 5px;\"\u003e     \u003cb\u003eMaison des Langues\u003c/b\u003e   \u003c/a\u003e   \u003ca href=\"https://www.univ-lemans.fr/fr/international/politique-internationale/colours-universite.html\" style=\"background-color: #282F63; color: white; padding: 10px 20px; border: none; border-radius: 5px; cursor: pointer; font-size: 16px; text-decoration: underline; display: inline-block; margin: 5px;\"\u003e     \u003cb\u003eCOLOURS\u003c/b\u003e   \u003c/a\u003e   \u003ca href=\"https://mon-ent-etudiant.univ-lemans.fr/fr/partir-a-l-international/etudes-et-programmes.html\" style=\"background-color: #282F63; color: white; padding: 10px 20px; border: none; border-radius: 5px; cursor: pointer; font-size: 16px; text-decoration: underline; display: inline-block; margin: 5px;\"\u003e     \u003cb\u003eService des Relations Internationales\u003c/b\u003e   \u003c/a\u003e \u003c/div\u003e",
                "nom_composante": "Services centraux"
            }
        },
        {
            "type": "Feature",
            "id": 55,
            "geometry": {
                "type": "Multipolygon",
                "coordinates": [
                    [
                        [
                            0.166895513258123,
                            48.0169933692427
                        ],
                        [
                            0.166909252605744,
                            48.0166362092968
                        ],
                        [
                            0.167056841747355,
                            48.0166370621028
                        ],
                        [
                            0.167057721112444,
                            48.0165704477054
                        ],
                        [
                            0.166268937233229,
                            48.0165631562579
                        ],
                        [
                            0.16627019551555,
                            48.0165145605889
                        ],
                        [
                            0.166051517206862,
                            48.0165128947506
                        ],
                        [
                            0.166046937917641,
                            48.0166235436181
                        ],
                        [
                            0.166305684511843,
                            48.016628876061
                        ],
                        [
                            0.166291989220931,
                            48.0169851366164
                        ],
                        [
                            0.166895513258123,
                            48.0169933692427
                        ]
                    ]
                ]
            },
            "properties": {
                "Nom": "SUAPS - Halle P.Gaubin",
                "ObjectId": 55,
                "Shape__Area": 5416.0027694702148,
                "Shape__Length": 380.96683601456294,
                "Classe": "Services centraux",
                "Code_batiment": "C9B4",
                "code_composante": "C9",
                "Etiquette": "SUAPS - Halle P.Gaubin",
                "Recherche": "SUAPS - Halle P.Gaubin",
                "Texte_fenetre": "\u003cdiv style=\"background-color: #FFFFFF; color: black; padding: 15px; border: none; border-radius: 10px; font-size: 16px; font-family: Luciole;\"\u003e  \u003cfont size=\"4,5pt\"\u003e\u003cb\u003eAccueil SUAPS\u003c/b\u003e\u003c/font size\u003e\u003cul\u003e\u003cli\u003e \u003cb\u003eLundi au jeudi :\u003c/b\u003e \u003cul\u003e\u003cli\u003e09h00 - 12h00 \u003c/li\u003e\u003cli\u003e 14h00 - 17h00\u003c/li\u003e\u003c/ul\u003e\u003c/li\u003e\u003cli\u003e \u003cb\u003eVendredi :\u003c/b\u003e \u003cul\u003e\u003cli\u003e09h00 - 12h00 \u003c/li\u003e\u003cli\u003e 14h00 - 16h00\u003c/li\u003e\u003c/ul\u003e\u003c/li\u003e \u003cli\u003e\u003cb\u003eMercredi après-midi :\u003c/b\u003e\u003cul\u003e\u003cli\u003e Fermé\u003c/li\u003e\u003c/ul\u003e\u003c/li\u003e\u003c/ul\u003e \u003cb\u003eSalles :\u003c/b\u003e\u003cul\u003e\u003cli\u003e     Petite salle Gaubin\u003c/li\u003e  \u003cli\u003eHalle Gaubin\u003c/li\u003e\u003cli\u003eSalle omnisport\u003c/li\u003e\u003cli\u003e Salle de musculation \u003c/li\u003e\u003c/ul\u003e     \u003ca href=\"https://mon-ent-etudiant.univ-lemans.fr/fr/ca-bouge/sport.html\" style=\"color: #282f63; text-decoration: underline;\"\u003ePlus d'informations\u003c/a\u003e \u003c/div\u003e",
                "nom_composante": "Services centraux"
            }
        },
        {
            "type": "Feature",
            "id": 60,
            "geometry": {
                "type": "Multipolygon",
                "coordinates": [
                    [
                        [
                            0.154894339668169,
                            48.0149892104038
                        ],
                        [
                            0.154894436299189,
                            48.0149874117676
                        ],
                        [
                            0.154894484614696,
                            48.0149865124495
                        ],
                        [
                            0.154894581245706,
                            48.0149847138133
                        ],
                        [
                            0.154894629561209,
                            48.0149838144952
                        ],
                        [
                            0.154894726192209,
                            48.014982015859
                        ],
                        [
                            0.154893530780681,
                            48.0149792854872
                        ],
                        [
                            0.15489362741171,
                            48.014977486851
                        ],
                        [
                            0.154893675727223,
                            48.0149765875329
                        ],
                        [
                            0.154892432000341,
                            48.0149747564792
                        ],
                        [
                            0.154892528631399,
                            48.014972957843
                        ],
                        [
                            0.154892576946926,
                            48.0149720585249
                        ],
                        [
                            0.154891333220187,
                            48.0149702274712
                        ],
                        [
                            0.154891381535733,
                            48.0149693281531
                        ],
                        [
                            0.1548901378091,
                            48.0149674970993
                        ],
                        [
                            0.154890186124663,
                            48.0149665977813
                        ],
                        [
                            0.154888942398135,
                            48.0149647667275
                        ],
                        [
                            0.154889039029294,
                            48.0149629680913
                        ],
                        [
                            0.154887746987294,
                            48.0149620363556
                        ],
                        [
                            0.15488535616598,
                            48.0149565756119
                        ],
                        [
                            0.154884064124201,
                            48.0149556438762
                        ],
                        [
                            0.154884160755509,
                            48.01495384524
                        ],
                        [
                            0.154882868713817,
                            48.0149529135043
                        ],
                        [
                            0.154881624987864,
                            48.0149510824504
                        ],
                        [
                            0.154880332946284,
                            48.0149501507147
                        ],
                        [
                            0.154880429577709,
                            48.0149483520785
                        ],
                        [
                            0.154879137536216,
                            48.0149474203427
                        ],
                        [
                            0.15487784549477,
                            48.014946488607
                        ],
                        [
                            0.154876601769141,
                            48.0149446575531
                        ],
                        [
                            0.154875309727806,
                            48.0149437258173
                        ],
                        [
                            0.154874017686517,
                            48.0149427940815
                        ],
                        [
                            0.154872773961107,
                            48.0149409630276
                        ],
                        [
                            0.15487148191993,
                            48.0149400312917
                        ],
                        [
                            0.154870189878797,
                            48.0149390995559
                        ],
                        [
                            0.154868946153607,
                            48.0149372685019
                        ],
                        [
                            0.154867654112587,
                            48.014936336766
                        ],
                        [
                            0.154866362071613,
                            48.0149354050301
                        ],
                        [
                            0.154865070030684,
                            48.0149344732942
                        ],
                        [
                            0.154863777989799,
                            48.0149335415583
                        ],
                        [
                            0.154862534264962,
                            48.0149317105042
                        ],
                        [
                            0.154861242224191,
                            48.0149307787683
                        ],
                        [
                            0.15485860982672,
                            48.0149298146145
                        ],
                        [
                            0.154857317786063,
                            48.0149288828785
                        ],
                        [
                            0.154854733704887,
                            48.0149270194064
                        ],
                        [
                            0.154853441664366,
                            48.0149260876704
                        ],
                        [
                            0.154850809267271,
                            48.0149251235164
                        ],
                        [
                            0.154849517226866,
                            48.0149241917803
                        ],
                        [
                            0.154848225186507,
                            48.0149232600442
                        ],
                        [
                            0.154845592789647,
                            48.0149222958901
                        ],
                        [
                            0.154844300749402,
                            48.0149213641539
                        ],
                        [
                            0.154843008709204,
                            48.0149204324178
                        ],
                        [
                            0.154840376312579,
                            48.0149194682636
                        ],
                        [
                            0.154839084272496,
                            48.0149185365273
                        ],
                        [
                            0.154837743916051,
                            48.0149185041092
                        ],
                        [
                            0.154835111519619,
                            48.0149175399549
                        ],
                        [
                            0.154833819479675,
                            48.0149166082186
                        ],
                        [
                            0.154831187083407,
                            48.0149156440642
                        ],
                        [
                            0.15482984672704,
                            48.014915611646
                        ],
                        [
                            0.154828554687236,
                            48.0149146799097
                        ],
                        [
                            0.15482592229116,
                            48.0149137157551
                        ],
                        [
                            0.154824630251471,
                            48.0149127840187
                        ],
                        [
                            0.154821949538892,
                            48.0149127191822
                        ],
                        [
                            0.154817976786772,
                            48.0149117226091
                        ],
                        [
                            0.154816684747271,
                            48.0149107908727
                        ],
                        [
                            0.154814004034802,
                            48.014910726036
                        ],
                        [
                            0.154811371639187,
                            48.0149097618811
                        ],
                        [
                            0.154810031282982,
                            48.0149097294626
                        ],
                        [
                            0.154807398887489,
                            48.0149087653077
                        ],
                        [
                            0.154806058531311,
                            48.0149087328892
                        ],
                        [
                            0.15480342613594,
                            48.0149077687341
                        ],
                        [
                            0.154802085779789,
                            48.0149077363156
                        ],
                        [
                            0.154799405067492,
                            48.0149076714786
                        ],
                        [
                            0.154796772672296,
                            48.0149067073233
                        ],
                        [
                            0.154795432316176,
                            48.0149066749047
                        ],
                        [
                            0.154792751603941,
                            48.0149066100675
                        ],
                        [
                            0.154791411247825,
                            48.0149065776489
                        ],
                        [
                            0.154788778852829,
                            48.0149056134935
                        ],
                        [
                            0.154786098140656,
                            48.0149055486561
                        ],
                        [
                            0.154784757784571,
                            48.0149055162374
                        ],
                        [
                            0.154782077072408,
                            48.0149054514
                        ],
                        [
                            0.154780736716329,
                            48.0149054189812
                        ],
                        [
                            0.154778056004175,
                            48.0149053541437
                        ],
                        [
                            0.154770013867754,
                            48.0149051596307
                        ],
                        [
                            0.154767333155627,
                            48.0149050947929
                        ],
                        [
                            0.154764652443506,
                            48.014905029955
                        ],
                        [
                            0.154763312087449,
                            48.0149049975361
                        ],
                        [
                            0.154760631375338,
                            48.0149049326981
                        ],
                        [
                            0.154757902345483,
                            48.0149057671782
                        ],
                        [
                            0.154756561989411,
                            48.0149057347592
                        ],
                        [
                            0.154753881277271,
                            48.0149056699211
                        ],
                        [
                            0.154752540921204,
                            48.014905637502
                        ],
                        [
                            0.154749811891185,
                            48.0149064719819
                        ],
                        [
                            0.1547484715351,
                            48.0149064395628
                        ],
                        [
                            0.154745790822934,
                            48.0149063747245
                        ],
                        [
                            0.154743061792772,
                            48.0149072092043
                        ],
                        [
                            0.154741721436672,
                            48.0149071767851
                        ],
                        [
                            0.154738992406403,
                            48.0149080112647
                        ],
                        [
                            0.154737652050285,
                            48.0149079788455
                        ],
                        [
                            0.154734971338055,
                            48.014907914007
                        ],
                        [
                            0.154733582663776,
                            48.0149087809057
                        ],
                        [
                            0.154730853633297,
                            48.0149096153852
                        ],
                        [
                            0.154729513277144,
                            48.0149095829658
                        ],
                        [
                            0.154726784246559,
                            48.0149104174452
                        ],
                        [
                            0.154725443890388,
                            48.0149103850258
                        ],
                        [
                            0.154721326185132,
                            48.0149120864038
                        ],
                        [
                            0.154718645472714,
                            48.0149120215649
                        ],
                        [
                            0.15471725679806,
                            48.0149128884635
                        ],
                        [
                            0.154714527767113,
                            48.0149137229425
                        ],
                        [
                            0.154713139092347,
                            48.0149145898411
                        ],
                        [
                            0.154711750417536,
                            48.0149154567396
                        ],
                        [
                            0.154709069704959,
                            48.0149153919005
                        ],
                        [
                            0.15470768103006,
                            48.014916258799
                        ],
                        [
                            0.154704951998788,
                            48.0149170932778
                        ],
                        [
                            0.154703563323777,
                            48.0149179601762
                        ],
                        [
                            0.154702174648721,
                            48.0149188270747
                        ],
                        [
                            0.154699445617229,
                            48.0149196615534
                        ],
                        [
                            0.154698056942061,
                            48.0149205284517
                        ],
                        [
                            0.154696668266847,
                            48.0149213953501
                        ],
                        [
                            0.154695279591589,
                            48.0149222622484
                        ],
                        [
                            0.154692550559811,
                            48.014923096727
                        ],
                        [
                            0.154691161884441,
                            48.0149239636253
                        ],
                        [
                            0.154686995858055,
                            48.01492656432
                        ],
                        [
                            0.154684266825926,
                            48.0149273987984
                        ],
                        [
                            0.15468282983126,
                            48.0149291650146
                        ],
                        [
                            0.154678663804057,
                            48.014931765709
                        ],
                        [
                            0.154677275128231,
                            48.0149326326071
                        ],
                        [
                            0.15467583813319,
                            48.0149343988233
                        ],
                        [
                            0.15467444945725,
                            48.0149352657214
                        ],
                        [
                            0.154673060781264,
                            48.0149361326194
                        ],
                        [
                            0.154671623785987,
                            48.0149378988355
                        ],
                        [
                            0.154670235109886,
                            48.0149387657336
                        ],
                        [
                            0.154668846433739,
                            48.0149396326315
                        ],
                        [
                            0.154667409438227,
                            48.0149413988476
                        ],
                        [
                            0.154667361118907,
                            48.0149422981656
                        ],
                        [
                            0.15466597244262,
                            48.0149431650636
                        ],
                        [
                            0.154664535446917,
                            48.0149449312796
                        ],
                        [
                            0.154663146770515,
                            48.0149457981775
                        ],
                        [
                            0.154661709774646,
                            48.0149475643934
                        ],
                        [
                            0.154661661455223,
                            48.0149484637115
                        ],
                        [
                            0.154660224459233,
                            48.0149502299274
                        ],
                        [
                            0.154658835782621,
                            48.0149510968253
                        ],
                        [
                            0.154658787463146,
                            48.0149519961433
                        ],
                        [
                            0.154657350466964,
                            48.0149537623592
                        ],
                        [
                            0.154655865151157,
                            48.0149564278931
                        ],
                        [
                            0.154654476474311,
                            48.0149572947909
                        ],
                        [
                            0.1546543798352,
                            48.014959093427
                        ],
                        [
                            0.154652942838678,
                            48.0149608596428
                        ],
                        [
                            0.154652894519095,
                            48.0149617589608
                        ],
                        [
                            0.154651457522451,
                            48.0149635251766
                        ],
                        [
                            0.154651409202839,
                            48.0149644244946
                        ],
                        [
                            0.154649972206073,
                            48.0149661907104
                        ],
                        [
                            0.154649923886434,
                            48.0149670900284
                        ],
                        [
                            0.154649827247149,
                            48.0149688886644
                        ],
                        [
                            0.154648438569879,
                            48.0149697555622
                        ],
                        [
                            0.154648341930541,
                            48.0149715541982
                        ],
                        [
                            0.154648245291195,
                            48.0149733528342
                        ],
                        [
                            0.154648196971519,
                            48.0149742521522
                        ],
                        [
                            0.154648100332164,
                            48.0149760507882
                        ],
                        [
                            0.154646711654677,
                            48.014976917686
                        ],
                        [
                            0.154646615015266,
                            48.0149787163219
                        ],
                        [
                            0.154646518375848,
                            48.0149805149579
                        ],
                        [
                            0.154646470056137,
                            48.0149814142759
                        ],
                        [
                            0.154646373416709,
                            48.0149832129119
                        ],
                        [
                            0.154646083498388,
                            48.0149886088199
                        ],
                        [
                            0.154645890219475,
                            48.0149922060919
                        ],
                        [
                            0.154645841899742,
                            48.0149931054099
                        ],
                        [
                            0.154645745260272,
                            48.0149949040459
                        ],
                        [
                            0.154647037298818,
                            48.0149958357842
                        ],
                        [
                            0.154646940659384,
                            48.0149976344201
                        ],
                        [
                            0.154646844019943,
                            48.0149994330561
                        ],
                        [
                            0.15464679570022,
                            48.0150003323741
                        ],
                        [
                            0.154648039419213,
                            48.0150021634303
                        ],
                        [
                            0.154647991099508,
                            48.0150030627484
                        ],
                        [
                            0.154647894460092,
                            48.0150048613843
                        ],
                        [
                            0.15464913817923,
                            48.0150066924406
                        ],
                        [
                            0.154649089859539,
                            48.0150075917586
                        ],
                        [
                            0.154650333578782,
                            48.0150094228148
                        ],
                        [
                            0.154650285259109,
                            48.0150103221327
                        ],
                        [
                            0.154651528978457,
                            48.015012153189
                        ],
                        [
                            0.154651480658802,
                            48.0150130525069
                        ],
                        [
                            0.154652724378256,
                            48.0150148835631
                        ],
                        [
                            0.154652676058619,
                            48.0150157828811
                        ],
                        [
                            0.154653919778178,
                            48.0150176139373
                        ],
                        [
                            0.154655211817421,
                            48.0150185456755
                        ],
                        [
                            0.154655115178223,
                            48.0150203443114
                        ],
                        [
                            0.154656407217553,
                            48.0150212760496
                        ],
                        [
                            0.15465765093737,
                            48.0150231071057
                        ],
                        [
                            0.154657602617809,
                            48.0150240064237
                        ],
                        [
                            0.154658846337731,
                            48.0150258374798
                        ],
                        [
                            0.154660138377262,
                            48.0150267692179
                        ],
                        [
                            0.154661430416839,
                            48.015027700956
                        ],
                        [
                            0.154661333777835,
                            48.015029499592
                        ],
                        [
                            0.154662625817497,
                            48.0150304313301
                        ],
                        [
                            0.154663917857207,
                            48.0150313630681
                        ],
                        [
                            0.15466516157752,
                            48.0150331941242
                        ],
                        [
                            0.154666453617341,
                            48.0150341258622
                        ],
                        [
                            0.154667745657208,
                            48.0150350576002
                        ],
                        [
                            0.15466898937774,
                            48.0150368886562
                        ],
                        [
                            0.154670281417718,
                            48.0150378203942
                        ],
                        [
                            0.154671573457743,
                            48.0150387521322
                        ],
                        [
                            0.154672817178493,
                            48.0150405831882
                        ],
                        [
                            0.154674109218629,
                            48.0150415149261
                        ],
                        [
                            0.15467540125881,
                            48.0150424466641
                        ],
                        [
                            0.154676693299037,
                            48.015043378402
                        ],
                        [
                            0.15467798533931,
                            48.0150443101399
                        ],
                        [
                            0.154680617739181,
                            48.0150452742977
                        ],
                        [
                            0.154681861460399,
                            48.0150471053535
                        ],
                        [
                            0.154683153500852,
                            48.0150480370914
                        ],
                        [
                            0.154684445541352,
                            48.0150489688292
                        ],
                        [
                            0.154685737581896,
                            48.015049900567
                        ],
                        [
                            0.154688369982187,
                            48.0150508647247
                        ],
                        [
                            0.154689662022848,
                            48.0150517964625
                        ],
                        [
                            0.154690954063554,
                            48.0150527282002
                        ],
                        [
                            0.1546948785049,
                            48.0150546240954
                        ],
                        [
                            0.154696170545766,
                            48.0150555558331
                        ],
                        [
                            0.154697462586678,
                            48.0150564875708
                        ],
                        [
                            0.15470009498751,
                            48.0150574517282
                        ],
                        [
                            0.154701435347386,
                            48.0150574841478
                        ],
                        [
                            0.154702727388437,
                            48.0150584158855
                        ],
                        [
                            0.15470535978946,
                            48.0150593800427
                        ],
                        [
                            0.154706651830627,
                            48.0150603117803
                        ],
                        [
                            0.154709284231815,
                            48.0150612759374
                        ],
                        [
                            0.154710624591794,
                            48.015061308357
                        ],
                        [
                            0.154713256993105,
                            48.0150622725141
                        ],
                        [
                            0.154714549034481,
                            48.0150632042516
                        ],
                        [
                            0.154717229754544,
                            48.0150632690906
                        ],
                        [
                            0.154718521796014,
                            48.015064200828
                        ],
                        [
                            0.154721154197612,
                            48.0150651649849
                        ],
                        [
                            0.154722494557696,
                            48.0150651974043
                        ],
                        [
                            0.154725126959416,
                            48.0150661615611
                        ],
                        [
                            0.154726467319528,
                            48.0150661939805
                        ],
                        [
                            0.154729099721369,
                            48.0150671581372
                        ],
                        [
                            0.154730440081509,
                            48.0150671905565
                        ],
                        [
                            0.154733072483472,
                            48.0150681547131
                        ],
                        [
                            0.154734412843639,
                            48.0150681871324
                        ],
                        [
                            0.154737045245725,
                            48.0150691512889
                        ],
                        [
                            0.154739725966116,
                            48.0150692161274
                        ],
                        [
                            0.154741066326314,
                            48.0150692485466
                        ],
                        [
                            0.154743698728573,
                            48.015070212703
                        ],
                        [
                            0.154745039088799,
                            48.0150702451222
                        ],
                        [
                            0.154747719809255,
                            48.0150703099605
                        ],
                        [
                            0.154749060169485,
                            48.0150703423796
                        ],
                        [
                            0.154751692571945,
                            48.0150713065358
                        ],
                        [
                            0.154754373292463,
                            48.0150713713739
                        ],
                        [
                            0.154755713652724,
                            48.015071403793
                        ],
                        [
                            0.154758394373252,
                            48.015071468631
                        ],
                        [
                            0.154761075093787,
                            48.015071533469
                        ],
                        [
                            0.154762415454056,
                            48.015071565888
                        ],
                        [
                            0.154765096174601,
                            48.0150716307259
                        ],
                        [
                            0.154769117255429,
                            48.0150717279826
                        ],
                        [
                            0.15477179797599,
                            48.0150717928204
                        ],
                        [
                            0.154773138336273,
                            48.0150718252392
                        ],
                        [
                            0.154775819056844,
                            48.0150718900768
                        ],
                        [
                            0.154777159417132,
                            48.0150719224957
                        ],
                        [
                            0.154779840137713,
                            48.0150719873332
                        ],
                        [
                            0.154782569175783,
                            48.0150711528527
                        ],
                        [
                            0.154783909536057,
                            48.0150711852714
                        ],
                        [
                            0.154786590256608,
                            48.0150712501088
                        ],
                        [
                            0.154787930616886,
                            48.0150712825275
                        ],
                        [
                            0.154790659654794,
                            48.0150704480468
                        ],
                        [
                            0.154793340375317,
                            48.0150705128841
                        ],
                        [
                            0.15479468073558,
                            48.0150705453027
                        ],
                        [
                            0.154797409773344,
                            48.0150697108218
                        ],
                        [
                            0.154798750133589,
                            48.0150697432404
                        ],
                        [
                            0.154801479171247,
                            48.0150689087594
                        ],
                        [
                            0.154802819531476,
                            48.0150689411779
                        ],
                        [
                            0.154805548569028,
                            48.0150681066969
                        ],
                        [
                            0.154806888929239,
                            48.0150681391154
                        ],
                        [
                            0.154809617966685,
                            48.0150673046342
                        ],
                        [
                            0.154812298687071,
                            48.0150673694711
                        ],
                        [
                            0.154816416401475,
                            48.0150656680901
                        ],
                        [
                            0.154817756761631,
                            48.0150657005085
                        ],
                        [
                            0.154819145438645,
                            48.0150648336088
                        ],
                        [
                            0.154821874475729,
                            48.0150639991274
                        ],
                        [
                            0.154823214835845,
                            48.0150640315456
                        ],
                        [
                            0.154825943872824,
                            48.0150631970641
                        ],
                        [
                            0.15482733254964,
                            48.0150623301643
                        ],
                        [
                            0.154830061586465,
                            48.0150614956827
                        ],
                        [
                            0.154831450263168,
                            48.0150606287829
                        ],
                        [
                            0.154832790623205,
                            48.0150606612011
                        ],
                        [
                            0.15483551965986,
                            48.0150598267193
                        ],
                        [
                            0.154836908336429,
                            48.0150589598194
                        ],
                        [
                            0.154838297012954,
                            48.0150580929195
                        ],
                        [
                            0.154841026049389,
                            48.0150572584376
                        ],
                        [
                            0.154842414725802,
                            48.0150563915376
                        ],
                        [
                            0.154843803402168,
                            48.0150555246376
                        ],
                        [
                            0.154845192078491,
                            48.0150546577376
                        ],
                        [
                            0.154847921114641,
                            48.0150538232556
                        ],
                        [
                            0.15484930979085,
                            48.0150529563555
                        ],
                        [
                            0.154850698467014,
                            48.0150520894554
                        ],
                        [
                            0.154852087143133,
                            48.0150512225554
                        ],
                        [
                            0.154854816178997,
                            48.0150503880732
                        ],
                        [
                            0.154856253171217,
                            48.015048621855
                        ],
                        [
                            0.154857641847154,
                            48.0150477549548
                        ],
                        [
                            0.154859030523046,
                            48.0150468880546
                        ],
                        [
                            0.154860419198892,
                            48.0150460211545
                        ],
                        [
                            0.154861807874693,
                            48.0150451542542
                        ],
                        [
                            0.154863244866538,
                            48.0150433880359
                        ],
                        [
                            0.154864633542223,
                            48.0150425211357
                        ],
                        [
                            0.154866022217863,
                            48.0150416542354
                        ],
                        [
                            0.154867410893458,
                            48.0150407873352
                        ],
                        [
                            0.154868847884998,
                            48.0150390211168
                        ],
                        [
                            0.154870236560478,
                            48.0150381542165
                        ],
                        [
                            0.154871625235911,
                            48.0150372873162
                        ],
                        [
                            0.154873062227215,
                            48.0150355210978
                        ],
                        [
                            0.154874450902534,
                            48.0150346541974
                        ],
                        [
                            0.154874547534312,
                            48.0150328555612
                        ],
                        [
                            0.154875936209537,
                            48.0150319886609
                        ],
                        [
                            0.154877324884716,
                            48.0150311217605
                        ],
                        [
                            0.154878761875663,
                            48.015029355542
                        ],
                        [
                            0.154880150550727,
                            48.0150284886415
                        ],
                        [
                            0.1548802471823,
                            48.0150266900054
                        ],
                        [
                            0.15488163585727,
                            48.0150258231049
                        ],
                        [
                            0.15488307284793,
                            48.0150240568864
                        ],
                        [
                            0.154884558154202,
                            48.0150213913498
                        ],
                        [
                            0.154884606469908,
                            48.0150204920317
                        ],
                        [
                            0.154886043460324,
                            48.0150187258131
                        ],
                        [
                            0.154886091776002,
                            48.015017826495
                        ],
                        [
                            0.154887528766297,
                            48.0150160602764
                        ],
                        [
                            0.154887577081947,
                            48.0150151609584
                        ],
                        [
                            0.15488901407212,
                            48.0150133947397
                        ],
                        [
                            0.154889062387743,
                            48.0150124954216
                        ],
                        [
                            0.154890499377794,
                            48.0150107292029
                        ],
                        [
                            0.154890644324577,
                            48.0150080312487
                        ],
                        [
                            0.154892081314452,
                            48.0150062650301
                        ],
                        [
                            0.154892129630017,
                            48.015005365712
                        ],
                        [
                            0.154892226261142,
                            48.0150035670758
                        ],
                        [
                            0.154892274576702,
                            48.0150026677577
                        ],
                        [
                            0.154893808197441,
                            48.0149991029028
                        ],
                        [
                            0.15489385651297,
                            48.0149982035847
                        ],
                        [
                            0.154893953144023,
                            48.0149964049485
                        ],
                        [
                            0.154894001459546,
                            48.0149955056304
                        ],
                        [
                            0.15489409809059,
                            48.0149937069942
                        ],
                        [
                            0.154894194721626,
                            48.0149919083581
                        ],
                        [
                            0.154894339668169,
                            48.0149892104038
                        ]
                    ]
                ]
            },
            "properties": {
                "Nom": null,
                "ObjectId": 60,
                "Shape__Area": 603.41836547851563,
                "Shape__Length": 89.262282722986455,
                "Classe": "Autres écoles",
                "Code_batiment": "C8B6",
                "code_composante": "C8",
                "Etiquette": "ITEMM",
                "Recherche": null,
                "Texte_fenetre": null,
                "nom_composante": "Autres écoles"
            }
        },
        {
            "type": "Feature",
            "id": 61,
            "geometry": {
                "type": "Multipolygon",
                "coordinates": [
                    [
                        [
                            0.156018586941167,
                            48.0172964250044
                        ],
                        [
                            0.156007525511557,
                            48.0173024609877
                        ],
                        [
                            0.156034127610814,
                            48.0171320119631
                        ],
                        [
                            0.155586453994988,
                            48.0170707614485
                        ],
                        [
                            0.155550079367169,
                            48.0177479471417
                        ],
                        [
                            0.156442949964904,
                            48.0177668308228
                        ],
                        [
                            0.15645107469263,
                            48.0175905322526
                        ],
                        [
                            0.156001030067091,
                            48.0175733498791
                        ],
                        [
                            0.156004857637566,
                            48.0174770905445
                        ],
                        [
                            0.156456869655757,
                            48.0174826141789
                        ],
                        [
                            0.156468967256242,
                            48.0173073120919
                        ],
                        [
                            0.156018635239698,
                            48.0172955256871
                        ],
                        [
                            0.156018586941167,
                            48.0172964250044
                        ]
                    ],
                    [
                        [
                            0.15591615994537,
                            48.0173542812726
                        ],
                        [
                            0.155639985416756,
                            48.0173485046758
                        ],
                        [
                            0.155639116110001,
                            48.0172647385519
                        ],
                        [
                            0.1559206518683,
                            48.017270644774
                        ],
                        [
                            0.15591615994537,
                            48.0173542812726
                        ]
                    ],
                    [
                        [
                            0.155907610762547,
                            48.0175134604022
                        ],
                        [
                            0.155901826674364,
                            48.0175961651644
                        ],
                        [
                            0.155627232838098,
                            48.0175859243594
                        ],
                        [
                            0.155631435405056,
                            48.017507683786
                        ],
                        [
                            0.155907610762547,
                            48.0175134604022
                        ]
                    ]
                ]
            },
            "properties": {
                "Nom": "INSPE",
                "ObjectId": 61,
                "Shape__Area": 7492.5278091430664,
                "Shape__Length": 696.764033395731,
                "Classe": "Autres écoles",
                "Code_batiment": "C8B3",
                "code_composante": "C8",
                "Etiquette": "INSPE",
                "Recherche": "INSPE Le Mans",
                "Texte_fenetre": "\u003cdiv style=\"background-color: #FFFFFF; color: black; padding: 15px; border: none; border-radius: 10px; font-size: 16px; font-family: Luciole;\"\u003e\u003cb\u003eRez-de-chaussée\u003c/b\u003e\u003cbr\u003e Accueil - Gymnase\u003cbr\u003e\u003cbr\u003e\u003cb\u003eÉtage 1\u003c/b\u003e\u003cbr\u003e Salle de cours A,B,C et D\u003cbr\u003e\u003cbr\u003e\u003ca href=\"https://inspe-site-lemans.univ-nantes.fr/\"style=\"color:#282F63;\"\u003ePlus d'informations\u003c/a\u003e\u003c/div\u003e",
                "nom_composante": "Autres écoles"
            }
        },
        {
            "type": "Feature",
            "id": 62,
            "geometry": {
                "type": "Multipolygon",
                "coordinates": [
                    [
                        [
                            0.157113608545709,
                            48.017649767778
                        ],
                        [
                            0.157113807971698,
                            48.0176215484279
                        ],
                        [
                            0.15703209541682,
                            48.0176180819228
                        ],
                        [
                            0.157028061981185,
                            48.0176431983065
                        ],
                        [
                            0.157021555483575,
                            48.0176837159428
                        ],
                        [
                            0.157044497557647,
                            48.0176853743831
                        ],
                        [
                            0.157064714143092,
                            48.0176855059767
                        ],
                        [
                            0.157063918235764,
                            48.0177503215077
                        ],
                        [
                            0.157110882158818,
                            48.0177505564532
                        ],
                        [
                            0.157111535234008,
                            48.0177883922645
                        ],
                        [
                            0.157384409281358,
                            48.0177931849068
                        ],
                        [
                            0.157390637145286,
                            48.0176345315953
                        ],
                        [
                            0.157205867322012,
                            48.0176312863678
                        ],
                        [
                            0.157206194308789,
                            48.0176502040202
                        ],
                        [
                            0.157113608545709,
                            48.017649767778
                        ]
                    ]
                ]
            },
            "properties": {
                "Nom": "Mersenne",
                "ObjectId": 62,
                "Shape__Area": 938.81361389160156,
                "Shape__Length": 142.75830320459553,
                "Classe": "UFR Lettres, langues et sciences humaines",
                "Code_batiment": "C1B3",
                "code_composante": "C1",
                "Etiquette": "Mersenne",
                "Recherche": "Mersenne",
                "Texte_fenetre": "\u003cdiv style=\"background-color: #FFFFFF; color: black; padding: 15px; border: none; border-radius: 10px; font-size: 16px; font-family: Luciole;\"\u003e   \u003cb\u003eAmphithéâtre :\u003c/b\u003e Mersenne (291 places)\u003c/div\u003e",
                "nom_composante": "UFR Lettres, langues et sciences humaines"
            }
        },
        {
            "type": "Feature",
            "id": 64,
            "geometry": {
                "type": "Multipolygon",
                "coordinates": [
                    [
                        [
                            0.154702345828849,
                            48.014191237745
                        ],
                        [
                            0.154702394146891,
                            48.0141903384265
                        ],
                        [
                            0.15470249078297,
                            48.0141885397896
                        ],
                        [
                            0.154702587419043,
                            48.0141867411527
                        ],
                        [
                            0.154702635737077,
                            48.0141858418342
                        ],
                        [
                            0.15470273237314,
                            48.0141840431972
                        ],
                        [
                            0.154701585307557,
                            48.0141804135036
                        ],
                        [
                            0.154701633625603,
                            48.0141795141852
                        ],
                        [
                            0.154700389924069,
                            48.0141776831285
                        ],
                        [
                            0.154700438242132,
                            48.01417678381
                        ],
                        [
                            0.154700534878253,
                            48.014174985173
                        ],
                        [
                            0.154699291176863,
                            48.0141731541164
                        ],
                        [
                            0.154699339494941,
                            48.0141722547979
                        ],
                        [
                            0.154699436131091,
                            48.0141704561609
                        ],
                        [
                            0.154698192429845,
                            48.0141686251043
                        ],
                        [
                            0.154698240747938,
                            48.0141677257858
                        ],
                        [
                            0.154696997046798,
                            48.0141658947291
                        ],
                        [
                            0.154697045364907,
                            48.0141649954106
                        ],
                        [
                            0.154695801663873,
                            48.0141631643539
                        ],
                        [
                            0.154694557962925,
                            48.0141613332972
                        ],
                        [
                            0.154694606281072,
                            48.0141604339787
                        ],
                        [
                            0.154693362580229,
                            48.0141586029219
                        ],
                        [
                            0.154692070561286,
                            48.0141576711837
                        ],
                        [
                            0.154692167197656,
                            48.0141558725467
                        ],
                        [
                            0.1546908751788,
                            48.0141549408084
                        ],
                        [
                            0.154689631478215,
                            48.0141531097516
                        ],
                        [
                            0.154688436095959,
                            48.0141503793763
                        ],
                        [
                            0.154687144077303,
                            48.014149447638
                        ],
                        [
                            0.154685900376977,
                            48.0141476165812
                        ],
                        [
                            0.154684608358432,
                            48.0141466848428
                        ],
                        [
                            0.154682072639826,
                            48.0141439220476
                        ],
                        [
                            0.154680780621439,
                            48.0141429903092
                        ],
                        [
                            0.154679536921483,
                            48.0141411592523
                        ],
                        [
                            0.154678244903209,
                            48.0141402275138
                        ],
                        [
                            0.15467695288498,
                            48.0141392957754
                        ],
                        [
                            0.154675709185243,
                            48.0141374647184
                        ],
                        [
                            0.154674417167126,
                            48.01413653298
                        ],
                        [
                            0.154673125149055,
                            48.0141356012415
                        ],
                        [
                            0.154671833131028,
                            48.014134669503
                        ],
                        [
                            0.154670589431577,
                            48.014132838446
                        ],
                        [
                            0.154667957077223,
                            48.0141318742874
                        ],
                        [
                            0.154666665059379,
                            48.0141309425488
                        ],
                        [
                            0.154665373041579,
                            48.0141300108102
                        ],
                        [
                            0.154664081023826,
                            48.0141290790717
                        ],
                        [
                            0.154662789006118,
                            48.0141281473331
                        ],
                        [
                            0.154660204970839,
                            48.0141262838558
                        ],
                        [
                            0.154658912953266,
                            48.0141253521172
                        ],
                        [
                            0.154657620935741,
                            48.0141244203785
                        ],
                        [
                            0.15465498858204,
                            48.0141234562196
                        ],
                        [
                            0.154653696564629,
                            48.0141225244809
                        ],
                        [
                            0.154652404547263,
                            48.0141215927422
                        ],
                        [
                            0.154649772193799,
                            48.0141206285832
                        ],
                        [
                            0.154648480176549,
                            48.0141196968444
                        ],
                        [
                            0.154647188159344,
                            48.0141187651056
                        ],
                        [
                            0.154644507487156,
                            48.014118700265
                        ],
                        [
                            0.154643215470046,
                            48.0141177685262
                        ],
                        [
                            0.154640583116938,
                            48.014116804367
                        ],
                        [
                            0.154639291099942,
                            48.0141158726281
                        ],
                        [
                            0.154636658747001,
                            48.0141149084688
                        ],
                        [
                            0.154635366730121,
                            48.0141139767299
                        ],
                        [
                            0.15463268605819,
                            48.014113911889
                        ],
                        [
                            0.154631394041404,
                            48.0141129801501
                        ],
                        [
                            0.154628761688749,
                            48.0141120159906
                        ],
                        [
                            0.154627421352837,
                            48.0141119835701
                        ],
                        [
                            0.154624789000304,
                            48.0141110194105
                        ],
                        [
                            0.154623496983728,
                            48.0141100876715
                        ],
                        [
                            0.154620816312009,
                            48.0141100228303
                        ],
                        [
                            0.154618183959693,
                            48.0141090586706
                        ],
                        [
                            0.154616843623862,
                            48.01410902625
                        ],
                        [
                            0.154614211271669,
                            48.0141080620902
                        ],
                        [
                            0.154611530600063,
                            48.0141079972488
                        ],
                        [
                            0.154610238583794,
                            48.0141070655096
                        ],
                        [
                            0.154607557912244,
                            48.0141070006681
                        ],
                        [
                            0.15460621757647,
                            48.0141069682474
                        ],
                        [
                            0.154603585224573,
                            48.0141060040874
                        ],
                        [
                            0.154600904553085,
                            48.0141059392457
                        ],
                        [
                            0.154599564217343,
                            48.0141059068249
                        ],
                        [
                            0.15459693186562,
                            48.0141049426647
                        ],
                        [
                            0.154594251194193,
                            48.014104877823
                        ],
                        [
                            0.154592910858483,
                            48.014104845402
                        ],
                        [
                            0.154590230187066,
                            48.0141047805602
                        ],
                        [
                            0.154587549515656,
                            48.0141047157183
                        ],
                        [
                            0.154586257499888,
                            48.0141037839788
                        ],
                        [
                            0.154583576828534,
                            48.0141037191368
                        ],
                        [
                            0.154580896157185,
                            48.0141036542947
                        ],
                        [
                            0.154571513807519,
                            48.014103427347
                        ],
                        [
                            0.154570173471859,
                            48.0141033949258
                        ],
                        [
                            0.154567444480291,
                            48.0141042294019
                        ],
                        [
                            0.154564763808937,
                            48.0141041645595
                        ],
                        [
                            0.154563423473262,
                            48.0141041321382
                        ],
                        [
                            0.154560742801918,
                            48.0141040672957
                        ],
                        [
                            0.15455806213058,
                            48.0141040024531
                        ],
                        [
                            0.154556673474478,
                            48.0141048693503
                        ],
                        [
                            0.154553992803104,
                            48.0141048045076
                        ],
                        [
                            0.15455265246742,
                            48.0141047720862
                        ],
                        [
                            0.154549923475505,
                            48.0141056065619
                        ],
                        [
                            0.154547242804103,
                            48.0141055417191
                        ],
                        [
                            0.154545902468404,
                            48.0141055092976
                        ],
                        [
                            0.154543173476345,
                            48.0141063437732
                        ],
                        [
                            0.154540492804913,
                            48.0141062789302
                        ],
                        [
                            0.154539104148464,
                            48.0141071458271
                        ],
                        [
                            0.154536423476997,
                            48.014107080984
                        ],
                        [
                            0.15453503482046,
                            48.0141079478809
                        ],
                        [
                            0.154532354148957,
                            48.0141078830377
                        ],
                        [
                            0.154529625156563,
                            48.0141087175129
                        ],
                        [
                            0.154528236499871,
                            48.0141095844098
                        ],
                        [
                            0.154525555828294,
                            48.0141095195664
                        ],
                        [
                            0.154524167171515,
                            48.0141103864632
                        ],
                        [
                            0.154521438178862,
                            48.0141112209382
                        ],
                        [
                            0.154520097843036,
                            48.0141111885165
                        ],
                        [
                            0.154517368850278,
                            48.0141120229914
                        ],
                        [
                            0.1545159801933,
                            48.0141128898881
                        ],
                        [
                            0.154513251200389,
                            48.0141137243629
                        ],
                        [
                            0.154511862543298,
                            48.0141145912595
                        ],
                        [
                            0.154509133550236,
                            48.0141154257342
                        ],
                        [
                            0.15450779321431,
                            48.0141153933124
                        ],
                        [
                            0.154505064221141,
                            48.014116227787
                        ],
                        [
                            0.154503675563851,
                            48.0141170946835
                        ],
                        [
                            0.154502286906516,
                            48.01411796158
                        ],
                        [
                            0.154498169255681,
                            48.014119662951
                        ],
                        [
                            0.154496780598188,
                            48.0141205298474
                        ],
                        [
                            0.154494051604581,
                            48.0141213643218
                        ],
                        [
                            0.154492662946977,
                            48.0141222312181
                        ],
                        [
                            0.154491274289326,
                            48.0141230981145
                        ],
                        [
                            0.154489837310042,
                            48.0141248643293
                        ],
                        [
                            0.154487108316102,
                            48.0141256988035
                        ],
                        [
                            0.154485719658271,
                            48.0141265656998
                        ],
                        [
                            0.154484331000392,
                            48.0141274325961
                        ],
                        [
                            0.15448294234247,
                            48.0141282994923
                        ],
                        [
                            0.154481505362767,
                            48.014130065707
                        ],
                        [
                            0.154478776368429,
                            48.014130900181
                        ],
                        [
                            0.154477387710323,
                            48.0141317670773
                        ],
                        [
                            0.154475999052174,
                            48.0141326339734
                        ],
                        [
                            0.154474562072121,
                            48.014134400188
                        ],
                        [
                            0.154473173413856,
                            48.0141352670841
                        ],
                        [
                            0.154471784755545,
                            48.0141361339803
                        ],
                        [
                            0.154470347775257,
                            48.0141379001948
                        ],
                        [
                            0.154468959116831,
                            48.0141387670909
                        ],
                        [
                            0.154467570458359,
                            48.014139633987
                        ],
                        [
                            0.154466133477836,
                            48.0141414002014
                        ],
                        [
                            0.154466085155828,
                            48.0141422995198
                        ],
                        [
                            0.154464648175184,
                            48.0141440657343
                        ],
                        [
                            0.154463259516502,
                            48.0141449326303
                        ],
                        [
                            0.154461822535691,
                            48.0141466988447
                        ],
                        [
                            0.154460433876896,
                            48.0141475657407
                        ],
                        [
                            0.154458996895919,
                            48.0141493319551
                        ],
                        [
                            0.154458948573782,
                            48.0141502312735
                        ],
                        [
                            0.154457511592685,
                            48.0141519974878
                        ],
                        [
                            0.154456122933679,
                            48.0141528643837
                        ],
                        [
                            0.154456026289301,
                            48.0141546630205
                        ],
                        [
                            0.154454637630201,
                            48.0141555299165
                        ],
                        [
                            0.154453200648816,
                            48.0141572961307
                        ],
                        [
                            0.15445310400433,
                            48.0141590947675
                        ],
                        [
                            0.154451715345066,
                            48.0141599616634
                        ],
                        [
                            0.154451618700525,
                            48.0141617603002
                        ],
                        [
                            0.154450230041167,
                            48.014162627196
                        ],
                        [
                            0.154450133396572,
                            48.0141644258328
                        ],
                        [
                            0.154448696414794,
                            48.014166192047
                        ],
                        [
                            0.154448648092468,
                            48.0141670913654
                        ],
                        [
                            0.15444855144781,
                            48.0141688900022
                        ],
                        [
                            0.154447162788215,
                            48.014169756898
                        ],
                        [
                            0.154447066143502,
                            48.0141715555348
                        ],
                        [
                            0.154446969498783,
                            48.0141733541715
                        ],
                        [
                            0.154445580839045,
                            48.0141742210673
                        ],
                        [
                            0.15444548419427,
                            48.0141760197041
                        ],
                        [
                            0.154445387549489,
                            48.0141778183408
                        ],
                        [
                            0.154445339227096,
                            48.0141787176592
                        ],
                        [
                            0.154445242582304,
                            48.014180516296
                        ],
                        [
                            0.154443805599927,
                            48.0141822825101
                        ],
                        [
                            0.154443757277503,
                            48.0141831818285
                        ],
                        [
                            0.15444366063265,
                            48.0141849804652
                        ],
                        [
                            0.15444356398779,
                            48.014186779102
                        ],
                        [
                            0.154443419020488,
                            48.0141894770571
                        ],
                        [
                            0.154443322375612,
                            48.0141912756938
                        ],
                        [
                            0.154443225730729,
                            48.0141930743305
                        ],
                        [
                            0.154443177408285,
                            48.0141939736489
                        ],
                        [
                            0.154444421101312,
                            48.0141958047082
                        ],
                        [
                            0.154444324456459,
                            48.014197603345
                        ],
                        [
                            0.154444276134029,
                            48.0141985026633
                        ],
                        [
                            0.154444179489166,
                            48.0142003013001
                        ],
                        [
                            0.154445423182376,
                            48.0142021323594
                        ],
                        [
                            0.15444537485996,
                            48.0142030316778
                        ],
                        [
                            0.154445278215127,
                            48.0142048303145
                        ],
                        [
                            0.15444652190848,
                            48.0142066613738
                        ],
                        [
                            0.15444647358608,
                            48.0142075606922
                        ],
                        [
                            0.154446376941274,
                            48.0142093593289
                        ],
                        [
                            0.154447668957157,
                            48.0142102910698
                        ],
                        [
                            0.154447572312387,
                            48.0142120897065
                        ],
                        [
                            0.154448767683623,
                            48.0142148200842
                        ],
                        [
                            0.154450011377333,
                            48.0142166511434
                        ],
                        [
                            0.154449963054983,
                            48.0142175504618
                        ],
                        [
                            0.154451206748798,
                            48.0142193815211
                        ],
                        [
                            0.154452450442698,
                            48.0142212125802
                        ],
                        [
                            0.154452402120385,
                            48.0142221118986
                        ],
                        [
                            0.154453645814391,
                            48.0142239429578
                        ],
                        [
                            0.154454937830757,
                            48.0142248746987
                        ],
                        [
                            0.154454841186207,
                            48.0142266733354
                        ],
                        [
                            0.154456133202662,
                            48.0142276050762
                        ],
                        [
                            0.154457376896926,
                            48.0142294361354
                        ],
                        [
                            0.154458668913491,
                            48.0142303678762
                        ],
                        [
                            0.154459912607907,
                            48.0142321989353
                        ],
                        [
                            0.154459864285712,
                            48.0142330982537
                        ],
                        [
                            0.154461107980233,
                            48.0142349293128
                        ],
                        [
                            0.154462399996999,
                            48.0142358610535
                        ],
                        [
                            0.154463692013809,
                            48.0142367927943
                        ],
                        [
                            0.15446493570855,
                            48.0142386238534
                        ],
                        [
                            0.154466227725472,
                            48.0142395555941
                        ],
                        [
                            0.15446751974244,
                            48.0142404873348
                        ],
                        [
                            0.154468763437401,
                            48.0142423183938
                        ],
                        [
                            0.154470055454481,
                            48.0142432501344
                        ],
                        [
                            0.154471347471606,
                            48.0142441818751
                        ],
                        [
                            0.154472591166785,
                            48.0142460129341
                        ],
                        [
                            0.154475223523256,
                            48.014246977097
                        ],
                        [
                            0.154476515540562,
                            48.0142479088376
                        ],
                        [
                            0.154477807557915,
                            48.0142488405781
                        ],
                        [
                            0.154479099575313,
                            48.0142497723187
                        ],
                        [
                            0.154480343270891,
                            48.0142516033776
                        ],
                        [
                            0.154482975627781,
                            48.0142525675403
                        ],
                        [
                            0.15448426764536,
                            48.0142534992808
                        ],
                        [
                            0.154486851680657,
                            48.0142553627618
                        ],
                        [
                            0.154489484037851,
                            48.0142563269244
                        ],
                        [
                            0.154490776055637,
                            48.0142572586648
                        ],
                        [
                            0.154492068073468,
                            48.0142581904052
                        ],
                        [
                            0.154495992448845,
                            48.014260086308
                        ],
                        [
                            0.154497284466837,
                            48.0142610180484
                        ],
                        [
                            0.154499916824502,
                            48.0142619822107
                        ],
                        [
                            0.15450120884261,
                            48.014262913951
                        ],
                        [
                            0.15450384120044,
                            48.0142638781132
                        ],
                        [
                            0.154505133218664,
                            48.0142648098535
                        ],
                        [
                            0.154507813898073,
                            48.0142648746973
                        ],
                        [
                            0.154509105916389,
                            48.0142658064375
                        ],
                        [
                            0.154511738274508,
                            48.0142667705996
                        ],
                        [
                            0.154513030292939,
                            48.0142677023398
                        ],
                        [
                            0.154515710972505,
                            48.0142677671834
                        ],
                        [
                            0.154517002991031,
                            48.0142686989235
                        ],
                        [
                            0.154519635349437,
                            48.0142696630854
                        ],
                        [
                            0.154520975689273,
                            48.0142696955071
                        ],
                        [
                            0.154523608047799,
                            48.0142706596689
                        ],
                        [
                            0.154524900066536,
                            48.014271591409
                        ],
                        [
                            0.154527580746312,
                            48.0142716562523
                        ],
                        [
                            0.154530213105057,
                            48.0142726204139
                        ],
                        [
                            0.154531553444974,
                            48.0142726528356
                        ],
                        [
                            0.154534185803841,
                            48.0142736169971
                        ],
                        [
                            0.154535526143785,
                            48.0142736494186
                        ],
                        [
                            0.154538206823679,
                            48.0142737142618
                        ],
                        [
                            0.15454083918272,
                            48.0142746784231
                        ],
                        [
                            0.154542179522695,
                            48.0142747108447
                        ],
                        [
                            0.154544811881857,
                            48.0142756750059
                        ],
                        [
                            0.154547492561866,
                            48.0142757398489
                        ],
                        [
                            0.154548832901871,
                            48.0142757722703
                        ],
                        [
                            0.154551513581889,
                            48.0142758371131
                        ],
                        [
                            0.154554194261913,
                            48.0142759019558
                        ],
                        [
                            0.154555486281314,
                            48.0142768336955
                        ],
                        [
                            0.154558166961394,
                            48.0142768985381
                        ],
                        [
                            0.15456084764148,
                            48.0142769633807
                        ],
                        [
                            0.154562187981525,
                            48.014276995802
                        ],
                        [
                            0.154564868661621,
                            48.0142770606445
                        ],
                        [
                            0.154567549341723,
                            48.0142771254869
                        ],
                        [
                            0.154571570361889,
                            48.0142772227505
                        ],
                        [
                            0.154574251042008,
                            48.0142772875927
                        ],
                        [
                            0.154576931722133,
                            48.0142773524349
                        ],
                        [
                            0.154578272062198,
                            48.014277384856
                        ],
                        [
                            0.154580952742333,
                            48.0142774496982
                        ],
                        [
                            0.154583633422474,
                            48.0142775145402
                        ],
                        [
                            0.154585022082661,
                            48.0142766476428
                        ],
                        [
                            0.154587702762768,
                            48.0142767124848
                        ],
                        [
                            0.154590383442879,
                            48.0142767773267
                        ],
                        [
                            0.154591723782938,
                            48.0142768097476
                        ],
                        [
                            0.154594452783014,
                            48.0142759752711
                        ],
                        [
                            0.154597133463097,
                            48.0142760401128
                        ],
                        [
                            0.154598473803142,
                            48.0142760725337
                        ],
                        [
                            0.154601202803072,
                            48.014275238057
                        ],
                        [
                            0.154602543143099,
                            48.0142752704778
                        ],
                        [
                            0.154605272142923,
                            48.014274436001
                        ],
                        [
                            0.154607952822943,
                            48.0142745008425
                        ],
                        [
                            0.154609341482652,
                            48.0142736339448
                        ],
                        [
                            0.154612022162635,
                            48.0142736987862
                        ],
                        [
                            0.154613410822257,
                            48.0142728318885
                        ],
                        [
                            0.154616091502205,
                            48.0142728967298
                        ],
                        [
                            0.154617480161739,
                            48.0142720298321
                        ],
                        [
                            0.154620209161162,
                            48.0142711953549
                        ],
                        [
                            0.154622938160499,
                            48.0142703608777
                        ],
                        [
                            0.154624278500415,
                            48.0142703932982
                        ],
                        [
                            0.154627007499647,
                            48.0142695588209
                        ],
                        [
                            0.154628396158916,
                            48.014268691923
                        ],
                        [
                            0.154631076838671,
                            48.014268756764
                        ],
                        [
                            0.154632465497853,
                            48.0142678898661
                        ],
                        [
                            0.154635194496827,
                            48.0142670553886
                        ],
                        [
                            0.154636583155895,
                            48.0142661884906
                        ],
                        [
                            0.154637971814918,
                            48.0142653215926
                        ],
                        [
                            0.154640700813673,
                            48.0142644871149
                        ],
                        [
                            0.154642089472585,
                            48.0142636202169
                        ],
                        [
                            0.154644818471187,
                            48.0142627857392
                        ],
                        [
                            0.154646207129986,
                            48.0142619188411
                        ],
                        [
                            0.15464759578874,
                            48.014261051943
                        ],
                        [
                            0.154650324787122,
                            48.0142602174651
                        ],
                        [
                            0.154651713445765,
                            48.0142593505669
                        ],
                        [
                            0.154653102104362,
                            48.0142584836687
                        ],
                        [
                            0.15465721976101,
                            48.0142567822925
                        ],
                        [
                            0.154658608419448,
                            48.0142559153943
                        ],
                        [
                            0.154659997077843,
                            48.014255048496
                        ],
                        [
                            0.154665551710962,
                            48.0142515809028
                        ],
                        [
                            0.154666940369128,
                            48.0142507140044
                        ],
                        [
                            0.154668377345922,
                            48.0142489477876
                        ],
                        [
                            0.154671154661979,
                            48.0142472139908
                        ],
                        [
                            0.154672591638537,
                            48.014245447774
                        ],
                        [
                            0.154673980296428,
                            48.0142445808755
                        ],
                        [
                            0.154675368954273,
                            48.0142437139771
                        ],
                        [
                            0.154676805930596,
                            48.0142419477602
                        ],
                        [
                            0.154678194588325,
                            48.0142410808617
                        ],
                        [
                            0.154679583246009,
                            48.0142402139632
                        ],
                        [
                            0.154681020222097,
                            48.0142384477462
                        ],
                        [
                            0.154682408879666,
                            48.0142375808477
                        ],
                        [
                            0.154683845855588,
                            48.0142358146307
                        ],
                        [
                            0.154683894173985,
                            48.0142349153122
                        ],
                        [
                            0.154686719807144,
                            48.0142322821966
                        ],
                        [
                            0.15468815678278,
                            48.0142305159796
                        ],
                        [
                            0.154688205101098,
                            48.0142296166611
                        ],
                        [
                            0.154689642076611,
                            48.0142278504441
                        ],
                        [
                            0.154691030733761,
                            48.0142269835454
                        ],
                        [
                            0.154691127370293,
                            48.0142251849085
                        ],
                        [
                            0.154692564345588,
                            48.0142234186914
                        ],
                        [
                            0.154693953002574,
                            48.0142225517927
                        ],
                        [
                            0.154694049638998,
                            48.0142207531558
                        ],
                        [
                            0.154695438295891,
                            48.0142198862571
                        ],
                        [
                            0.154696923589058,
                            48.0142172207215
                        ],
                        [
                            0.154697020225372,
                            48.0142154220845
                        ],
                        [
                            0.154697116861679,
                            48.0142136234476
                        ],
                        [
                            0.154698505518335,
                            48.0142127565489
                        ],
                        [
                            0.154698602154587,
                            48.0142109579119
                        ],
                        [
                            0.154698698790832,
                            48.014209159275
                        ],
                        [
                            0.154700087447344,
                            48.0142082923763
                        ],
                        [
                            0.154700184083535,
                            48.0142064937393
                        ],
                        [
                            0.154700280719718,
                            48.0142046951024
                        ],
                        [
                            0.154700329037808,
                            48.0142037957839
                        ],
                        [
                            0.154701766012216,
                            48.0142020295667
                        ],
                        [
                            0.154701862648338,
                            48.0142002309298
                        ],
                        [
                            0.154701910966396,
                            48.0141993316113
                        ],
                        [
                            0.154702007602508,
                            48.0141975329743
                        ],
                        [
                            0.154702104238614,
                            48.0141957343374
                        ],
                        [
                            0.154702152556664,
                            48.0141948350189
                        ],
                        [
                            0.154702345828849,
                            48.014191237745
                        ]
                    ]
                ]
            },
            "properties": {
                "Nom": null,
                "ObjectId": 64,
                "Shape__Area": 653.48341369628906,
                "Shape__Length": 93.216996837184013,
                "Classe": "Autres écoles",
                "Code_batiment": "C8B15",
                "code_composante": "C8",
                "Etiquette": "ITEMM",
                "Recherche": null,
                "Texte_fenetre": null,
                "nom_composante": "Autres écoles"
            }
        },
        {
            "type": "Feature",
            "id": 65,
            "geometry": {
                "type": "Multipolygon",
                "coordinates": [
                    [
                        [
                            0.158460899113878,
                            48.0175292361998
                        ],
                        [
                            0.158694181711685,
                            48.0175339699794
                        ],
                        [
                            0.158707000670799,
                            48.0172200109339
                        ],
                        [
                            0.158473718072992,
                            48.0172152771255
                        ],
                        [
                            0.158460899113878,
                            48.0175292361998
                        ]
                    ]
                ]
            },
            "properties": {
                "Nom": "Chimie",
                "ObjectId": 65,
                "Shape__Area": 1357.9784469604492,
                "Shape__Length": 156.49905955184886,
                "Classe": "IUT",
                "Code_batiment": "C4B6",
                "code_composante": "C4",
                "Etiquette": "Chimie",
                "Recherche": "Chimie (IUT Le Mans)",
                "Texte_fenetre": "\u003cdiv style=\"background-color: #FFFFFF; color: black; padding: 15px; border: none; border-radius: 10px; font-size: 16px; font-family: Luciole;\"\u003e\u003cfont size=\"4,5pt\"\u003e\u003cb\u003eIUT Le Mans\u003c/b\u003e\u003c/font size\u003e\u003cbr\u003e\u003cbr\u003e\u003cb\u003eRez-de-chaussée\u003c/b\u003e\u003cbr\u003eSalles C000 \u003cbr\u003e\u003cbr\u003e\u003cb\u003eÉtage 1 \u003c/b\u003e\u003cbr\u003eSalles C100\u003cbr\u003e\u003cbr\u003e\u003cb\u003eÉtage 2\u003c/b\u003e\u003cbr\u003eSalles C200\u003cbr\u003e\u003cbr\u003e\u003ca href=\"https://iut.univ-lemans.fr/fr/departements/chimie.html\"style=\"color:#282F63;\"\u003ePlus d'informations\u003c/a\u003e\u003c/div\u003e",
                "nom_composante": "IUT"
            }
        },
        {
            "type": "Feature",
            "id": 67,
            "geometry": {
                "type": "Multipolygon",
                "coordinates": [
                    [
                        [
                            0.155608462244596,
                            48.0145121126876
                        ],
                        [
                            0.155608558850502,
                            48.0145103140503
                        ],
                        [
                            0.155608655456401,
                            48.0145085154129
                        ],
                        [
                            0.155608752062294,
                            48.0145067167756
                        ],
                        [
                            0.155608848668181,
                            48.0145049181383
                        ],
                        [
                            0.155608945274061,
                            48.0145031195009
                        ],
                        [
                            0.155607798139485,
                            48.0144994898169
                        ],
                        [
                            0.155607846442439,
                            48.0144985904983
                        ],
                        [
                            0.155607943048341,
                            48.0144967918609
                        ],
                        [
                            0.155606699308037,
                            48.0144949608142
                        ],
                        [
                            0.155606795913971,
                            48.0144931621769
                        ],
                        [
                            0.155605552173791,
                            48.0144913311302
                        ],
                        [
                            0.155605648779758,
                            48.0144895324928
                        ],
                        [
                            0.155604356736702,
                            48.0144886007648
                        ],
                        [
                            0.155604453342704,
                            48.0144868021274
                        ],
                        [
                            0.155603209602756,
                            48.0144849710807
                        ],
                        [
                            0.15560330620879,
                            48.0144831724433
                        ],
                        [
                            0.155600770426172,
                            48.0144804096684
                        ],
                        [
                            0.155600867032281,
                            48.0144786110311
                        ],
                        [
                            0.155598331250008,
                            48.0144758482562
                        ],
                        [
                            0.155598427856192,
                            48.0144740496188
                        ],
                        [
                            0.15559718411675,
                            48.014472218572
                        ],
                        [
                            0.155595940377394,
                            48.0144703875251
                        ],
                        [
                            0.155594648334975,
                            48.014469455797
                        ],
                        [
                            0.155593404595771,
                            48.0144676247501
                        ],
                        [
                            0.155592160856654,
                            48.0144657937032
                        ],
                        [
                            0.155590868814414,
                            48.014464861975
                        ],
                        [
                            0.155589625075448,
                            48.0144630309281
                        ],
                        [
                            0.155589673378677,
                            48.0144621316094
                        ],
                        [
                            0.155587089294507,
                            48.0144602681529
                        ],
                        [
                            0.155585845555781,
                            48.014458437106
                        ],
                        [
                            0.155584553513831,
                            48.0144575053776
                        ],
                        [
                            0.155583309775256,
                            48.0144556743307
                        ],
                        [
                            0.155582017733419,
                            48.0144547426023
                        ],
                        [
                            0.155580773994997,
                            48.0144529115553
                        ],
                        [
                            0.155579481953271,
                            48.014451979827
                        ],
                        [
                            0.15557818991159,
                            48.0144510480986
                        ],
                        [
                            0.155575605828364,
                            48.0144491846418
                        ],
                        [
                            0.15557431378682,
                            48.0144482529134
                        ],
                        [
                            0.155570437662458,
                            48.0144454577281
                        ],
                        [
                            0.155569145621095,
                            48.0144445259997
                        ],
                        [
                            0.155567901883358,
                            48.0144426949525
                        ],
                        [
                            0.155565269497279,
                            48.0144417308142
                        ],
                        [
                            0.155563977456098,
                            48.0144407990857
                        ],
                        [
                            0.155562685414963,
                            48.0144398673571
                        ],
                        [
                            0.155560101332828,
                            48.0144380039
                        ],
                        [
                            0.155558809291829,
                            48.0144370721714
                        ],
                        [
                            0.155556176906195,
                            48.0144361080329
                        ],
                        [
                            0.15555488486531,
                            48.0144351763042
                        ],
                        [
                            0.155552252479842,
                            48.0144342121656
                        ],
                        [
                            0.155550960439072,
                            48.0144332804369
                        ],
                        [
                            0.155548328053769,
                            48.0144323162982
                        ],
                        [
                            0.155547036013116,
                            48.0144313845695
                        ],
                        [
                            0.155544403627978,
                            48.0144304204307
                        ],
                        [
                            0.155541771242937,
                            48.0144294562919
                        ],
                        [
                            0.155540479202468,
                            48.0144285245631
                        ],
                        [
                            0.155537846817592,
                            48.0144275604241
                        ],
                        [
                            0.155535214432812,
                            48.0144265962851
                        ],
                        [
                            0.155533922392528,
                            48.0144256645563
                        ],
                        [
                            0.155531290007914,
                            48.0144247004172
                        ],
                        [
                            0.155528609319165,
                            48.0144246355967
                        ],
                        [
                            0.155527317279045,
                            48.0144237038678
                        ],
                        [
                            0.155524684894648,
                            48.0144227397285
                        ],
                        [
                            0.155522052510347,
                            48.0144217755892
                        ],
                        [
                            0.155519371821758,
                            48.0144217107686
                        ],
                        [
                            0.155518079781872,
                            48.0144207790395
                        ],
                        [
                            0.155515447397789,
                            48.0144198149001
                        ],
                        [
                            0.155512766709307,
                            48.0144197500792
                        ],
                        [
                            0.155510134325371,
                            48.0144187859397
                        ],
                        [
                            0.155507453636948,
                            48.0144187211187
                        ],
                        [
                            0.155506161597345,
                            48.0144177893896
                        ],
                        [
                            0.155503480908977,
                            48.0144177245685
                        ],
                        [
                            0.15550084852531,
                            48.0144167604287
                        ],
                        [
                            0.155498167837,
                            48.0144166956075
                        ],
                        [
                            0.155495487148698,
                            48.0144166307863
                        ],
                        [
                            0.155494195109356,
                            48.0144156990571
                        ],
                        [
                            0.155491514421108,
                            48.0144156342357
                        ],
                        [
                            0.155488833732867,
                            48.0144155694143
                        ],
                        [
                            0.155486153044633,
                            48.0144155045929
                        ],
                        [
                            0.155483520661393,
                            48.0144145404527
                        ],
                        [
                            0.155480839973217,
                            48.0144144756311
                        ],
                        [
                            0.155478159285047,
                            48.0144144108095
                        ],
                        [
                            0.155475478596884,
                            48.0144143459878
                        ],
                        [
                            0.155474138252805,
                            48.014414313577
                        ],
                        [
                            0.155463415500233,
                            48.0144140542895
                        ],
                        [
                            0.155460734812106,
                            48.0144139894675
                        ],
                        [
                            0.155458054123985,
                            48.0144139246454
                        ],
                        [
                            0.155455373435871,
                            48.0144138598233
                        ],
                        [
                            0.15545398478633,
                            48.0144147267309
                        ],
                        [
                            0.15545130409818,
                            48.0144146619086
                        ],
                        [
                            0.155448623410037,
                            48.0144145970863
                        ],
                        [
                            0.155445942721902,
                            48.014414532264
                        ],
                        [
                            0.155443213728102,
                            48.0144153667602
                        ],
                        [
                            0.155440533039933,
                            48.0144153019377
                        ],
                        [
                            0.155439192695851,
                            48.0144152695265
                        ],
                        [
                            0.155436463701907,
                            48.0144161040226
                        ],
                        [
                            0.155433783013709,
                            48.0144160391999
                        ],
                        [
                            0.155431054019639,
                            48.0144168736959
                        ],
                        [
                            0.155428373331409,
                            48.0144168088732
                        ],
                        [
                            0.155425644337216,
                            48.014417643369
                        ],
                        [
                            0.155424303993084,
                            48.0144176109575
                        ],
                        [
                            0.155421574998784,
                            48.0144184454533
                        ],
                        [
                            0.155418846004399,
                            48.0144192799489
                        ],
                        [
                            0.155416165316062,
                            48.0144192151259
                        ],
                        [
                            0.155414776665738,
                            48.014420082033
                        ],
                        [
                            0.155412047671162,
                            48.0144209165285
                        ],
                        [
                            0.155406637988048,
                            48.0144216862007
                        ],
                        [
                            0.155405249337504,
                            48.0144225531077
                        ],
                        [
                            0.15540252034265,
                            48.014423387603
                        ],
                        [
                            0.155399791347709,
                            48.0144242220982
                        ],
                        [
                            0.155398402696986,
                            48.0144250890051
                        ],
                        [
                            0.155395673701894,
                            48.0144259235002
                        ],
                        [
                            0.155394285051058,
                            48.0144267904071
                        ],
                        [
                            0.155391556055814,
                            48.0144276249021
                        ],
                        [
                            0.155388827060482,
                            48.0144284593971
                        ],
                        [
                            0.155387438409468,
                            48.0144293263039
                        ],
                        [
                            0.155384709413986,
                            48.0144301607987
                        ],
                        [
                            0.155380591767223,
                            48.0144318622002
                        ],
                        [
                            0.155379203115986,
                            48.0144327291069
                        ],
                        [
                            0.155376474120198,
                            48.0144335636016
                        ],
                        [
                            0.155375037162003,
                            48.0144353298268
                        ],
                        [
                            0.155372308166014,
                            48.0144361643214
                        ],
                        [
                            0.155370919514529,
                            48.014437031228
                        ],
                        [
                            0.155369530862998,
                            48.0144378981345
                        ],
                        [
                            0.155366753559799,
                            48.0144396319476
                        ],
                        [
                            0.155365364908132,
                            48.0144404988541
                        ],
                        [
                            0.15536397625642,
                            48.0144413657606
                        ],
                        [
                            0.155361198952859,
                            48.0144430995735
                        ],
                        [
                            0.155359810301009,
                            48.0144439664799
                        ],
                        [
                            0.155358421649115,
                            48.0144448333863
                        ],
                        [
                            0.155356984690012,
                            48.0144465996114
                        ],
                        [
                            0.155355596038002,
                            48.0144474665177
                        ],
                        [
                            0.155352818733846,
                            48.0144492003304
                        ],
                        [
                            0.1553514300817,
                            48.0144500672368
                        ],
                        [
                            0.155349993122223,
                            48.0144518334617
                        ],
                        [
                            0.155348604469961,
                            48.014452700368
                        ],
                        [
                            0.155347167510319,
                            48.0144544665929
                        ],
                        [
                            0.155345730550579,
                            48.0144562328177
                        ],
                        [
                            0.155344341898133,
                            48.0144570997239
                        ],
                        [
                            0.155342904938228,
                            48.0144588659488
                        ],
                        [
                            0.155341516285667,
                            48.014459732855
                        ],
                        [
                            0.155340079325596,
                            48.0144614990798
                        ],
                        [
                            0.155338642365429,
                            48.0144632653045
                        ],
                        [
                            0.155337253712683,
                            48.0144641322107
                        ],
                        [
                            0.15533715709765,
                            48.0144659308478
                        ],
                        [
                            0.155334331484356,
                            48.0144685639787
                        ],
                        [
                            0.155332894523806,
                            48.0144703302034
                        ],
                        [
                            0.155332797908615,
                            48.0144721288405
                        ],
                        [
                            0.155331360947918,
                            48.0144738950652
                        ],
                        [
                            0.155329972294773,
                            48.0144747619712
                        ],
                        [
                            0.15532843871856,
                            48.014478326833
                        ],
                        [
                            0.155328342103202,
                            48.0144801254701
                        ],
                        [
                            0.155326905142139,
                            48.0144818916947
                        ],
                        [
                            0.155326856834432,
                            48.0144827910133
                        ],
                        [
                            0.155325419873248,
                            48.0144845572378
                        ],
                        [
                            0.155325323257776,
                            48.014486355875
                        ],
                        [
                            0.155323886296443,
                            48.0144881220995
                        ],
                        [
                            0.155323789680913,
                            48.0144899207367
                        ],
                        [
                            0.155323693065377,
                            48.0144917193737
                        ],
                        [
                            0.15532230441164,
                            48.0144925862797
                        ],
                        [
                            0.155322207796048,
                            48.0144943849168
                        ],
                        [
                            0.15532211118045,
                            48.0144961835539
                        ],
                        [
                            0.155322014564845,
                            48.0144979821911
                        ],
                        [
                            0.155320577603087,
                            48.0144997484156
                        ],
                        [
                            0.155320480987423,
                            48.0145015470527
                        ],
                        [
                            0.155320287756077,
                            48.0145051443268
                        ],
                        [
                            0.155320239448236,
                            48.0145060436454
                        ],
                        [
                            0.155320046216857,
                            48.0145096409196
                        ],
                        [
                            0.155319852985451,
                            48.0145132381938
                        ],
                        [
                            0.15532109671627,
                            48.0145150692435
                        ],
                        [
                            0.155321000100596,
                            48.0145168678806
                        ],
                        [
                            0.155320903484916,
                            48.0145186665176
                        ],
                        [
                            0.155320855177073,
                            48.0145195658362
                        ],
                        [
                            0.155320758561382,
                            48.0145213644733
                        ],
                        [
                            0.155322002292425,
                            48.014523195523
                        ],
                        [
                            0.155321905676766,
                            48.01452499416
                        ],
                        [
                            0.155321809061102,
                            48.0145267927971
                        ],
                        [
                            0.155323052792308,
                            48.0145286238468
                        ],
                        [
                            0.155323004484493,
                            48.0145295231653
                        ],
                        [
                            0.155324248215804,
                            48.014531354215
                        ],
                        [
                            0.155325395331644,
                            48.0145349839017
                        ],
                        [
                            0.15532529871608,
                            48.0145367825387
                        ],
                        [
                            0.155326494139875,
                            48.0145395129069
                        ],
                        [
                            0.155327737871541,
                            48.0145413439565
                        ],
                        [
                            0.155328981603294,
                            48.0145431750061
                        ],
                        [
                            0.155328933295566,
                            48.0145440743246
                        ],
                        [
                            0.155330177027423,
                            48.0145459053742
                        ],
                        [
                            0.155331420759367,
                            48.0145477364238
                        ],
                        [
                            0.155332664491396,
                            48.0145495674733
                        ],
                        [
                            0.155332616183725,
                            48.0145504667918
                        ],
                        [
                            0.15533385991586,
                            48.0145522978414
                        ],
                        [
                            0.155335103648081,
                            48.0145541288909
                        ],
                        [
                            0.155336395688001,
                            48.0145550606218
                        ],
                        [
                            0.155337639420375,
                            48.0145568916713
                        ],
                        [
                            0.155338883152834,
                            48.0145587227208
                        ],
                        [
                            0.155340175192932,
                            48.0145596544517
                        ],
                        [
                            0.155341418925545,
                            48.0145614855012
                        ],
                        [
                            0.155342710965754,
                            48.0145624172321
                        ],
                        [
                            0.15534395469852,
                            48.0145642482815
                        ],
                        [
                            0.155346490471757,
                            48.0145670110617
                        ],
                        [
                            0.155347782512192,
                            48.0145679427926
                        ],
                        [
                            0.155350366593197,
                            48.0145698062542
                        ],
                        [
                            0.155351658633768,
                            48.014570737985
                        ],
                        [
                            0.155352902367036,
                            48.0145725690343
                        ],
                        [
                            0.15535419440772,
                            48.014573500765
                        ],
                        [
                            0.155356826796504,
                            48.014574464908
                        ],
                        [
                            0.155358070530039,
                            48.0145762959573
                        ],
                        [
                            0.155359362570904,
                            48.0145772276879
                        ],
                        [
                            0.155361994959968,
                            48.0145781918308
                        ],
                        [
                            0.15536323869377,
                            48.01458002288
                        ],
                        [
                            0.155364530734815,
                            48.0145809546107
                        ],
                        [
                            0.155367163124159,
                            48.0145819187534
                        ],
                        [
                            0.15536845516532,
                            48.014582850484
                        ],
                        [
                            0.155371039247779,
                            48.0145847139451
                        ],
                        [
                            0.155372331289077,
                            48.0145856456757
                        ],
                        [
                            0.155374963678796,
                            48.0145866098182
                        ],
                        [
                            0.155378888110092,
                            48.0145885056912
                        ],
                        [
                            0.155380180151621,
                            48.0145894374217
                        ],
                        [
                            0.155382812541671,
                            48.0145904015641
                        ],
                        [
                            0.155384104583315,
                            48.0145913332945
                        ],
                        [
                            0.15538673697353,
                            48.0145922974367
                        ],
                        [
                            0.155389369363842,
                            48.014593261579
                        ],
                        [
                            0.15539066140567,
                            48.0145941933093
                        ],
                        [
                            0.155393293796147,
                            48.0145951574515
                        ],
                        [
                            0.15539592618672,
                            48.0145961215935
                        ],
                        [
                            0.15539726653535,
                            48.0145961540053
                        ],
                        [
                            0.155399898926045,
                            48.0145971181473
                        ],
                        [
                            0.155402531316835,
                            48.0145980822892
                        ],
                        [
                            0.155405163707721,
                            48.0145990464311
                        ],
                        [
                            0.155406504056432,
                            48.0145990788427
                        ],
                        [
                            0.15540913644744,
                            48.0146000429845
                        ],
                        [
                            0.155411768838543,
                            48.0146010071262
                        ],
                        [
                            0.155418373969854,
                            48.014602967821
                        ],
                        [
                            0.155423735365134,
                            48.0146030974669
                        ],
                        [
                            0.155426367756656,
                            48.0146040616082
                        ],
                        [
                            0.155427708105506,
                            48.0146040940196
                        ],
                        [
                            0.155430340497149,
                            48.014605058161
                        ],
                        [
                            0.155433021194906,
                            48.0146051229836
                        ],
                        [
                            0.15543570189267,
                            48.0146051878063
                        ],
                        [
                            0.155438334284512,
                            48.0146061519474
                        ],
                        [
                            0.155441014982335,
                            48.0146062167699
                        ],
                        [
                            0.155442355331249,
                            48.0146062491812
                        ],
                        [
                            0.155447668421149,
                            48.0146072781445
                        ],
                        [
                            0.155450349119041,
                            48.0146073429668
                        ],
                        [
                            0.155453029816938,
                            48.014607407789
                        ],
                        [
                            0.155455710514841,
                            48.0146074726112
                        ],
                        [
                            0.155458391212752,
                            48.0146075374334
                        ],
                        [
                            0.15546241225963,
                            48.0146076346664
                        ],
                        [
                            0.155465092957556,
                            48.0146076994884
                        ],
                        [
                            0.15546777365549,
                            48.0146077643103
                        ],
                        [
                            0.15547045435343,
                            48.0146078291322
                        ],
                        [
                            0.155473183356715,
                            48.0146069946354
                        ],
                        [
                            0.155478544752536,
                            48.0146071242788
                        ],
                        [
                            0.155481225450457,
                            48.0146071891004
                        ],
                        [
                            0.155482614104598,
                            48.0146063221926
                        ],
                        [
                            0.155485294802482,
                            48.0146063870141
                        ],
                        [
                            0.155487975500374,
                            48.0146064518356
                        ],
                        [
                            0.155490704503312,
                            48.0146056173384
                        ],
                        [
                            0.155493385201172,
                            48.0146056821597
                        ],
                        [
                            0.155496065899038,
                            48.014605746981
                        ],
                        [
                            0.155497454552897,
                            48.014604880073
                        ],
                        [
                            0.155500135250728,
                            48.0146049448942
                        ],
                        [
                            0.155502864253397,
                            48.0146041103968
                        ],
                        [
                            0.155509662607335,
                            48.0146024738121
                        ],
                        [
                            0.155512391609727,
                            48.0146016393144
                        ],
                        [
                            0.155515072307411,
                            48.0146017041353
                        ],
                        [
                            0.155517801309678,
                            48.0146008696375
                        ],
                        [
                            0.155519189963054,
                            48.0146000027293
                        ],
                        [
                            0.155521918965168,
                            48.0145991682314
                        ],
                        [
                            0.155524599662739,
                            48.014599233052
                        ],
                        [
                            0.155525988315962,
                            48.0145983661437
                        ],
                        [
                            0.155528717317885,
                            48.0145975316456
                        ],
                        [
                            0.155531446319721,
                            48.0145966971475
                        ],
                        [
                            0.155532834972764,
                            48.0145958302391
                        ],
                        [
                            0.155535563974449,
                            48.0145949957409
                        ],
                        [
                            0.155536952627381,
                            48.0145941288325
                        ],
                        [
                            0.155539681628912,
                            48.0145932943341
                        ],
                        [
                            0.155542410630358,
                            48.0145924598358
                        ],
                        [
                            0.155543799283112,
                            48.0145915929273
                        ],
                        [
                            0.155546528284405,
                            48.0145907584288
                        ],
                        [
                            0.155547916937046,
                            48.0145898915202
                        ],
                        [
                            0.155550645938187,
                            48.0145890570216
                        ],
                        [
                            0.155552082894697,
                            48.0145872907945
                        ],
                        [
                            0.155554811895639,
                            48.0145864562958
                        ],
                        [
                            0.155556200548031,
                            48.0145855893871
                        ],
                        [
                            0.155557589200379,
                            48.0145847224784
                        ],
                        [
                            0.155560366504937,
                            48.014582988661
                        ],
                        [
                            0.155561755157149,
                            48.0145821217523
                        ],
                        [
                            0.155563143809314,
                            48.0145812548436
                        ],
                        [
                            0.15556592111351,
                            48.014579521026
                        ],
                        [
                            0.155567309765539,
                            48.0145786541172
                        ],
                        [
                            0.155568698417523,
                            48.0145777872085
                        ],
                        [
                            0.155570135373126,
                            48.014576020981
                        ],
                        [
                            0.155572864373202,
                            48.0145751864819
                        ],
                        [
                            0.155574301328596,
                            48.0145734202544
                        ],
                        [
                            0.155575689980328,
                            48.0145725533455
                        ],
                        [
                            0.155577126935556,
                            48.014570787118
                        ],
                        [
                            0.155578515587174,
                            48.0145699202091
                        ],
                        [
                            0.155579952542235,
                            48.0145681539815
                        ],
                        [
                            0.155581341193737,
                            48.0145672870726
                        ],
                        [
                            0.155582778148635,
                            48.0145655208449
                        ],
                        [
                            0.155584166800021,
                            48.0145646539359
                        ],
                        [
                            0.155585603754752,
                            48.0145628877083
                        ],
                        [
                            0.155587040709387,
                            48.0145611214806
                        ],
                        [
                            0.155588429360588,
                            48.0145602545716
                        ],
                        [
                            0.155589866315058,
                            48.0145584883439
                        ],
                        [
                            0.155591303269432,
                            48.0145567221162
                        ],
                        [
                            0.155594128874657,
                            48.0145540889793
                        ],
                        [
                            0.155594225481126,
                            48.014552290342
                        ],
                        [
                            0.155595614131978,
                            48.0145514234329
                        ],
                        [
                            0.155597051085969,
                            48.0145496572051
                        ],
                        [
                            0.155598488039864,
                            48.0145478909773
                        ],
                        [
                            0.155598584646174,
                            48.01454609234
                        ],
                        [
                            0.155599973296793,
                            48.0145452254308
                        ],
                        [
                            0.155601506856672,
                            48.0145416605657
                        ],
                        [
                            0.155601603462868,
                            48.0145398619284
                        ],
                        [
                            0.155603040416346,
                            48.0145380957005
                        ],
                        [
                            0.155603088719415,
                            48.0145371963818
                        ],
                        [
                            0.155604525672771,
                            48.0145354301539
                        ],
                        [
                            0.155604622278853,
                            48.0145336315166
                        ],
                        [
                            0.155604718884929,
                            48.0145318328793
                        ],
                        [
                            0.155606155838085,
                            48.0145300666514
                        ],
                        [
                            0.155606252444102,
                            48.0145282680141
                        ],
                        [
                            0.155606349050112,
                            48.0145264693768
                        ],
                        [
                            0.155607737700091,
                            48.0145256024675
                        ],
                        [
                            0.155607834306045,
                            48.0145238038302
                        ],
                        [
                            0.155607930911995,
                            48.0145220051929
                        ],
                        [
                            0.155608027517937,
                            48.0145202065555
                        ],
                        [
                            0.155608124123872,
                            48.0145184079182
                        ],
                        [
                            0.155608220729802,
                            48.0145166092809
                        ],
                        [
                            0.155608317335724,
                            48.0145148106436
                        ],
                        [
                            0.155608462244596,
                            48.0145121126876
                        ]
                    ]
                ]
            },
            "properties": {
                "Nom": null,
                "ObjectId": 67,
                "Shape__Area": 812.48451232910156,
                "Shape__Length": 103.159325072117,
                "Classe": "Autres écoles",
                "Code_batiment": "C8B10",
                "code_composante": "C8",
                "Etiquette": "ITEMM",
                "Recherche": null,
                "Texte_fenetre": null,
                "nom_composante": "Autres écoles"
            }
        },
        {
            "type": "Feature",
            "id": 83,
            "geometry": {
                "type": "Multipolygon",
                "coordinates": [
                    [
                        [
                            0.155169561359695,
                            48.014862594491
                        ],
                        [
                            0.15516965798114,
                            48.0148607958544
                        ],
                        [
                            0.155169754602579,
                            48.0148589972178
                        ],
                        [
                            0.155169802913296,
                            48.0148580978995
                        ],
                        [
                            0.155169899534725,
                            48.014856299263
                        ],
                        [
                            0.155169996156148,
                            48.0148545006264
                        ],
                        [
                            0.15516880073331,
                            48.0148517702572
                        ],
                        [
                            0.155168849044037,
                            48.0148508709389
                        ],
                        [
                            0.155168945665485,
                            48.0148490723023
                        ],
                        [
                            0.155167701932084,
                            48.0148472412514
                        ],
                        [
                            0.155167750242824,
                            48.0148463419331
                        ],
                        [
                            0.155167846864302,
                            48.0148445432965
                        ],
                        [
                            0.155166554820286,
                            48.0148436115639
                        ],
                        [
                            0.155166651441799,
                            48.0148418129273
                        ],
                        [
                            0.155165359397872,
                            48.0148408811946
                        ],
                        [
                            0.155165456019421,
                            48.014839082558
                        ],
                        [
                            0.15516416397558,
                            48.0148381508254
                        ],
                        [
                            0.155164260597164,
                            48.0148363521888
                        ],
                        [
                            0.155163016864223,
                            48.0148345211378
                        ],
                        [
                            0.155163065175032,
                            48.0148336218195
                        ],
                        [
                            0.155161821442196,
                            48.0148317907685
                        ],
                        [
                            0.155160529398597,
                            48.0148308590358
                        ],
                        [
                            0.155160626020291,
                            48.0148290603992
                        ],
                        [
                            0.155159333976781,
                            48.0148281286664
                        ],
                        [
                            0.155158090244201,
                            48.0148262976154
                        ],
                        [
                            0.155158138555087,
                            48.0148253982971
                        ],
                        [
                            0.15515684651171,
                            48.0148244665643
                        ],
                        [
                            0.155154310736037,
                            48.0148217037804
                        ],
                        [
                            0.155153067003784,
                            48.0148198727293
                        ],
                        [
                            0.155153115314748,
                            48.014818973411
                        ],
                        [
                            0.155151823271615,
                            48.0148180416782
                        ],
                        [
                            0.155150579539534,
                            48.014816210627
                        ],
                        [
                            0.155149287496513,
                            48.0148152788942
                        ],
                        [
                            0.155147995453537,
                            48.0148143471613
                        ],
                        [
                            0.155146751721674,
                            48.0148125161101
                        ],
                        [
                            0.155145459678811,
                            48.0148115843772
                        ],
                        [
                            0.155144167635994,
                            48.0148106526443
                        ],
                        [
                            0.155142875593221,
                            48.0148097209114
                        ],
                        [
                            0.155141631861643,
                            48.0148078898601
                        ],
                        [
                            0.155140339818983,
                            48.0148069581272
                        ],
                        [
                            0.155139047776368,
                            48.0148060263942
                        ],
                        [
                            0.155136415380041,
                            48.0148050622465
                        ],
                        [
                            0.15513512333754,
                            48.0148041305135
                        ],
                        [
                            0.155133879606363,
                            48.0148022994622
                        ],
                        [
                            0.155132587563974,
                            48.0148013677291
                        ],
                        [
                            0.155131295521632,
                            48.014800435996
                        ],
                        [
                            0.155128663125724,
                            48.0147994718481
                        ],
                        [
                            0.155127371083497,
                            48.0147985401151
                        ],
                        [
                            0.155126079041315,
                            48.0147976083819
                        ],
                        [
                            0.155124786999179,
                            48.0147966766488
                        ],
                        [
                            0.155122154603575,
                            48.0147957125008
                        ],
                        [
                            0.155119570519579,
                            48.0147938490344
                        ],
                        [
                            0.155116938124212,
                            48.0147928848863
                        ],
                        [
                            0.155115646082351,
                            48.014791953153
                        ],
                        [
                            0.155114305728939,
                            48.0147919207381
                        ],
                        [
                            0.155111673333763,
                            48.0147909565898
                        ],
                        [
                            0.155110381292043,
                            48.0147900248565
                        ],
                        [
                            0.155106456855426,
                            48.0147881289748
                        ],
                        [
                            0.155105116502117,
                            48.0147880965598
                        ],
                        [
                            0.155102484107297,
                            48.0147871324113
                        ],
                        [
                            0.155101192065832,
                            48.0147862006779
                        ],
                        [
                            0.155098511359319,
                            48.0147861358477
                        ],
                        [
                            0.155097219317948,
                            48.0147852041142
                        ],
                        [
                            0.155094586923415,
                            48.0147842399656
                        ],
                        [
                            0.155090614175802,
                            48.0147832434017
                        ],
                        [
                            0.155089273822626,
                            48.0147832109864
                        ],
                        [
                            0.155086641428338,
                            48.0147822468376
                        ],
                        [
                            0.155085301075189,
                            48.0147822144223
                        ],
                        [
                            0.155082668681023,
                            48.0147812502734
                        ],
                        [
                            0.155079987974782,
                            48.0147811854427
                        ],
                        [
                            0.155078647621665,
                            48.0147811530274
                        ],
                        [
                            0.155076015227673,
                            48.0147801888783
                        ],
                        [
                            0.155074674874583,
                            48.0147801564629
                        ],
                        [
                            0.155072042480712,
                            48.0147791923138
                        ],
                        [
                            0.155069361774589,
                            48.0147791274829
                        ],
                        [
                            0.15506802142153,
                            48.0147790950674
                        ],
                        [
                            0.155065340715417,
                            48.0147790302364
                        ],
                        [
                            0.155064000362363,
                            48.0147789978208
                        ],
                        [
                            0.155061367968744,
                            48.0147780336714
                        ],
                        [
                            0.155058687262693,
                            48.0147779688403
                        ],
                        [
                            0.15505734690967,
                            48.0147779364247
                        ],
                        [
                            0.155054666203628,
                            48.0147778715934
                        ],
                        [
                            0.15505332585061,
                            48.0147778391778
                        ],
                        [
                            0.155043943379528,
                            48.0147776122678
                        ],
                        [
                            0.155041262673519,
                            48.0147775474363
                        ],
                        [
                            0.155039922320516,
                            48.0147775150205
                        ],
                        [
                            0.155037241614519,
                            48.0147774501888
                        ],
                        [
                            0.155033172242569,
                            48.0147782522595
                        ],
                        [
                            0.155030491536542,
                            48.0147781874277
                        ],
                        [
                            0.15502915118353,
                            48.0147781550118
                        ],
                        [
                            0.155026470477512,
                            48.0147780901799
                        ],
                        [
                            0.155023741458379,
                            48.0147789246662
                        ],
                        [
                            0.155022401105352,
                            48.0147788922502
                        ],
                        [
                            0.155019720399305,
                            48.0147788274181
                        ],
                        [
                            0.155018331733069,
                            48.0147796943204
                        ],
                        [
                            0.155014262360663,
                            48.0147804963904
                        ],
                        [
                            0.155011581654544,
                            48.0147804315582
                        ],
                        [
                            0.155008852635055,
                            48.0147812660441
                        ],
                        [
                            0.155004783262384,
                            48.0147820681138
                        ],
                        [
                            0.155003442909291,
                            48.0147820356976
                        ],
                        [
                            0.15500071388959,
                            48.0147828701834
                        ],
                        [
                            0.154999325222936,
                            48.0147837370854
                        ],
                        [
                            0.154996644516674,
                            48.0147836722528
                        ],
                        [
                            0.154995255849932,
                            48.0147845391548
                        ],
                        [
                            0.154993867183147,
                            48.0147854060567
                        ],
                        [
                            0.154991186476804,
                            48.014785341224
                        ],
                        [
                            0.154989797809931,
                            48.0147862081259
                        ],
                        [
                            0.154987068789801,
                            48.0147870426114
                        ],
                        [
                            0.154985680122814,
                            48.0147879095132
                        ],
                        [
                            0.154982951102533,
                            48.0147887439986
                        ],
                        [
                            0.154981610749283,
                            48.0147887115821
                        ],
                        [
                            0.154980222082165,
                            48.0147895784838
                        ],
                        [
                            0.15497749306171,
                            48.0147904129691
                        ],
                        [
                            0.15497610439448,
                            48.0147912798708
                        ],
                        [
                            0.154974715727203,
                            48.0147921467725
                        ],
                        [
                            0.154971986706529,
                            48.0147929812576
                        ],
                        [
                            0.154970598039142,
                            48.0147938481593
                        ],
                        [
                            0.154969209371708,
                            48.0147947150609
                        ],
                        [
                            0.154967820704229,
                            48.0147955819625
                        ],
                        [
                            0.154965091683269,
                            48.0147964164475
                        ],
                        [
                            0.154963703015679,
                            48.014797283349
                        ],
                        [
                            0.154962314348043,
                            48.0147981502506
                        ],
                        [
                            0.154960877366151,
                            48.0147999164703
                        ],
                        [
                            0.1549594886984,
                            48.0148007833719
                        ],
                        [
                            0.154956759677042,
                            48.0148016178566
                        ],
                        [
                            0.154955371009179,
                            48.0148024847581
                        ],
                        [
                            0.154953982341269,
                            48.0148033516595
                        ],
                        [
                            0.154952593673315,
                            48.014804218561
                        ],
                        [
                            0.154951156690935,
                            48.0148059847806
                        ],
                        [
                            0.154949768022866,
                            48.014806851682
                        ],
                        [
                            0.15494837935475,
                            48.0148077185834
                        ],
                        [
                            0.154946942372134,
                            48.014809484803
                        ],
                        [
                            0.154945553703905,
                            48.0148103517043
                        ],
                        [
                            0.154944165035628,
                            48.0148112186056
                        ],
                        [
                            0.154942728052778,
                            48.0148129848252
                        ],
                        [
                            0.154942679738247,
                            48.0148138841434
                        ],
                        [
                            0.154941291069832,
                            48.0148147510447
                        ],
                        [
                            0.15493985408679,
                            48.0148165172642
                        ],
                        [
                            0.15493846541826,
                            48.0148173841654
                        ],
                        [
                            0.154937028435051,
                            48.0148191503849
                        ],
                        [
                            0.154935639766406,
                            48.0148200172861
                        ],
                        [
                            0.154935591451749,
                            48.0148209166043
                        ],
                        [
                            0.15493415446835,
                            48.0148226828237
                        ],
                        [
                            0.154932765799564,
                            48.0148235497249
                        ],
                        [
                            0.154932669170143,
                            48.0148253483614
                        ],
                        [
                            0.154931280501264,
                            48.0148262152625
                        ],
                        [
                            0.154929843517577,
                            48.0148279814819
                        ],
                        [
                            0.154929795202814,
                            48.0148288808001
                        ],
                        [
                            0.154928358219006,
                            48.0148306470194
                        ],
                        [
                            0.154928309904215,
                            48.0148315463376
                        ],
                        [
                            0.154926872920286,
                            48.0148333125569
                        ],
                        [
                            0.154926824605468,
                            48.0148342118751
                        ],
                        [
                            0.154925387621415,
                            48.0148359780944
                        ],
                        [
                            0.154925290991723,
                            48.0148377767308
                        ],
                        [
                            0.154923902322396,
                            48.0148386436319
                        ],
                        [
                            0.154923805692648,
                            48.0148404422683
                        ],
                        [
                            0.154923757377771,
                            48.0148413415865
                        ],
                        [
                            0.154923660748013,
                            48.0148431402229
                        ],
                        [
                            0.154922223763613,
                            48.0148449064421
                        ],
                        [
                            0.154922175448705,
                            48.0148458057603
                        ],
                        [
                            0.154922078818885,
                            48.0148476043967
                        ],
                        [
                            0.154920690149249,
                            48.0148484712977
                        ],
                        [
                            0.154920593519374,
                            48.0148502699341
                        ],
                        [
                            0.154920496889492,
                            48.0148520685705
                        ],
                        [
                            0.154920448574549,
                            48.0148529678886
                        ],
                        [
                            0.154920351944657,
                            48.014854766525
                        ],
                        [
                            0.154920255314758,
                            48.0148565651614
                        ],
                        [
                            0.154920206999807,
                            48.0148574644796
                        ],
                        [
                            0.154920110369899,
                            48.0148592631159
                        ],
                        [
                            0.154920062054943,
                            48.0148601624341
                        ],
                        [
                            0.154919965425024,
                            48.0148619610705
                        ],
                        [
                            0.1549198687951,
                            48.0148637597068
                        ],
                        [
                            0.154919820480135,
                            48.014864659025
                        ],
                        [
                            0.154919723850201,
                            48.0148664576614
                        ],
                        [
                            0.154921015890432,
                            48.0148673893967
                        ],
                        [
                            0.154920919260533,
                            48.0148691880331
                        ],
                        [
                            0.154920822630628,
                            48.0148709866694
                        ],
                        [
                            0.154920774315673,
                            48.0148718859876
                        ],
                        [
                            0.154920677685758,
                            48.014873684624
                        ],
                        [
                            0.154921969726183,
                            48.0148746163593
                        ],
                        [
                            0.154921873096303,
                            48.0148764149956
                        ],
                        [
                            0.154921776466417,
                            48.014878213632
                        ],
                        [
                            0.15492297187712,
                            48.0148809440037
                        ],
                        [
                            0.154924263917763,
                            48.014881875739
                        ],
                        [
                            0.154924167287948,
                            48.0148836743753
                        ],
                        [
                            0.154925459328677,
                            48.0148846061106
                        ],
                        [
                            0.154925362698898,
                            48.0148864047469
                        ],
                        [
                            0.154926606424843,
                            48.0148882358003
                        ],
                        [
                            0.154926558109971,
                            48.0148891351185
                        ],
                        [
                            0.154927801836023,
                            48.014890966172
                        ],
                        [
                            0.154929093876994,
                            48.0148918979072
                        ],
                        [
                            0.154928997247325,
                            48.0148936965435
                        ],
                        [
                            0.154930289288384,
                            48.0148946282787
                        ],
                        [
                            0.154931484699897,
                            48.0148973586503
                        ],
                        [
                            0.154932776741089,
                            48.0148982903855
                        ],
                        [
                            0.154934020467571,
                            48.0149001214388
                        ],
                        [
                            0.154935312508875,
                            48.014901053174
                        ],
                        [
                            0.154936556235509,
                            48.0149028842273
                        ],
                        [
                            0.154936507920791,
                            48.0149037835455
                        ],
                        [
                            0.154937799962228,
                            48.0149047152806
                        ],
                        [
                            0.154939043689034,
                            48.0149065463339
                        ],
                        [
                            0.154940335730583,
                            48.014907478069
                        ],
                        [
                            0.154941627772177,
                            48.0149084098041
                        ],
                        [
                            0.154942871499203,
                            48.0149102408574
                        ],
                        [
                            0.154944163540909,
                            48.0149111725924
                        ],
                        [
                            0.154945455582661,
                            48.0149121043275
                        ],
                        [
                            0.154946747624458,
                            48.0149130360625
                        ],
                        [
                            0.154947991351769,
                            48.0149148671157
                        ],
                        [
                            0.154950575435633,
                            48.0149167305857
                        ],
                        [
                            0.154953207834127,
                            48.0149176947375
                        ],
                        [
                            0.154954499876196,
                            48.0149186264724
                        ],
                        [
                            0.154955743603906,
                            48.0149204575256
                        ],
                        [
                            0.154960960087228,
                            48.014923285147
                        ],
                        [
                            0.154962252129571,
                            48.0149242168818
                        ],
                        [
                            0.154963544171959,
                            48.0149251486167
                        ],
                        [
                            0.154964836214393,
                            48.0149260803515
                        ],
                        [
                            0.15496746861361,
                            48.014927044503
                        ],
                        [
                            0.154968760656159,
                            48.0149279762377
                        ],
                        [
                            0.154970052698754,
                            48.0149289079725
                        ],
                        [
                            0.154972685098207,
                            48.0149298721239
                        ],
                        [
                            0.154973977140916,
                            48.0149308038586
                        ],
                        [
                            0.154975317497756,
                            48.0149308362751
                        ],
                        [
                            0.154980533983145,
                            48.0149336638957
                        ],
                        [
                            0.154983166383025,
                            48.0149346280468
                        ],
                        [
                            0.154984506739966,
                            48.0149346604632
                        ],
                        [
                            0.154987139139969,
                            48.0149356246142
                        ],
                        [
                            0.154988431183074,
                            48.0149365563488
                        ],
                        [
                            0.154991111897062,
                            48.0149366211815
                        ],
                        [
                            0.154992403940261,
                            48.0149375529161
                        ],
                        [
                            0.154995036340551,
                            48.0149385170669
                        ],
                        [
                            0.154996376697598,
                            48.0149385494832
                        ],
                        [
                            0.15499900909801,
                            48.0149395136339
                        ],
                        [
                            0.155000349455085,
                            48.0149395460502
                        ],
                        [
                            0.155002981855618,
                            48.0149405102009
                        ],
                        [
                            0.155005662569826,
                            48.0149405750333
                        ],
                        [
                            0.155006954613376,
                            48.0149415067676
                        ],
                        [
                            0.155009635327639,
                            48.0149415716
                        ],
                        [
                            0.155010927371283,
                            48.0149425033343
                        ],
                        [
                            0.155013608085602,
                            48.0149425681665
                        ],
                        [
                            0.155014948442763,
                            48.0149426005826
                        ],
                        [
                            0.155017580843714,
                            48.0149435647329
                        ],
                        [
                            0.155020261558094,
                            48.014943629565
                        ],
                        [
                            0.155021601915287,
                            48.0149436619811
                        ],
                        [
                            0.155024282629676,
                            48.014943726813
                        ],
                        [
                            0.155025622986874,
                            48.014943759229
                        ],
                        [
                            0.155030936102527,
                            48.014944788211
                        ],
                        [
                            0.155032276459756,
                            48.0149448206269
                        ],
                        [
                            0.155034957174218,
                            48.0149448854586
                        ],
                        [
                            0.155037637888685,
                            48.0149449502903
                        ],
                        [
                            0.155045680032129,
                            48.014945144785
                        ],
                        [
                            0.155048360746623,
                            48.0149452096165
                        ],
                        [
                            0.155049701103873,
                            48.0149452420322
                        ],
                        [
                            0.155052381818377,
                            48.0149453068635
                        ],
                        [
                            0.155055110845631,
                            48.0149444723766
                        ],
                        [
                            0.155056451202866,
                            48.0149445047923
                        ],
                        [
                            0.155059131917341,
                            48.0149445696235
                        ],
                        [
                            0.15506047227458,
                            48.0149446020391
                        ],
                        [
                            0.155063152989065,
                            48.0149446668702
                        ],
                        [
                            0.155065882016116,
                            48.014943832383
                        ],
                        [
                            0.155067222373341,
                            48.0149438647985
                        ],
                        [
                            0.155069903087798,
                            48.0149439296295
                        ],
                        [
                            0.155071291757494,
                            48.0149430627268
                        ],
                        [
                            0.155073972471914,
                            48.0149431275576
                        ],
                        [
                            0.155075361141524,
                            48.0149422606548
                        ],
                        [
                            0.155078041855909,
                            48.0149423254856
                        ],
                        [
                            0.155079430525431,
                            48.0149414585828
                        ],
                        [
                            0.15508211123978,
                            48.0149415234134
                        ],
                        [
                            0.15508484026637,
                            48.0149406889258
                        ],
                        [
                            0.155088909650013,
                            48.0149398868535
                        ],
                        [
                            0.155090298319292,
                            48.0149390199505
                        ],
                        [
                            0.155092979033531,
                            48.0149390847809
                        ],
                        [
                            0.155094367702724,
                            48.0149382178779
                        ],
                        [
                            0.155097096728951,
                            48.01493738339
                        ],
                        [
                            0.155098437086032,
                            48.0149374158052
                        ],
                        [
                            0.155099825755092,
                            48.0149365489021
                        ],
                        [
                            0.155102554781147,
                            48.0149357144141
                        ],
                        [
                            0.155106672475996,
                            48.0149340130229
                        ],
                        [
                            0.155108012832998,
                            48.0149340454379
                        ],
                        [
                            0.155109401501813,
                            48.0149331785347
                        ],
                        [
                            0.155112130527544,
                            48.0149323440465
                        ],
                        [
                            0.155113519196246,
                            48.0149314771433
                        ],
                        [
                            0.155114907864903,
                            48.01493061024
                        ],
                        [
                            0.155117636890414,
                            48.0149297757517
                        ],
                        [
                            0.155119025558959,
                            48.0149289088483
                        ],
                        [
                            0.155120414227459,
                            48.014928041945
                        ],
                        [
                            0.155121802895913,
                            48.0149271750417
                        ],
                        [
                            0.155124531921139,
                            48.0149263405532
                        ],
                        [
                            0.155125920589481,
                            48.0149254736498
                        ],
                        [
                            0.155127309257778,
                            48.0149246067464
                        ],
                        [
                            0.155128746237502,
                            48.0149228405247
                        ],
                        [
                            0.155130134905684,
                            48.0149219736213
                        ],
                        [
                            0.15513152357382,
                            48.0149211067178
                        ],
                        [
                            0.15513425259858,
                            48.014920272229
                        ],
                        [
                            0.155135641266604,
                            48.0149194053255
                        ],
                        [
                            0.155137029934583,
                            48.014918538422
                        ],
                        [
                            0.155138466913818,
                            48.0149167722002
                        ],
                        [
                            0.155139855581681,
                            48.0149159052967
                        ],
                        [
                            0.1551426812285,
                            48.0149132721712
                        ],
                        [
                            0.155144069896203,
                            48.0149124052676
                        ],
                        [
                            0.15514545856386,
                            48.014911538364
                        ],
                        [
                            0.155146895542624,
                            48.0149097721421
                        ],
                        [
                            0.155148284210167,
                            48.0149089052384
                        ],
                        [
                            0.155148332521294,
                            48.0149080059202
                        ],
                        [
                            0.155149769499867,
                            48.0149062396982
                        ],
                        [
                            0.155151158167269,
                            48.0149053727946
                        ],
                        [
                            0.155152595145677,
                            48.0149036065726
                        ],
                        [
                            0.155153983812963,
                            48.0149027396689
                        ],
                        [
                            0.155154032123988,
                            48.0149018403506
                        ],
                        [
                            0.155155469102205,
                            48.0149000741286
                        ],
                        [
                            0.155156857769352,
                            48.0148992072248
                        ],
                        [
                            0.155156954391296,
                            48.0148974085883
                        ],
                        [
                            0.155158343058349,
                            48.0148965416845
                        ],
                        [
                            0.155159780036277,
                            48.0148947754624
                        ],
                        [
                            0.155159828347196,
                            48.0148938761442
                        ],
                        [
                            0.155161265325003,
                            48.0148921099221
                        ],
                        [
                            0.155161313635894,
                            48.0148912106038
                        ],
                        [
                            0.15516275061358,
                            48.0148894443817
                        ],
                        [
                            0.155162847235305,
                            48.0148876457452
                        ],
                        [
                            0.155164235902006,
                            48.0148867788413
                        ],
                        [
                            0.155164332523677,
                            48.0148849802048
                        ],
                        [
                            0.15516438083451,
                            48.0148840808865
                        ],
                        [
                            0.155165817811898,
                            48.0148823146643
                        ],
                        [
                            0.155165866122704,
                            48.014881415346
                        ],
                        [
                            0.155167303099972,
                            48.0148796491239
                        ],
                        [
                            0.155167399721524,
                            48.0148778504873
                        ],
                        [
                            0.155167448032299,
                            48.0148769511691
                        ],
                        [
                            0.155167544653842,
                            48.0148751525325
                        ],
                        [
                            0.155167592964612,
                            48.0148742532142
                        ],
                        [
                            0.155169029941627,
                            48.014872486992
                        ],
                        [
                            0.155169126563108,
                            48.0148706883555
                        ],
                        [
                            0.155169174873847,
                            48.0148697890372
                        ],
                        [
                            0.155169271495319,
                            48.0148679904007
                        ],
                        [
                            0.155169368116784,
                            48.0148661917641
                        ],
                        [
                            0.155169416427514,
                            48.0148652924458
                        ],
                        [
                            0.155169561359695,
                            48.014862594491
                        ]
                    ]
                ]
            },
            "properties": {
                "Nom": null,
                "ObjectId": 83,
                "Shape__Area": 609.497314453125,
                "Shape__Length": 89.9983081985547,
                "Classe": "Autres écoles",
                "Code_batiment": "C8B7",
                "code_composante": "C8",
                "Etiquette": "ITEMM",
                "Recherche": null,
                "Texte_fenetre": null,
                "nom_composante": "Autres écoles"
            }
        },
        {
            "type": "Feature",
            "id": 87,
            "geometry": {
                "type": "Multipolygon",
                "coordinates": [
                    [
                        [
                            0.15545009483869,
                            48.0147370068875
                        ],
                        [
                            0.155450191450383,
                            48.0147352082505
                        ],
                        [
                            0.15545028806207,
                            48.0147334096136
                        ],
                        [
                            0.15545033636791,
                            48.0147325102951
                        ],
                        [
                            0.155450432979586,
                            48.0147307116582
                        ],
                        [
                            0.155450481285422,
                            48.0147298123397
                        ],
                        [
                            0.155450577897089,
                            48.0147280137028
                        ],
                        [
                            0.155449334156795,
                            48.0147261826546
                        ],
                        [
                            0.155449382462645,
                            48.0147252833362
                        ],
                        [
                            0.155449479074341,
                            48.0147234846992
                        ],
                        [
                            0.155449527380185,
                            48.0147225853808
                        ],
                        [
                            0.155448283640055,
                            48.0147207543327
                        ],
                        [
                            0.155448331945918,
                            48.0147198550142
                        ],
                        [
                            0.155448428557639,
                            48.0147180563772
                        ],
                        [
                            0.155447184817653,
                            48.0147162253291
                        ],
                        [
                            0.155447233123532,
                            48.0147153260106
                        ],
                        [
                            0.15544598938365,
                            48.0147134949625
                        ],
                        [
                            0.155446037689546,
                            48.014712595644
                        ],
                        [
                            0.155444842255685,
                            48.0147098652774
                        ],
                        [
                            0.155443598516016,
                            48.0147080342292
                        ],
                        [
                            0.155441111036934,
                            48.0147043721328
                        ],
                        [
                            0.155441207648872,
                            48.0147025734958
                        ],
                        [
                            0.155439915603511,
                            48.0147016417661
                        ],
                        [
                            0.155438671864205,
                            48.0146998107179
                        ],
                        [
                            0.155438720170213,
                            48.0146989113993
                        ],
                        [
                            0.155437476431012,
                            48.0146970803511
                        ],
                        [
                            0.15543618438585,
                            48.0146961486213
                        ],
                        [
                            0.155434892340735,
                            48.0146952168916
                        ],
                        [
                            0.155433648601753,
                            48.0146933858432
                        ],
                        [
                            0.15543369690784,
                            48.0146924865248
                        ],
                        [
                            0.155432453168963,
                            48.0146906554765
                        ],
                        [
                            0.155431161124048,
                            48.0146897237466
                        ],
                        [
                            0.155429869079177,
                            48.0146887920167
                        ],
                        [
                            0.15542862534052,
                            48.0146869609684
                        ],
                        [
                            0.155427333295761,
                            48.0146860292385
                        ],
                        [
                            0.155426041251048,
                            48.0146850975086
                        ],
                        [
                            0.15542474920638,
                            48.0146841657787
                        ],
                        [
                            0.155423505468008,
                            48.0146823347303
                        ],
                        [
                            0.155422213423453,
                            48.0146814030004
                        ],
                        [
                            0.155420921378942,
                            48.0146804712704
                        ],
                        [
                            0.155419629334478,
                            48.0146795395404
                        ],
                        [
                            0.155418337290059,
                            48.0146786078104
                        ],
                        [
                            0.155415753201357,
                            48.0146767443504
                        ],
                        [
                            0.155414461157073,
                            48.0146758126204
                        ],
                        [
                            0.155413169112836,
                            48.0146748808904
                        ],
                        [
                            0.155410585024497,
                            48.0146730174303
                        ],
                        [
                            0.155407952629837,
                            48.0146720532885
                        ],
                        [
                            0.155406660585806,
                            48.0146711215584
                        ],
                        [
                            0.15540536854182,
                            48.0146701898283
                        ],
                        [
                            0.15540407649788,
                            48.0146692580981
                        ],
                        [
                            0.155401444103524,
                            48.0146682939563
                        ],
                        [
                            0.155400152059699,
                            48.0146673622261
                        ],
                        [
                            0.15539886001592,
                            48.0146664304959
                        ],
                        [
                            0.1553962276218,
                            48.0146654663539
                        ],
                        [
                            0.155394887271416,
                            48.0146654339422
                        ],
                        [
                            0.155393595227777,
                            48.0146645022119
                        ],
                        [
                            0.155390962833848,
                            48.0146635380698
                        ],
                        [
                            0.155389670790324,
                            48.0146626063395
                        ],
                        [
                            0.155387038396562,
                            48.0146616421974
                        ],
                        [
                            0.155385698046281,
                            48.0146616097855
                        ],
                        [
                            0.15538306565264,
                            48.0146606456432
                        ],
                        [
                            0.155381773609324,
                            48.0146597139128
                        ],
                        [
                            0.155379092908868,
                            48.014659649089
                        ],
                        [
                            0.155377800865646,
                            48.0146587173585
                        ],
                        [
                            0.155376508822471,
                            48.0146577856281
                        ],
                        [
                            0.155373828122117,
                            48.0146577208041
                        ],
                        [
                            0.155371195728887,
                            48.0146567566615
                        ],
                        [
                            0.155369855378739,
                            48.0146567242495
                        ],
                        [
                            0.155367222985629,
                            48.0146557601069
                        ],
                        [
                            0.155365882635509,
                            48.0146557276948
                        ],
                        [
                            0.155363250242522,
                            48.0146547635521
                        ],
                        [
                            0.155361909892428,
                            48.0146547311399
                        ],
                        [
                            0.155359229192249,
                            48.0146546663156
                        ],
                        [
                            0.155357937149498,
                            48.014653734585
                        ],
                        [
                            0.155355256449372,
                            48.0146536697606
                        ],
                        [
                            0.155352624056681,
                            48.0146527056176
                        ],
                        [
                            0.155351283706647,
                            48.0146526732054
                        ],
                        [
                            0.155348603006584,
                            48.0146526083808
                        ],
                        [
                            0.155347262656555,
                            48.0146525759685
                        ],
                        [
                            0.155344581956501,
                            48.0146525111438
                        ],
                        [
                            0.155343289914061,
                            48.014651579413
                        ],
                        [
                            0.155340609214063,
                            48.0146515145883
                        ],
                        [
                            0.155337928514072,
                            48.0146514497635
                        ],
                        [
                            0.155336588164079,
                            48.014651417351
                        ],
                        [
                            0.155333907464097,
                            48.0146513525261
                        ],
                        [
                            0.155331226764122,
                            48.0146512877012
                        ],
                        [
                            0.155327205714171,
                            48.0146511904636
                        ],
                        [
                            0.155325865364192,
                            48.0146511580511
                        ],
                        [
                            0.155323184664236,
                            48.014651093226
                        ],
                        [
                            0.155320503964287,
                            48.0146510284007
                        ],
                        [
                            0.155319163614316,
                            48.0146509959881
                        ],
                        [
                            0.155316482914376,
                            48.0146509311628
                        ],
                        [
                            0.155315094256348,
                            48.0146517980686
                        ],
                        [
                            0.155312413556374,
                            48.0146517332432
                        ],
                        [
                            0.155309732856405,
                            48.0146516684178
                        ],
                        [
                            0.155308392506424,
                            48.014651636005
                        ],
                        [
                            0.155305663498245,
                            48.014652470498
                        ],
                        [
                            0.155304323148245,
                            48.0146524380852
                        ],
                        [
                            0.155301642448251,
                            48.0146523732595
                        ],
                        [
                            0.155298913439927,
                            48.0146532077523
                        ],
                        [
                            0.155297573089913,
                            48.0146531753394
                        ],
                        [
                            0.155294844081483,
                            48.0146540098321
                        ],
                        [
                            0.155293503731451,
                            48.0146539774192
                        ],
                        [
                            0.155290774722916,
                            48.0146548119118
                        ],
                        [
                            0.155289434372868,
                            48.0146547794988
                        ],
                        [
                            0.155286705364227,
                            48.0146556139913
                        ],
                        [
                            0.15528536501416,
                            48.0146555815783
                        ],
                        [
                            0.155282636005414,
                            48.0146564160707
                        ],
                        [
                            0.155281247346688,
                            48.014657282976
                        ],
                        [
                            0.155278566646478,
                            48.0146572181499
                        ],
                        [
                            0.155277177987664,
                            48.0146580850552
                        ],
                        [
                            0.15527444897866,
                            48.0146589195474
                        ],
                        [
                            0.155273108628517,
                            48.0146588871343
                        ],
                        [
                            0.155270379619407,
                            48.0146597216264
                        ],
                        [
                            0.155268990960395,
                            48.0146605885316
                        ],
                        [
                            0.155267602301337,
                            48.0146614554368
                        ],
                        [
                            0.155264873292009,
                            48.0146622899288
                        ],
                        [
                            0.155263532941785,
                            48.0146622575156
                        ],
                        [
                            0.155262144282595,
                            48.0146631244207
                        ],
                        [
                            0.155259415273094,
                            48.0146639589126
                        ],
                        [
                            0.155258026613791,
                            48.0146648258177
                        ],
                        [
                            0.155256637954443,
                            48.0146656927228
                        ],
                        [
                            0.155253908944723,
                            48.0146665272145
                        ],
                        [
                            0.155252520285262,
                            48.0146673941196
                        ],
                        [
                            0.155251131625756,
                            48.0146682610246
                        ],
                        [
                            0.155249742966204,
                            48.0146691279296
                        ],
                        [
                            0.1552470139562,
                            48.0146699624211
                        ],
                        [
                            0.155244236636828,
                            48.014671696231
                        ],
                        [
                            0.155242847977072,
                            48.014672563136
                        ],
                        [
                            0.155241411007941,
                            48.0146743293593
                        ],
                        [
                            0.15524002234807,
                            48.0146751962642
                        ],
                        [
                            0.155237293337601,
                            48.0146760307555
                        ],
                        [
                            0.155234516017592,
                            48.0146777645652
                        ],
                        [
                            0.15523307904804,
                            48.0146795307884
                        ],
                        [
                            0.155231690387898,
                            48.0146803976932
                        ],
                        [
                            0.15523030172771,
                            48.014681264598
                        ],
                        [
                            0.155228913067477,
                            48.0146821315027
                        ],
                        [
                            0.15522747609762,
                            48.0146838977259
                        ],
                        [
                            0.155226087437272,
                            48.0146847646306
                        ],
                        [
                            0.155224698776878,
                            48.0146856315354
                        ],
                        [
                            0.155224602157621,
                            48.0146874301722
                        ],
                        [
                            0.155223213497133,
                            48.0146882970769
                        ],
                        [
                            0.155221824836599,
                            48.0146891639815
                        ],
                        [
                            0.155218999205666,
                            48.0146917971092
                        ],
                        [
                            0.155218902586204,
                            48.014693595746
                        ],
                        [
                            0.155217513925461,
                            48.0146944626506
                        ],
                        [
                            0.155216076954891,
                            48.0146962288736
                        ],
                        [
                            0.155214688294032,
                            48.0146970957782
                        ],
                        [
                            0.155214591674414,
                            48.014698894415
                        ],
                        [
                            0.155213203013462,
                            48.0146997613196
                        ],
                        [
                            0.155211814352464,
                            48.0147006282241
                        ],
                        [
                            0.155211717732741,
                            48.0147024268609
                        ],
                        [
                            0.155210329071649,
                            48.0147032937655
                        ],
                        [
                            0.155210232451872,
                            48.0147050924022
                        ],
                        [
                            0.155208747170853,
                            48.0147077579435
                        ],
                        [
                            0.155207310199629,
                            48.0147095241664
                        ],
                        [
                            0.155207261889684,
                            48.0147104234848
                        ],
                        [
                            0.155207165269789,
                            48.0147122221215
                        ],
                        [
                            0.155205776608366,
                            48.014713089026
                        ],
                        [
                            0.155205679988416,
                            48.0147148876628
                        ],
                        [
                            0.15520558336846,
                            48.0147166862996
                        ],
                        [
                            0.155204194706893,
                            48.014717553204
                        ],
                        [
                            0.155204098086881,
                            48.0147193518407
                        ],
                        [
                            0.155202467875041,
                            48.014724715337
                        ],
                        [
                            0.155202371254957,
                            48.0147265139738
                        ],
                        [
                            0.155202322944914,
                            48.0147274132922
                        ],
                        [
                            0.155202226324821,
                            48.0147292119289
                        ],
                        [
                            0.155201936464501,
                            48.0147346078391
                        ],
                        [
                            0.155201839844381,
                            48.0147364064759
                        ],
                        [
                            0.155201743224255,
                            48.0147382051126
                        ],
                        [
                            0.15520169491419,
                            48.014739104431
                        ],
                        [
                            0.155202938646228,
                            48.0147409354817
                        ],
                        [
                            0.15520289033618,
                            48.0147418348001
                        ],
                        [
                            0.155202793716079,
                            48.0147436334368
                        ],
                        [
                            0.155202697095973,
                            48.0147454320735
                        ],
                        [
                            0.155203989138229,
                            48.0147463638058
                        ],
                        [
                            0.155203892518159,
                            48.0147481624425
                        ],
                        [
                            0.15520384420812,
                            48.0147490617609
                        ],
                        [
                            0.155205087940467,
                            48.0147508928115
                        ],
                        [
                            0.155204991320424,
                            48.0147526914483
                        ],
                        [
                            0.155204943010401,
                            48.0147535907666
                        ],
                        [
                            0.155206186742892,
                            48.0147554218173
                        ],
                        [
                            0.155206138432886,
                            48.0147563211356
                        ],
                        [
                            0.155207382165482,
                            48.0147581521863
                        ],
                        [
                            0.155207333855494,
                            48.0147590515046
                        ],
                        [
                            0.155208577588196,
                            48.0147608825552
                        ],
                        [
                            0.155208529278225,
                            48.0147617818736
                        ],
                        [
                            0.155209773011033,
                            48.0147636129242
                        ],
                        [
                            0.155211065053857,
                            48.0147645446564
                        ],
                        [
                            0.155210968433993,
                            48.0147663432931
                        ],
                        [
                            0.155212260476905,
                            48.0147672750253
                        ],
                        [
                            0.15521350420997,
                            48.0147691060759
                        ],
                        [
                            0.155214796252994,
                            48.0147700378081
                        ],
                        [
                            0.155214699633246,
                            48.0147718364448
                        ],
                        [
                            0.155215991676358,
                            48.0147727681769
                        ],
                        [
                            0.155217283719514,
                            48.0147736999091
                        ],
                        [
                            0.155218527452905,
                            48.0147755309596
                        ],
                        [
                            0.155219819496174,
                            48.0147764626917
                        ],
                        [
                            0.15521977118638,
                            48.01477736201
                        ],
                        [
                            0.155221014919941,
                            48.0147791930605
                        ],
                        [
                            0.155222306963343,
                            48.0147801247926
                        ],
                        [
                            0.155223599006791,
                            48.0147810565247
                        ],
                        [
                            0.155224842740572,
                            48.0147828875751
                        ],
                        [
                            0.155226134784131,
                            48.0147838193071
                        ],
                        [
                            0.155227426827736,
                            48.0147847510392
                        ],
                        [
                            0.155228718871387,
                            48.0147856827712
                        ],
                        [
                            0.155229962605452,
                            48.0147875138215
                        ],
                        [
                            0.155232546693022,
                            48.0147893772855
                        ],
                        [
                            0.15523517909032,
                            48.014790341431
                        ],
                        [
                            0.155236471134243,
                            48.0147912731629
                        ],
                        [
                            0.155237714868708,
                            48.0147931042132
                        ],
                        [
                            0.155239006912743,
                            48.0147940359451
                        ],
                        [
                            0.155240298956824,
                            48.014794967677
                        ],
                        [
                            0.15524159100095,
                            48.0147958994089
                        ],
                        [
                            0.155244223398736,
                            48.0147968635542
                        ],
                        [
                            0.155245515442977,
                            48.014797795286
                        ],
                        [
                            0.155249439885285,
                            48.0147996911631
                        ],
                        [
                            0.155252023974135,
                            48.0148015546266
                        ],
                        [
                            0.155253316018627,
                            48.0148024863583
                        ],
                        [
                            0.155255948416953,
                            48.0148034505034
                        ],
                        [
                            0.155257288770745,
                            48.0148034829168
                        ],
                        [
                            0.155259921169192,
                            48.0148044470617
                        ],
                        [
                            0.155262505258642,
                            48.014806310525
                        ],
                        [
                            0.155265137657327,
                            48.0148072746699
                        ],
                        [
                            0.155266478011219,
                            48.0148073070831
                        ],
                        [
                            0.155269110410025,
                            48.0148082712279
                        ],
                        [
                            0.155270402454982,
                            48.0148092029594
                        ],
                        [
                            0.155273083162872,
                            48.0148092677858
                        ],
                        [
                            0.155274375207925,
                            48.0148101995173
                        ],
                        [
                            0.155277007607018,
                            48.0148111636619
                        ],
                        [
                            0.155278347961015,
                            48.014811196075
                        ],
                        [
                            0.155280980360231,
                            48.0148121602195
                        ],
                        [
                            0.155282320714257,
                            48.0148121926326
                        ],
                        [
                            0.155284953113593,
                            48.014813156777
                        ],
                        [
                            0.155286293467647,
                            48.01481318919
                        ],
                        [
                            0.155288925867106,
                            48.0148141533343
                        ],
                        [
                            0.155290266221187,
                            48.0148141857473
                        ],
                        [
                            0.155292946929354,
                            48.0148142505732
                        ],
                        [
                            0.155294238974877,
                            48.0148151823044
                        ],
                        [
                            0.155296919683099,
                            48.0148152471302
                        ],
                        [
                            0.155299600391328,
                            48.014815311956
                        ],
                        [
                            0.155300892436993,
                            48.0148162436872
                        ],
                        [
                            0.155303573145277,
                            48.0148163085128
                        ],
                        [
                            0.155304913499422,
                            48.0148163409256
                        ],
                        [
                            0.155307594207716,
                            48.0148164057512
                        ],
                        [
                            0.155310226607723,
                            48.014817369895
                        ],
                        [
                            0.155311566961898,
                            48.0148174023077
                        ],
                        [
                            0.155314247670254,
                            48.0148174671331
                        ],
                        [
                            0.155315588024434,
                            48.0148174995458
                        ],
                        [
                            0.1553182687328,
                            48.0148175643711
                        ],
                        [
                            0.155320949441173,
                            48.0148176291964
                        ],
                        [
                            0.155324970503744,
                            48.0148177264341
                        ],
                        [
                            0.155327651212133,
                            48.0148177912592
                        ],
                        [
                            0.155328991566329,
                            48.0148178236717
                        ],
                        [
                            0.155331672274728,
                            48.0148178884967
                        ],
                        [
                            0.15533301262893,
                            48.0148179209092
                        ],
                        [
                            0.155335741645201,
                            48.0148170864158
                        ],
                        [
                            0.155338422353571,
                            48.0148171512406
                        ],
                        [
                            0.155339762707758,
                            48.014817183653
                        ],
                        [
                            0.155342443416138,
                            48.0148172484778
                        ],
                        [
                            0.155343832078056,
                            48.0148163815717
                        ],
                        [
                            0.155346512786399,
                            48.0148164463964
                        ],
                        [
                            0.155349193494749,
                            48.014816511221
                        ],
                        [
                            0.155350582156537,
                            48.0148156443149
                        ],
                        [
                            0.155353262864852,
                            48.0148157091394
                        ],
                        [
                            0.155354603219012,
                            48.0148157415516
                        ],
                        [
                            0.155357332234831,
                            48.0148149070577
                        ],
                        [
                            0.155358672588972,
                            48.0148149394699
                        ],
                        [
                            0.155361401604687,
                            48.0148141049758
                        ],
                        [
                            0.155362741958811,
                            48.0148141373879
                        ],
                        [
                            0.155365470974419,
                            48.0148133028938
                        ],
                        [
                            0.155368151682634,
                            48.0148133677179
                        ],
                        [
                            0.155369540344028,
                            48.0148125008116
                        ],
                        [
                            0.155370929005378,
                            48.0148116339052
                        ],
                        [
                            0.155373609713515,
                            48.0148116987293
                        ],
                        [
                            0.155374998374776,
                            48.0148108318229
                        ],
                        [
                            0.155377727390022,
                            48.0148099973285
                        ],
                        [
                            0.155379067744052,
                            48.0148100297404
                        ],
                        [
                            0.155381796759191,
                            48.0148091952459
                        ],
                        [
                            0.155383185420253,
                            48.0148083283394
                        ],
                        [
                            0.15538730309619,
                            48.0148066269382
                        ],
                        [
                            0.155388691757095,
                            48.0148057600316
                        ],
                        [
                            0.155391372464957,
                            48.0148058248553
                        ],
                        [
                            0.155392761125773,
                            48.0148049579487
                        ],
                        [
                            0.155394149786545,
                            48.0148040910421
                        ],
                        [
                            0.155398267461801,
                            48.0148023896405
                        ],
                        [
                            0.155399656122415,
                            48.0148015227338
                        ],
                        [
                            0.155401044782984,
                            48.0148006558271
                        ],
                        [
                            0.155403773797295,
                            48.014799821332
                        ],
                        [
                            0.155405162457752,
                            48.0147989544253
                        ],
                        [
                            0.155406551118163,
                            48.0147980875185
                        ],
                        [
                            0.155407939778528,
                            48.0147972206117
                        ],
                        [
                            0.155409376745443,
                            48.0147954543865
                        ],
                        [
                            0.155412105759354,
                            48.0147946198912
                        ],
                        [
                            0.155413494419538,
                            48.0147937529844
                        ],
                        [
                            0.155414883079677,
                            48.0147928860775
                        ],
                        [
                            0.15541627173977,
                            48.0147920191706
                        ],
                        [
                            0.155417660399818,
                            48.0147911522637
                        ],
                        [
                            0.155419097366243,
                            48.0147893860383
                        ],
                        [
                            0.155420486026176,
                            48.0147885191314
                        ],
                        [
                            0.155421874686062,
                            48.0147876522244
                        ],
                        [
                            0.155423311652252,
                            48.014785885999
                        ],
                        [
                            0.155424700312024,
                            48.014785019092
                        ],
                        [
                            0.155426088971751,
                            48.014784152185
                        ],
                        [
                            0.155427477631432,
                            48.014783285278
                        ],
                        [
                            0.155428914597316,
                            48.0147815190525
                        ],
                        [
                            0.155428962903563,
                            48.0147806197341
                        ],
                        [
                            0.155430399869326,
                            48.0147788535086
                        ],
                        [
                            0.155431788528798,
                            48.0147779866015
                        ],
                        [
                            0.155433177188224,
                            48.0147771196944
                        ],
                        [
                            0.155434614153751,
                            48.0147753534688
                        ],
                        [
                            0.155434662459896,
                            48.0147744541504
                        ],
                        [
                            0.155436099425301,
                            48.0147726879248
                        ],
                        [
                            0.155437488084518,
                            48.0147718210176
                        ],
                        [
                            0.155437584696703,
                            48.0147700223807
                        ],
                        [
                            0.155438973355825,
                            48.0147691554736
                        ],
                        [
                            0.155440458626982,
                            48.0147664899295
                        ],
                        [
                            0.155441895591978,
                            48.0147647237038
                        ],
                        [
                            0.155441943897989,
                            48.0147638243854
                        ],
                        [
                            0.155443380862864,
                            48.0147620581597
                        ],
                        [
                            0.155443429168848,
                            48.0147611588412
                        ],
                        [
                            0.155444866133601,
                            48.0147593926155
                        ],
                        [
                            0.155444914439557,
                            48.0147584932971
                        ],
                        [
                            0.155446351404187,
                            48.0147567270714
                        ],
                        [
                            0.155446448016043,
                            48.0147549284344
                        ],
                        [
                            0.155446496321968,
                            48.014754029116
                        ],
                        [
                            0.155447933286425,
                            48.0147522628902
                        ],
                        [
                            0.155447981592323,
                            48.0147513635718
                        ],
                        [
                            0.155448078204114,
                            48.0147495649348
                        ],
                        [
                            0.155448126510007,
                            48.0147486656164
                        ],
                        [
                            0.155449563474264,
                            48.0147468993906
                        ],
                        [
                            0.155449660085992,
                            48.0147451007537
                        ],
                        [
                            0.155449708391854,
                            48.0147442014352
                        ],
                        [
                            0.155449805003574,
                            48.0147424027983
                        ],
                        [
                            0.15544985330943,
                            48.0147415034798
                        ],
                        [
                            0.155449949921139,
                            48.0147397048429
                        ],
                        [
                            0.155450046532842,
                            48.0147379062059
                        ],
                        [
                            0.15545009483869,
                            48.0147370068875
                        ]
                    ]
                ]
            },
            "properties": {
                "Nom": null,
                "ObjectId": 87,
                "Shape__Area": 601.78044891357422,
                "Shape__Length": 89.434950787394015,
                "Classe": "Autres écoles",
                "Code_batiment": "C8B8",
                "code_composante": "C8",
                "Etiquette": "ITEMM",
                "Recherche": null,
                "Texte_fenetre": null,
                "nom_composante": "Autres écoles"
            }
        },
        {
            "type": "Feature",
            "id": 95,
            "geometry": {
                "type": "Multipolygon",
                "coordinates": [
                    [
                        [
                            0.155004403660088,
                            48.0142894926237
                        ],
                        [
                            0.155004451973093,
                            48.0142885933052
                        ],
                        [
                            0.155004548599096,
                            48.0142867946681
                        ],
                        [
                            0.155004645225094,
                            48.014284996031
                        ],
                        [
                            0.155003449823628,
                            48.0142822656591
                        ],
                        [
                            0.155003546449654,
                            48.014280467022
                        ],
                        [
                            0.155003643075674,
                            48.0142786683849
                        ],
                        [
                            0.155003691388682,
                            48.0142777690664
                        ],
                        [
                            0.155002447674402,
                            48.0142759380131
                        ],
                        [
                            0.155002544300451,
                            48.0142741393759
                        ],
                        [
                            0.155002592613473,
                            48.0142732400574
                        ],
                        [
                            0.155001348899338,
                            48.0142714090041
                        ],
                        [
                            0.155001445525416,
                            48.0142696103669
                        ],
                        [
                            0.155001493838452,
                            48.0142687110484
                        ],
                        [
                            0.155000250124461,
                            48.014266879995
                        ],
                        [
                            0.155000298437515,
                            48.0142659806765
                        ],
                        [
                            0.15499905472363,
                            48.0142641496231
                        ],
                        [
                            0.154997859322922,
                            48.0142614192511
                        ],
                        [
                            0.1549979559491,
                            48.014259620614
                        ],
                        [
                            0.154996663922337,
                            48.0142586888792
                        ],
                        [
                            0.154995420208748,
                            48.0142568578257
                        ],
                        [
                            0.154995516835002,
                            48.0142550591886
                        ],
                        [
                            0.154994224808392,
                            48.0142541274537
                        ],
                        [
                            0.154992981094995,
                            48.0142522964003
                        ],
                        [
                            0.154993029408159,
                            48.0142513970817
                        ],
                        [
                            0.154991785694868,
                            48.0142495660282
                        ],
                        [
                            0.154990493668458,
                            48.0142486342932
                        ],
                        [
                            0.154989249955319,
                            48.0142468032398
                        ],
                        [
                            0.154987957929021,
                            48.0142458715048
                        ],
                        [
                            0.154986714216034,
                            48.0142440404512
                        ],
                        [
                            0.154986762529297,
                            48.0142431411327
                        ],
                        [
                            0.154985470503133,
                            48.0142422093977
                        ],
                        [
                            0.154984226790318,
                            48.0142403783441
                        ],
                        [
                            0.154982934764266,
                            48.0142394466091
                        ],
                        [
                            0.154981691051603,
                            48.0142376155555
                        ],
                        [
                            0.154980399025663,
                            48.0142366838204
                        ],
                        [
                            0.154979106999768,
                            48.0142357520854
                        ],
                        [
                            0.154977863287324,
                            48.0142339210317
                        ],
                        [
                            0.154975230922355,
                            48.0142329568801
                        ],
                        [
                            0.154973938896642,
                            48.014232025145
                        ],
                        [
                            0.154971403158863,
                            48.0142292623561
                        ],
                        [
                            0.154967527082333,
                            48.0142264671505
                        ],
                        [
                            0.154964894717922,
                            48.0142255029986
                        ],
                        [
                            0.15496365100621,
                            48.0142236719448
                        ],
                        [
                            0.154962358980927,
                            48.0142227402096
                        ],
                        [
                            0.154959726616796,
                            48.0142217760576
                        ],
                        [
                            0.154958434591628,
                            48.0142208443223
                        ],
                        [
                            0.154957142566506,
                            48.014219912587
                        ],
                        [
                            0.15495451020261,
                            48.0142189484348
                        ],
                        [
                            0.154953218177603,
                            48.0142180166995
                        ],
                        [
                            0.154951926152641,
                            48.0142170849641
                        ],
                        [
                            0.154949293788981,
                            48.0142161208119
                        ],
                        [
                            0.154948001764135,
                            48.0142151890765
                        ],
                        [
                            0.15494536940064,
                            48.0142142249241
                        ],
                        [
                            0.154944077375908,
                            48.0142132931886
                        ],
                        [
                            0.154942737037241,
                            48.0142132607717
                        ],
                        [
                            0.154940104673939,
                            48.0142122966193
                        ],
                        [
                            0.154937472310732,
                            48.0142113324668
                        ],
                        [
                            0.154936180286209,
                            48.0142104007312
                        ],
                        [
                            0.154933499609032,
                            48.0142103358972
                        ],
                        [
                            0.154932207584605,
                            48.0142094041616
                        ],
                        [
                            0.154929575221685,
                            48.0142084400089
                        ],
                        [
                            0.154928283197372,
                            48.0142075082732
                        ],
                        [
                            0.154925602520351,
                            48.014207443439
                        ],
                        [
                            0.154924310496133,
                            48.0142065117033
                        ],
                        [
                            0.154921629819167,
                            48.0142064468691
                        ],
                        [
                            0.154920337795043,
                            48.0142055151333
                        ],
                        [
                            0.154917657118132,
                            48.0142054502989
                        ],
                        [
                            0.154915024755674,
                            48.0142044861459
                        ],
                        [
                            0.154913684417247,
                            48.0142044537287
                        ],
                        [
                            0.15491105205491,
                            48.0142034895756
                        ],
                        [
                            0.154908371378113,
                            48.0142034247409
                        ],
                        [
                            0.154907079354297,
                            48.0142024930051
                        ],
                        [
                            0.154904398677554,
                            48.0142024281704
                        ],
                        [
                            0.154901718000819,
                            48.0142023633356
                        ],
                        [
                            0.154900425977145,
                            48.0142014315997
                        ],
                        [
                            0.154897745300465,
                            48.0142013667648
                        ],
                        [
                            0.154895064623792,
                            48.0142013019299
                        ],
                        [
                            0.154893724285458,
                            48.0142012695124
                        ],
                        [
                            0.154891043608794,
                            48.0142012046774
                        ],
                        [
                            0.154888411247031,
                            48.0142002405238
                        ],
                        [
                            0.154887070908728,
                            48.0142002081063
                        ],
                        [
                            0.154884390232126,
                            48.0142001432711
                        ],
                        [
                            0.154881709555531,
                            48.0142000784359
                        ],
                        [
                            0.154880369217236,
                            48.0142000460183
                        ],
                        [
                            0.154877688540651,
                            48.014199981183
                        ],
                        [
                            0.154875007864073,
                            48.0141999163476
                        ],
                        [
                            0.1548723271875,
                            48.0141998515122
                        ],
                        [
                            0.154870986849217,
                            48.0141998190944
                        ],
                        [
                            0.154868306172654,
                            48.0141997542589
                        ],
                        [
                            0.154865625496099,
                            48.0141996894233
                        ],
                        [
                            0.15486155616593,
                            48.0142004914884
                        ],
                        [
                            0.154858875489345,
                            48.0142004266526
                        ],
                        [
                            0.154857535151056,
                            48.0142003942348
                        ],
                        [
                            0.154854806159018,
                            48.0142012287175
                        ],
                        [
                            0.154852125482404,
                            48.0142011638816
                        ],
                        [
                            0.1548507851441,
                            48.0142011314636
                        ],
                        [
                            0.154848056151917,
                            48.0142019659461
                        ],
                        [
                            0.154845375475274,
                            48.0142019011101
                        ],
                        [
                            0.154843986821307,
                            48.0142027680106
                        ],
                        [
                            0.154841306144629,
                            48.0142027031744
                        ],
                        [
                            0.154838577152216,
                            48.0142035376568
                        ],
                        [
                            0.15483723681386,
                            48.0142035052387
                        ],
                        [
                            0.154834507821342,
                            48.0142043397209
                        ],
                        [
                            0.154833167482968,
                            48.0142043073027
                        ],
                        [
                            0.154830438490345,
                            48.0142051417849
                        ],
                        [
                            0.154829098151953,
                            48.0142051093667
                        ],
                        [
                            0.154826369159224,
                            48.0142059438487
                        ],
                        [
                            0.154823640166409,
                            48.0142067783307
                        ],
                        [
                            0.154822299827979,
                            48.0142067459124
                        ],
                        [
                            0.15481957083506,
                            48.0142075803943
                        ],
                        [
                            0.154818182180521,
                            48.0142084472945
                        ],
                        [
                            0.154815453187448,
                            48.0142092817762
                        ],
                        [
                            0.154814064532798,
                            48.0142101486764
                        ],
                        [
                            0.154811383855782,
                            48.0142100838395
                        ],
                        [
                            0.154809995201046,
                            48.0142109507396
                        ],
                        [
                            0.154808606546261,
                            48.0142118176397
                        ],
                        [
                            0.154805877552865,
                            48.0142126521212
                        ],
                        [
                            0.15480448889797,
                            48.0142135190212
                        ],
                        [
                            0.154800371249412,
                            48.0142152204027
                        ],
                        [
                            0.15479898259436,
                            48.0142160873026
                        ],
                        [
                            0.154796253600591,
                            48.014216921784
                        ],
                        [
                            0.154794864945426,
                            48.0142177886839
                        ],
                        [
                            0.154793476290216,
                            48.0142186555837
                        ],
                        [
                            0.154789310324313,
                            48.0142212562832
                        ],
                        [
                            0.154787921668921,
                            48.0142221231831
                        ],
                        [
                            0.154786533013483,
                            48.0142229900829
                        ],
                        [
                            0.154785144358001,
                            48.0142238569826
                        ],
                        [
                            0.154782415363614,
                            48.0142246914637
                        ],
                        [
                            0.154781026708019,
                            48.0142255583634
                        ],
                        [
                            0.154779589735615,
                            48.0142273245816
                        ],
                        [
                            0.154778201079905,
                            48.0142281914813
                        ],
                        [
                            0.154776812424149,
                            48.014229058381
                        ],
                        [
                            0.15477537545151,
                            48.0142308245991
                        ],
                        [
                            0.154773986795639,
                            48.0142316914987
                        ],
                        [
                            0.154772598139723,
                            48.0142325583983
                        ],
                        [
                            0.154771161166848,
                            48.0142343246164
                        ],
                        [
                            0.154769772510816,
                            48.014235191516
                        ],
                        [
                            0.154768335537776,
                            48.0142369577341
                        ],
                        [
                            0.154765558225437,
                            48.0142386915332
                        ],
                        [
                            0.154764121252161,
                            48.0142404577511
                        ],
                        [
                            0.154762732595853,
                            48.0142413246507
                        ],
                        [
                            0.154761295622412,
                            48.0142430908686
                        ],
                        [
                            0.154758421675241,
                            48.0142466233045
                        ],
                        [
                            0.154756984701513,
                            48.0142483895224
                        ],
                        [
                            0.154756936384344,
                            48.0142492888408
                        ],
                        [
                            0.154755499410493,
                            48.0142510550587
                        ],
                        [
                            0.154754014119325,
                            48.014253720595
                        ],
                        [
                            0.154752577145256,
                            48.0142554868128
                        ],
                        [
                            0.154752528828006,
                            48.0142563861313
                        ],
                        [
                            0.154751091853816,
                            48.0142581523491
                        ],
                        [
                            0.15475099521926,
                            48.014259950986
                        ],
                        [
                            0.154749606562227,
                            48.0142608178854
                        ],
                        [
                            0.154749509927616,
                            48.0142626165223
                        ],
                        [
                            0.154748121270488,
                            48.0142634834216
                        ],
                        [
                            0.154748024635821,
                            48.0142652820585
                        ],
                        [
                            0.154747928001148,
                            48.0142670806954
                        ],
                        [
                            0.154746539343878,
                            48.0142679475947
                        ],
                        [
                            0.154746442709149,
                            48.0142697462316
                        ],
                        [
                            0.154746346074413,
                            48.0142715448685
                        ],
                        [
                            0.154744957417,
                            48.0142724117678
                        ],
                        [
                            0.15474486078221,
                            48.0142742104047
                        ],
                        [
                            0.154744764147412,
                            48.0142760090415
                        ],
                        [
                            0.154744715830011,
                            48.01427690836
                        ],
                        [
                            0.154744619195205,
                            48.0142787069969
                        ],
                        [
                            0.154744522560391,
                            48.0142805056338
                        ],
                        [
                            0.15474442592557,
                            48.0142823042706
                        ],
                        [
                            0.154744377608158,
                            48.0142832035891
                        ],
                        [
                            0.154744184338491,
                            48.0142868008628
                        ],
                        [
                            0.154744136021071,
                            48.0142877001813
                        ],
                        [
                            0.154744039386225,
                            48.0142894988182
                        ],
                        [
                            0.154743942751372,
                            48.014291297455
                        ],
                        [
                            0.154743894433943,
                            48.0142921967734
                        ],
                        [
                            0.15474379779908,
                            48.0142939954103
                        ],
                        [
                            0.154743701164211,
                            48.0142957940472
                        ],
                        [
                            0.15474499318743,
                            48.0142967257848
                        ],
                        [
                            0.154744896552597,
                            48.0142985244217
                        ],
                        [
                            0.154744799917756,
                            48.0143003230585
                        ],
                        [
                            0.154746091941105,
                            48.0143012547961
                        ],
                        [
                            0.1547459953063,
                            48.014303053433
                        ],
                        [
                            0.154745898671489,
                            48.0143048520698
                        ],
                        [
                            0.154747190694968,
                            48.0143057838074
                        ],
                        [
                            0.154747094060193,
                            48.0143075824443
                        ],
                        [
                            0.154748337766389,
                            48.0143094135003
                        ],
                        [
                            0.154748289449019,
                            48.0143103128187
                        ],
                        [
                            0.154749533155321,
                            48.0143121438747
                        ],
                        [
                            0.154749484837968,
                            48.0143130431931
                        ],
                        [
                            0.154750728544377,
                            48.0143148742491
                        ],
                        [
                            0.154751923933555,
                            48.0143176046235
                        ],
                        [
                            0.154753167640154,
                            48.0143194356794
                        ],
                        [
                            0.154753119322857,
                            48.0143203349978
                        ],
                        [
                            0.154754363029561,
                            48.0143221660537
                        ],
                        [
                            0.15475565505361,
                            48.0143230977912
                        ],
                        [
                            0.154756898760469,
                            48.0143249288471
                        ],
                        [
                            0.154758094150191,
                            48.0143276592214
                        ],
                        [
                            0.154759386174441,
                            48.0143285909588
                        ],
                        [
                            0.154760629881556,
                            48.0143304220147
                        ],
                        [
                            0.154761921905917,
                            48.0143313537521
                        ],
                        [
                            0.154763165613185,
                            48.0143331848079
                        ],
                        [
                            0.154764457637659,
                            48.0143341165453
                        ],
                        [
                            0.154766993369664,
                            48.0143368793384
                        ],
                        [
                            0.154768285394295,
                            48.0143378110758
                        ],
                        [
                            0.154769529101934,
                            48.0143396421315
                        ],
                        [
                            0.154770821126677,
                            48.0143405738688
                        ],
                        [
                            0.154772113151466,
                            48.0143415056061
                        ],
                        [
                            0.154773405176299,
                            48.0143424373434
                        ],
                        [
                            0.154774648884224,
                            48.0143442683991
                        ],
                        [
                            0.15477594090917,
                            48.0143452001363
                        ],
                        [
                            0.15477723293416,
                            48.0143461318736
                        ],
                        [
                            0.154779865301149,
                            48.0143470960295
                        ],
                        [
                            0.154781157326256,
                            48.0143480277667
                        ],
                        [
                            0.15478240103458,
                            48.0143498588223
                        ],
                        [
                            0.154783693059797,
                            48.0143507905595
                        ],
                        [
                            0.154786325427135,
                            48.0143517547154
                        ],
                        [
                            0.154788909477848,
                            48.0143536181896
                        ],
                        [
                            0.154791541845422,
                            48.0143545823453
                        ],
                        [
                            0.154792833870915,
                            48.0143555140824
                        ],
                        [
                            0.154794125896455,
                            48.0143564458194
                        ],
                        [
                            0.154796758264264,
                            48.014357409975
                        ],
                        [
                            0.154798050289919,
                            48.014358341712
                        ],
                        [
                            0.154799342315619,
                            48.014359273449
                        ],
                        [
                            0.154801974683663,
                            48.0143602376045
                        ],
                        [
                            0.154803266709478,
                            48.0143611693415
                        ],
                        [
                            0.154805899077688,
                            48.0143621334969
                        ],
                        [
                            0.154807239420038,
                            48.0143621659153
                        ],
                        [
                            0.154809871788369,
                            48.0143631300707
                        ],
                        [
                            0.154811163814395,
                            48.0143640618075
                        ],
                        [
                            0.154813796182891,
                            48.0143650259628
                        ],
                        [
                            0.154815136525319,
                            48.0143650583811
                        ],
                        [
                            0.154817768893938,
                            48.0143660225363
                        ],
                        [
                            0.154820401262653,
                            48.0143669866914
                        ],
                        [
                            0.154821741605135,
                            48.0143670191097
                        ],
                        [
                            0.154824373973971,
                            48.0143679832647
                        ],
                        [
                            0.154825666000369,
                            48.0143689150014
                        ],
                        [
                            0.154828346685439,
                            48.0143689798379
                        ],
                        [
                            0.154829638711931,
                            48.0143699115745
                        ],
                        [
                            0.154832319397056,
                            48.0143699764109
                        ],
                        [
                            0.154834951766231,
                            48.0143709405657
                        ],
                        [
                            0.154836292108822,
                            48.0143709729838
                        ],
                        [
                            0.154838972794008,
                            48.01437103782
                        ],
                        [
                            0.154841605163358,
                            48.0143720019747
                        ],
                        [
                            0.154842945505979,
                            48.0143720343927
                        ],
                        [
                            0.154845626191227,
                            48.0143720992288
                        ],
                        [
                            0.154848258560751,
                            48.0143730633833
                        ],
                        [
                            0.154849598903403,
                            48.0143730958013
                        ],
                        [
                            0.154852279588713,
                            48.0143731606372
                        ],
                        [
                            0.15485491195841,
                            48.0143741247915
                        ],
                        [
                            0.154856252301093,
                            48.0143741572095
                        ],
                        [
                            0.154858932986465,
                            48.0143742220452
                        ],
                        [
                            0.154861613671844,
                            48.0143742868809
                        ],
                        [
                            0.154862954014535,
                            48.0143743192988
                        ],
                        [
                            0.154865634699923,
                            48.0143743841344
                        ],
                        [
                            0.154868315385319,
                            48.01437444897
                        ],
                        [
                            0.154872336413422,
                            48.0143745462232
                        ],
                        [
                            0.154875017098833,
                            48.0143746110587
                        ],
                        [
                            0.154877697784251,
                            48.014374675894
                        ],
                        [
                            0.154879038126962,
                            48.0143747083117
                        ],
                        [
                            0.15488171881239,
                            48.0143747731469
                        ],
                        [
                            0.154884399497824,
                            48.0143748379822
                        ],
                        [
                            0.15488578815564,
                            48.0143739710813
                        ],
                        [
                            0.154888468841038,
                            48.0143740359164
                        ],
                        [
                            0.154891149526443,
                            48.0143741007515
                        ],
                        [
                            0.154892489869148,
                            48.014374133169
                        ],
                        [
                            0.154895218869499,
                            48.0143732986855
                        ],
                        [
                            0.154897899554875,
                            48.0143733635204
                        ],
                        [
                            0.154899288212431,
                            48.0143724966194
                        ],
                        [
                            0.154901968897772,
                            48.0143725614542
                        ],
                        [
                            0.154904649583119,
                            48.0143726262889
                        ],
                        [
                            0.154906038240545,
                            48.0143717593878
                        ],
                        [
                            0.154908718925857,
                            48.0143718242225
                        ],
                        [
                            0.154910107583196,
                            48.0143709573213
                        ],
                        [
                            0.154912788268472,
                            48.0143710221559
                        ],
                        [
                            0.154915517268342,
                            48.0143701876719
                        ],
                        [
                            0.154916905925527,
                            48.0143693207707
                        ],
                        [
                            0.154919586610729,
                            48.0143693856051
                        ],
                        [
                            0.154920975267825,
                            48.0143685187038
                        ],
                        [
                            0.154923704267438,
                            48.0143676842196
                        ],
                        [
                            0.154925044610002,
                            48.0143677166368
                        ],
                        [
                            0.154927773609508,
                            48.0143668821525
                        ],
                        [
                            0.154929162266406,
                            48.0143660152511
                        ],
                        [
                            0.154931891265762,
                            48.0143651807668
                        ],
                        [
                            0.154933231608266,
                            48.0143652131838
                        ],
                        [
                            0.154935960607515,
                            48.0143643786994
                        ],
                        [
                            0.154937349264213,
                            48.0143635117979
                        ],
                        [
                            0.15494007826331,
                            48.0143626773134
                        ],
                        [
                            0.154941466919896,
                            48.0143618104119
                        ],
                        [
                            0.154944195918841,
                            48.0143609759273
                        ],
                        [
                            0.154945584575316,
                            48.0143601090257
                        ],
                        [
                            0.154946973231744,
                            48.0143592421241
                        ],
                        [
                            0.15494970223047,
                            48.0143584076393
                        ],
                        [
                            0.154951090886787,
                            48.0143575407376
                        ],
                        [
                            0.154952479543059,
                            48.014356673836
                        ],
                        [
                            0.154956597197724,
                            48.0143549724494
                        ],
                        [
                            0.154957985853839,
                            48.0143541055477
                        ],
                        [
                            0.154959374509907,
                            48.0143532386459
                        ],
                        [
                            0.154962151821907,
                            48.0143515048424
                        ],
                        [
                            0.15496354047784,
                            48.0143506379406
                        ],
                        [
                            0.154964929133727,
                            48.0143497710388
                        ],
                        [
                            0.154966317789568,
                            48.014348904137
                        ],
                        [
                            0.154967754759045,
                            48.0143471379166
                        ],
                        [
                            0.15496914341477,
                            48.0143462710148
                        ],
                        [
                            0.154971872412479,
                            48.0143454365295
                        ],
                        [
                            0.154974698037221,
                            48.0143428034071
                        ],
                        [
                            0.15497608669272,
                            48.0143419365052
                        ],
                        [
                            0.154977475348174,
                            48.0143410696032
                        ],
                        [
                            0.154978912317065,
                            48.0143393033828
                        ],
                        [
                            0.154980300972404,
                            48.0143384364807
                        ],
                        [
                            0.154981737941131,
                            48.0143366702602
                        ],
                        [
                            0.154981786254562,
                            48.0143357709417
                        ],
                        [
                            0.154983223223167,
                            48.0143340047212
                        ],
                        [
                            0.154984611878296,
                            48.0143331378191
                        ],
                        [
                            0.154986048846735,
                            48.0143313715985
                        ],
                        [
                            0.15498743750175,
                            48.0143305046964
                        ],
                        [
                            0.154988874470023,
                            48.0143287384758
                        ],
                        [
                            0.154988922783327,
                            48.0143278391573
                        ],
                        [
                            0.154990359751478,
                            48.0143260729367
                        ],
                        [
                            0.154991748406282,
                            48.0143252060345
                        ],
                        [
                            0.154991845032785,
                            48.0143234073975
                        ],
                        [
                            0.154993233687494,
                            48.0143225404953
                        ],
                        [
                            0.154994718968557,
                            48.0143198749561
                        ],
                        [
                            0.154996155936299,
                            48.0143181087354
                        ],
                        [
                            0.15499764121709,
                            48.0143154431962
                        ],
                        [
                            0.154997737843375,
                            48.0143136445591
                        ],
                        [
                            0.154999174810848,
                            48.0143118783383
                        ],
                        [
                            0.154999223123962,
                            48.0143109790198
                        ],
                        [
                            0.154999319750184,
                            48.0143091803827
                        ],
                        [
                            0.155000708404398,
                            48.0143083134805
                        ],
                        [
                            0.155000805030565,
                            48.0143065148434
                        ],
                        [
                            0.155000901656726,
                            48.0143047162063
                        ],
                        [
                            0.155002290310799,
                            48.0143038493041
                        ],
                        [
                            0.155002386936903,
                            48.014302050667
                        ],
                        [
                            0.155002483563002,
                            48.0143002520299
                        ],
                        [
                            0.155002580189094,
                            48.0142984533929
                        ],
                        [
                            0.155002628502137,
                            48.0142975540743
                        ],
                        [
                            0.155004065469011,
                            48.0142957878535
                        ],
                        [
                            0.155004162095041,
                            48.0142939892164
                        ],
                        [
                            0.155004210408054,
                            48.0142930898979
                        ],
                        [
                            0.155004307034074,
                            48.0142912912608
                        ],
                        [
                            0.155004403660088,
                            48.0142894926237
                        ]
                    ]
                ]
            },
            "properties": {
                "Nom": null,
                "ObjectId": 95,
                "Shape__Area": 661.60196685791016,
                "Shape__Length": 93.590484633892288,
                "Classe": "Autres écoles",
                "Code_batiment": "C8B12",
                "code_composante": "C8",
                "Etiquette": "ITEMM",
                "Recherche": null,
                "Texte_fenetre": null,
                "nom_composante": "Autres écoles"
            }
        },
        {
            "type": "Feature",
            "id": 96,
            "geometry": {
                "type": "Multipolygon",
                "coordinates": [
                    [
                        [
                            0.154448651062291,
                            48.014541694107
                        ],
                        [
                            0.154448747707625,
                            48.0145398954707
                        ],
                        [
                            0.154448989320933,
                            48.0145353988798
                        ],
                        [
                            0.154447745619777,
                            48.0145335678209
                        ],
                        [
                            0.154447842265127,
                            48.0145317691846
                        ],
                        [
                            0.1544478905878,
                            48.0145308698664
                        ],
                        [
                            0.154447987233141,
                            48.01452907123
                        ],
                        [
                            0.154446743532168,
                            48.0145272401711
                        ],
                        [
                            0.154446791854855,
                            48.0145263408529
                        ],
                        [
                            0.154446888500225,
                            48.0145245422166
                        ],
                        [
                            0.154445644799395,
                            48.0145227111577
                        ],
                        [
                            0.154445693122097,
                            48.0145218118395
                        ],
                        [
                            0.154444449421374,
                            48.0145199807805
                        ],
                        [
                            0.154444497744093,
                            48.0145190814623
                        ],
                        [
                            0.154443254043474,
                            48.0145172504034
                        ],
                        [
                            0.154443350688948,
                            48.014515451767
                        ],
                        [
                            0.1544420586657,
                            48.0145145200262
                        ],
                        [
                            0.154442155311208,
                            48.0145127213898
                        ],
                        [
                            0.154440911610821,
                            48.0145108903308
                        ],
                        [
                            0.154440959933592,
                            48.0145099910127
                        ],
                        [
                            0.154439716233309,
                            48.0145081599537
                        ],
                        [
                            0.154438424210302,
                            48.0145072282128
                        ],
                        [
                            0.154437180510172,
                            48.0145053971538
                        ],
                        [
                            0.154437228833001,
                            48.0145044978356
                        ],
                        [
                            0.154435985132978,
                            48.0145026667765
                        ],
                        [
                            0.154434693110171,
                            48.0145017350356
                        ],
                        [
                            0.154433449410298,
                            48.0144999039765
                        ],
                        [
                            0.154432157387603,
                            48.0144989722356
                        ],
                        [
                            0.15443225403342,
                            48.0144971735993
                        ],
                        [
                            0.154430962010812,
                            48.0144962418583
                        ],
                        [
                            0.154429718311198,
                            48.0144944107992
                        ],
                        [
                            0.154428426288702,
                            48.0144934790582
                        ],
                        [
                            0.154427182589241,
                            48.0144916479991
                        ],
                        [
                            0.154425890566857,
                            48.0144907162581
                        ],
                        [
                            0.154424598544518,
                            48.014489784517
                        ],
                        [
                            0.154423354845276,
                            48.0144879534578
                        ],
                        [
                            0.15442206282305,
                            48.0144870217168
                        ],
                        [
                            0.154420770800868,
                            48.0144860899758
                        ],
                        [
                            0.1544168947346,
                            48.0144832947525
                        ],
                        [
                            0.1544156027126,
                            48.0144823630114
                        ],
                        [
                            0.154414310690646,
                            48.0144814312703
                        ],
                        [
                            0.154413018668738,
                            48.0144804995291
                        ],
                        [
                            0.154411774970114,
                            48.0144786684698
                        ],
                        [
                            0.154409142603287,
                            48.0144777043056
                        ],
                        [
                            0.15440785058156,
                            48.0144767725645
                        ],
                        [
                            0.154406558559879,
                            48.0144758408232
                        ],
                        [
                            0.154403926193288,
                            48.014474876659
                        ],
                        [
                            0.154402634171722,
                            48.0144739449177
                        ],
                        [
                            0.154401342150202,
                            48.0144730131764
                        ],
                        [
                            0.154398709783845,
                            48.0144720490121
                        ],
                        [
                            0.154397417762441,
                            48.0144711172707
                        ],
                        [
                            0.154396125741082,
                            48.0144701855294
                        ],
                        [
                            0.15439349337496,
                            48.0144692213649
                        ],
                        [
                            0.154392201353716,
                            48.0144682896235
                        ],
                        [
                            0.154389568987761,
                            48.0144673254589
                        ],
                        [
                            0.154388276966631,
                            48.0144663937175
                        ],
                        [
                            0.154385644600841,
                            48.0144654295528
                        ],
                        [
                            0.154384352579828,
                            48.0144644978113
                        ],
                        [
                            0.15438167189047,
                            48.0144644329647
                        ],
                        [
                            0.15438037986955,
                            48.0144635012232
                        ],
                        [
                            0.154377747504047,
                            48.0144625370584
                        ],
                        [
                            0.154376455483243,
                            48.0144616053168
                        ],
                        [
                            0.154373774794041,
                            48.0144615404701
                        ],
                        [
                            0.15437248277333,
                            48.0144606087284
                        ],
                        [
                            0.154369850408116,
                            48.0144596445634
                        ],
                        [
                            0.154365877698474,
                            48.0144586479748
                        ],
                        [
                            0.154363197009434,
                            48.0144585831278
                        ],
                        [
                            0.154361904988982,
                            48.0144576513861
                        ],
                        [
                            0.154359272624107,
                            48.0144566872208
                        ],
                        [
                            0.154356591935175,
                            48.0144566223736
                        ],
                        [
                            0.15435525159071,
                            48.01445658995
                        ],
                        [
                            0.154349938537138,
                            48.0144555609373
                        ],
                        [
                            0.154348646516992,
                            48.0144546291954
                        ],
                        [
                            0.154345965828177,
                            48.014454564348
                        ],
                        [
                            0.154341944794966,
                            48.0144544670768
                        ],
                        [
                            0.154339312430611,
                            48.0144535029111
                        ],
                        [
                            0.154335291397493,
                            48.0144534056396
                        ],
                        [
                            0.154332610708756,
                            48.0144533407919
                        ],
                        [
                            0.154329930020026,
                            48.0144532759441
                        ],
                        [
                            0.154328589675663,
                            48.0144532435202
                        ],
                        [
                            0.154325908986942,
                            48.0144531786723
                        ],
                        [
                            0.15431652657647,
                            48.0144529517043
                        ],
                        [
                            0.154313845887779,
                            48.0144528868562
                        ],
                        [
                            0.154312505543435,
                            48.0144528544321
                        ],
                        [
                            0.154309824854754,
                            48.0144527895838
                        ],
                        [
                            0.154307144166079,
                            48.0144527247355
                        ],
                        [
                            0.154305803821743,
                            48.0144526923114
                        ],
                        [
                            0.154303074808021,
                            48.0144535267812
                        ],
                        [
                            0.154300394119317,
                            48.0144534619327
                        ],
                        [
                            0.154296373086273,
                            48.0144533646599
                        ],
                        [
                            0.154293644072366,
                            48.0144541991295
                        ],
                        [
                            0.154292303728001,
                            48.0144541667052
                        ],
                        [
                            0.15428957471399,
                            48.0144550011746
                        ],
                        [
                            0.154286894025227,
                            48.0144549363259
                        ],
                        [
                            0.154285505355489,
                            48.0144558032196
                        ],
                        [
                            0.154282824666692,
                            48.0144557383708
                        ],
                        [
                            0.154280095652449,
                            48.01445657284
                        ],
                        [
                            0.154278755308033,
                            48.0144565404156
                        ],
                        [
                            0.154276026293685,
                            48.0144573748847
                        ],
                        [
                            0.154274685949251,
                            48.0144573424602
                        ],
                        [
                            0.154271956934797,
                            48.0144581769292
                        ],
                        [
                            0.154269227920259,
                            48.0144590113982
                        ],
                        [
                            0.154267887575787,
                            48.0144589789736
                        ],
                        [
                            0.154265158561142,
                            48.0144598134425
                        ],
                        [
                            0.154263769890921,
                            48.014460680336
                        ],
                        [
                            0.154261089201903,
                            48.0144606154867
                        ],
                        [
                            0.154259700531595,
                            48.0144614823801
                        ],
                        [
                            0.154256971516692,
                            48.0144623168488
                        ],
                        [
                            0.154255582846272,
                            48.0144631837422
                        ],
                        [
                            0.154252853831216,
                            48.0144640182108
                        ],
                        [
                            0.154251465160683,
                            48.0144648851042
                        ],
                        [
                            0.154248736145476,
                            48.0144657195727
                        ],
                        [
                            0.154247347474831,
                            48.014466586466
                        ],
                        [
                            0.154245958804141,
                            48.0144674533593
                        ],
                        [
                            0.154243229788714,
                            48.0144682878276
                        ],
                        [
                            0.154241841117912,
                            48.0144691547209
                        ],
                        [
                            0.154240452447065,
                            48.0144700216141
                        ],
                        [
                            0.154237723431418,
                            48.0144708560823
                        ],
                        [
                            0.15423633476046,
                            48.0144717229755
                        ],
                        [
                            0.154234946089455,
                            48.0144725898687
                        ],
                        [
                            0.15423221707359,
                            48.0144734243368
                        ],
                        [
                            0.154230828402473,
                            48.0144742912299
                        ],
                        [
                            0.154229439731311,
                            48.014475158123
                        ],
                        [
                            0.154228002733749,
                            48.0144769243341
                        ],
                        [
                            0.154226614062471,
                            48.0144777912272
                        ],
                        [
                            0.154223885046207,
                            48.0144786256951
                        ],
                        [
                            0.154222496374817,
                            48.0144794925881
                        ],
                        [
                            0.154219670705402,
                            48.0144821256922
                        ],
                        [
                            0.154218282033852,
                            48.0144829925851
                        ],
                        [
                            0.154216845035705,
                            48.0144847587961
                        ],
                        [
                            0.15421545636404,
                            48.0144856256891
                        ],
                        [
                            0.154214067692329,
                            48.0144864925819
                        ],
                        [
                            0.154212630693947,
                            48.0144882587929
                        ],
                        [
                            0.154211242022121,
                            48.0144891256858
                        ],
                        [
                            0.154209805023572,
                            48.0144908918967
                        ],
                        [
                            0.154208416351632,
                            48.0144917587895
                        ],
                        [
                            0.154206979352918,
                            48.0144935250004
                        ],
                        [
                            0.154205590680861,
                            48.0144943918932
                        ],
                        [
                            0.154205494027355,
                            48.0144961905294
                        ],
                        [
                            0.154204105355204,
                            48.0144970574222
                        ],
                        [
                            0.154202668356203,
                            48.014498823633
                        ],
                        [
                            0.154201279683937,
                            48.0144996905258
                        ],
                        [
                            0.154199842684771,
                            48.0145014567366
                        ],
                        [
                            0.154199794357915,
                            48.0145023560547
                        ],
                        [
                            0.154198357358627,
                            48.0145041222654
                        ],
                        [
                            0.154198309031743,
                            48.0145050215836
                        ],
                        [
                            0.154196872032333,
                            48.0145067877943
                        ],
                        [
                            0.154195435032827,
                            48.0145085540051
                        ],
                        [
                            0.154195386705889,
                            48.0145094533232
                        ],
                        [
                            0.154193949706262,
                            48.0145112195339
                        ],
                        [
                            0.154193901379296,
                            48.014512118852
                        ],
                        [
                            0.154192464379548,
                            48.0145138850627
                        ],
                        [
                            0.15419236772556,
                            48.0145156836988
                        ],
                        [
                            0.154190979052682,
                            48.0145165505914
                        ],
                        [
                            0.15419088239864,
                            48.0145183492276
                        ],
                        [
                            0.154190785744591,
                            48.0145201478637
                        ],
                        [
                            0.154189397071571,
                            48.0145210147563
                        ],
                        [
                            0.154189300417467,
                            48.0145228133925
                        ],
                        [
                            0.154189203763356,
                            48.0145246120286
                        ],
                        [
                            0.154189155436297,
                            48.0145255113467
                        ],
                        [
                            0.154187718436026,
                            48.0145272775573
                        ],
                        [
                            0.154187621781853,
                            48.0145290761935
                        ],
                        [
                            0.154187573454764,
                            48.0145299755115
                        ],
                        [
                            0.154187283492195,
                            48.01453537142
                        ],
                        [
                            0.154187235165095,
                            48.014536270738
                        ],
                        [
                            0.154187138510889,
                            48.0145380693741
                        ],
                        [
                            0.154187041856677,
                            48.0145398680103
                        ],
                        [
                            0.154186993529568,
                            48.0145407673283
                        ],
                        [
                            0.154186800221116,
                            48.0145443646006
                        ],
                        [
                            0.154186751894,
                            48.0145452639187
                        ],
                        [
                            0.154186655239761,
                            48.0145470625548
                        ],
                        [
                            0.154187753950899,
                            48.0145515915706
                        ],
                        [
                            0.154187657296682,
                            48.0145533902067
                        ],
                        [
                            0.154188900989315,
                            48.0145552212683
                        ],
                        [
                            0.154188852662224,
                            48.0145561205864
                        ],
                        [
                            0.154188756008037,
                            48.0145579192225
                        ],
                        [
                            0.154189999700814,
                            48.0145597502841
                        ],
                        [
                            0.154189951373737,
                            48.0145606496022
                        ],
                        [
                            0.15419119506662,
                            48.0145624806637
                        ],
                        [
                            0.1541910984125,
                            48.0145642792999
                        ],
                        [
                            0.154192390432549,
                            48.0145652110434
                        ],
                        [
                            0.154192293778465,
                            48.0145670096795
                        ],
                        [
                            0.154193585798602,
                            48.014567941423
                        ],
                        [
                            0.154193489144553,
                            48.0145697400591
                        ],
                        [
                            0.154194781164776,
                            48.0145706718026
                        ],
                        [
                            0.154196024858062,
                            48.0145725028641
                        ],
                        [
                            0.154195928204088,
                            48.0145743015002
                        ],
                        [
                            0.154197220224465,
                            48.0145752332437
                        ],
                        [
                            0.154198463917942,
                            48.0145770643052
                        ],
                        [
                            0.154199755938431,
                            48.0145779960486
                        ],
                        [
                            0.154200951305151,
                            48.0145807264281
                        ],
                        [
                            0.154202194998886,
                            48.0145825574896
                        ],
                        [
                            0.154203487019575,
                            48.014583489233
                        ],
                        [
                            0.154204730713461,
                            48.0145853202944
                        ],
                        [
                            0.154206022734263,
                            48.0145862520377
                        ],
                        [
                            0.154207314755109,
                            48.0145871837811
                        ],
                        [
                            0.154208558449216,
                            48.0145890148425
                        ],
                        [
                            0.154209850470174,
                            48.0145899465858
                        ],
                        [
                            0.154211094164432,
                            48.0145917776472
                        ],
                        [
                            0.154212386185503,
                            48.0145927093904
                        ],
                        [
                            0.154213678206618,
                            48.0145936411337
                        ],
                        [
                            0.154216213922324,
                            48.0145964039383
                        ],
                        [
                            0.154217505943597,
                            48.0145973356815
                        ],
                        [
                            0.154218797964917,
                            48.0145982674247
                        ],
                        [
                            0.154221382007691,
                            48.0146001309111
                        ],
                        [
                            0.154222674029146,
                            48.0146010626543
                        ],
                        [
                            0.154225258072193,
                            48.0146029261406
                        ],
                        [
                            0.154227890441896,
                            48.0146038903088
                        ],
                        [
                            0.154229182463557,
                            48.0146048220518
                        ],
                        [
                            0.154230426158832,
                            48.014606653113
                        ],
                        [
                            0.154233058528814,
                            48.0146076172811
                        ],
                        [
                            0.154234350550658,
                            48.0146085490241
                        ],
                        [
                            0.154235642572546,
                            48.0146094807671
                        ],
                        [
                            0.154238274942763,
                            48.0146104449351
                        ],
                        [
                            0.154239566964767,
                            48.014611376678
                        ],
                        [
                            0.154240858986816,
                            48.014612308421
                        ],
                        [
                            0.154243539683485,
                            48.0146123732708
                        ],
                        [
                            0.154244831705628,
                            48.0146133050138
                        ],
                        [
                            0.154247464076204,
                            48.0146142691815
                        ],
                        [
                            0.154248756098461,
                            48.0146152009244
                        ],
                        [
                            0.154251388469202,
                            48.014616165092
                        ],
                        [
                            0.154252680491575,
                            48.0146170968349
                        ],
                        [
                            0.154255312862481,
                            48.0146180610024
                        ],
                        [
                            0.154256653210968,
                            48.0146180934272
                        ],
                        [
                            0.154259285581996,
                            48.0146190575947
                        ],
                        [
                            0.15426057760458,
                            48.0146199893374
                        ],
                        [
                            0.154263258301661,
                            48.0146200541868
                        ],
                        [
                            0.154265890672906,
                            48.0146210183541
                        ],
                        [
                            0.154267182695654,
                            48.0146219500968
                        ],
                        [
                            0.154269863392842,
                            48.014622014946
                        ],
                        [
                            0.154271155415684,
                            48.0146229466886
                        ],
                        [
                            0.154273836112928,
                            48.0146230115377
                        ],
                        [
                            0.154276468484512,
                            48.0146239757048
                        ],
                        [
                            0.154277808833163,
                            48.0146240081293
                        ],
                        [
                            0.154280441204869,
                            48.0146249722963
                        ],
                        [
                            0.154281781553546,
                            48.0146250047208
                        ],
                        [
                            0.154284462250907,
                            48.0146250695696
                        ],
                        [
                            0.154287094622788,
                            48.0146260337365
                        ],
                        [
                            0.154288434971497,
                            48.0146260661608
                        ],
                        [
                            0.15429111566892,
                            48.0146261310095
                        ],
                        [
                            0.154293748040973,
                            48.0146270951763
                        ],
                        [
                            0.154296428738454,
                            48.0146271600249
                        ],
                        [
                            0.154297769087198,
                            48.0146271924491
                        ],
                        [
                            0.154300449784689,
                            48.0146272572976
                        ],
                        [
                            0.154303130482186,
                            48.0146273221461
                        ],
                        [
                            0.154304422505743,
                            48.0146282538883
                        ],
                        [
                            0.154307103203296,
                            48.0146283187367
                        ],
                        [
                            0.154309783900855,
                            48.0146283835849
                        ],
                        [
                            0.154319166342365,
                            48.0146286105535
                        ],
                        [
                            0.154320506691159,
                            48.0146286429775
                        ],
                        [
                            0.154323187388751,
                            48.0146287078255
                        ],
                        [
                            0.154325916411182,
                            48.0146278733553
                        ],
                        [
                            0.154327256759962,
                            48.0146279057792
                        ],
                        [
                            0.154332618155094,
                            48.0146280354748
                        ],
                        [
                            0.154334006828576,
                            48.0146271685806
                        ],
                        [
                            0.154336687526109,
                            48.0146272334283
                        ],
                        [
                            0.15433936822365,
                            48.0146272982759
                        ],
                        [
                            0.154340708572424,
                            48.0146273306997
                        ],
                        [
                            0.154343437594507,
                            48.0146264962291
                        ],
                        [
                            0.154347506965241,
                            48.0146256941822
                        ],
                        [
                            0.154350187662717,
                            48.0146257590296
                        ],
                        [
                            0.15435291668457,
                            48.0146249245588
                        ],
                        [
                            0.154354257033292,
                            48.0146249569824
                        ],
                        [
                            0.154356986055039,
                            48.0146241225116
                        ],
                        [
                            0.154359666752448,
                            48.0146241873587
                        ],
                        [
                            0.154361055425386,
                            48.0146233204642
                        ],
                        [
                            0.154363784446942,
                            48.0146224859931
                        ],
                        [
                            0.154365124795609,
                            48.0146225184167
                        ],
                        [
                            0.15436785381706,
                            48.0146216839455
                        ],
                        [
                            0.154369242489798,
                            48.0146208170509
                        ],
                        [
                            0.154371923187054,
                            48.0146208818978
                        ],
                        [
                            0.154373311859704,
                            48.0146200150031
                        ],
                        [
                            0.154376040880897,
                            48.0146191805318
                        ],
                        [
                            0.154377429553435,
                            48.014618313637
                        ],
                        [
                            0.154380158574477,
                            48.0146174791656
                        ],
                        [
                            0.154381547246903,
                            48.0146166122708
                        ],
                        [
                            0.154384227943962,
                            48.0146166771174
                        ],
                        [
                            0.154385616616301,
                            48.0146158102226
                        ],
                        [
                            0.154388345637084,
                            48.014614975751
                        ],
                        [
                            0.154389734309311,
                            48.0146141088561
                        ],
                        [
                            0.154391122981492,
                            48.0146132419612
                        ],
                        [
                            0.154393852002056,
                            48.0146124074895
                        ],
                        [
                            0.154395240674126,
                            48.0146115405945
                        ],
                        [
                            0.154396677669764,
                            48.0146097743815
                        ],
                        [
                            0.154399406690062,
                            48.0146089399096
                        ],
                        [
                            0.154400795361949,
                            48.0146080730146
                        ],
                        [
                            0.154402184033791,
                            48.0146072061196
                        ],
                        [
                            0.15440491305387,
                            48.0146063716476
                        ],
                        [
                            0.154406301725601,
                            48.0146055047525
                        ],
                        [
                            0.154407690397286,
                            48.0146046378574
                        ],
                        [
                            0.154409127392321,
                            48.0146028716442
                        ],
                        [
                            0.154410516063892,
                            48.014602004749
                        ],
                        [
                            0.154411904735415,
                            48.0146011378539
                        ],
                        [
                            0.154414633755029,
                            48.0146003033817
                        ],
                        [
                            0.154416070749715,
                            48.0145985371683
                        ],
                        [
                            0.154417459421058,
                            48.0145976702731
                        ],
                        [
                            0.154418848092354,
                            48.0145968033779
                        ],
                        [
                            0.154420285086807,
                            48.0145950371645
                        ],
                        [
                            0.154421673757987,
                            48.0145941702692
                        ],
                        [
                            0.154423110752274,
                            48.0145924040558
                        ],
                        [
                            0.15442449942334,
                            48.0145915371605
                        ],
                        [
                            0.154425888094361,
                            48.0145906702652
                        ],
                        [
                            0.154427325088412,
                            48.0145889040517
                        ],
                        [
                            0.154427373411485,
                            48.0145880047336
                        ],
                        [
                            0.154428810405413,
                            48.0145862385201
                        ],
                        [
                            0.154430199076225,
                            48.0145853716247
                        ],
                        [
                            0.154433024740684,
                            48.0145827385158
                        ],
                        [
                            0.154433121386623,
                            48.0145809398795
                        ],
                        [
                            0.154434510057227,
                            48.0145800729841
                        ],
                        [
                            0.154435947050702,
                            48.0145783067705
                        ],
                        [
                            0.154437335721189,
                            48.0145774398751
                        ],
                        [
                            0.154437432366973,
                            48.0145756412388
                        ],
                        [
                            0.154438869360231,
                            48.0145738750251
                        ],
                        [
                            0.15444035467623,
                            48.0145712094933
                        ],
                        [
                            0.154440402999065,
                            48.0145703101752
                        ],
                        [
                            0.15444183999208,
                            48.0145685439615
                        ],
                        [
                            0.154441936637695,
                            48.0145667453252
                        ],
                        [
                            0.15444332530778,
                            48.0145658784297
                        ],
                        [
                            0.15444342195334,
                            48.0145640797934
                        ],
                        [
                            0.154444858946085,
                            48.0145623135797
                        ],
                        [
                            0.154444907268836,
                            48.0145614142615
                        ],
                        [
                            0.154445003914334,
                            48.0145596156252
                        ],
                        [
                            0.154446440906904,
                            48.0145578494114
                        ],
                        [
                            0.154446489229624,
                            48.0145569500933
                        ],
                        [
                            0.15444658587506,
                            48.014555151457
                        ],
                        [
                            0.15444668252049,
                            48.0145533528206
                        ],
                        [
                            0.154446730843201,
                            48.0145524535025
                        ],
                        [
                            0.15444816783552,
                            48.0145506872887
                        ],
                        [
                            0.154448264480887,
                            48.0145488886524
                        ],
                        [
                            0.154448506094277,
                            48.0145443920615
                        ],
                        [
                            0.154448651062291,
                            48.014541694107
                        ]
                    ]
                ]
            },
            "properties": {
                "Nom": null,
                "ObjectId": 96,
                "Shape__Area": 669.54566192626953,
                "Shape__Length": 94.182259633825581,
                "Classe": "Autres écoles",
                "Code_batiment": "C8B14",
                "code_composante": "C8",
                "Etiquette": "ITEMM",
                "Recherche": null,
                "Texte_fenetre": null,
                "nom_composante": "Autres écoles"
            }
        },
        {
            "type": "Feature",
            "id": 99,
            "geometry": {
                "type": "Multipolygon",
                "coordinates": [
                    [
                        [
                            0.155384203190562,
                            48.0142896726167
                        ],
                        [
                            0.155384396416783,
                            48.0142860753419
                        ],
                        [
                            0.155384493029884,
                            48.0142842767045
                        ],
                        [
                            0.155384589642978,
                            48.0142824780671
                        ],
                        [
                            0.155384686256066,
                            48.0142806794297
                        ],
                        [
                            0.155383442528551,
                            48.0142788483803
                        ],
                        [
                            0.155383490835112,
                            48.0142779490616
                        ],
                        [
                            0.155383587448229,
                            48.0142761504242
                        ],
                        [
                            0.155382343720857,
                            48.0142743193749
                        ],
                        [
                            0.155382440334006,
                            48.0142725207375
                        ],
                        [
                            0.155382536947148,
                            48.0142707221001
                        ],
                        [
                            0.155381293219941,
                            48.0142688910508
                        ],
                        [
                            0.15538134152653,
                            48.014267991732
                        ],
                        [
                            0.155380097799428,
                            48.0142661606827
                        ],
                        [
                            0.155378854072411,
                            48.0142643296333
                        ],
                        [
                            0.155378950685661,
                            48.0142625309959
                        ],
                        [
                            0.15537770695877,
                            48.0142606999465
                        ],
                        [
                            0.155377755265412,
                            48.0142598006278
                        ],
                        [
                            0.155376511538626,
                            48.0142579695784
                        ],
                        [
                            0.155375267811926,
                            48.014256138529
                        ],
                        [
                            0.155375364425282,
                            48.0142543398915
                        ],
                        [
                            0.155374072392012,
                            48.0142534081608
                        ],
                        [
                            0.155372828665503,
                            48.0142515771114
                        ],
                        [
                            0.15537158493908,
                            48.0142497460619
                        ],
                        [
                            0.155370292905987,
                            48.0142488143311
                        ],
                        [
                            0.155369049179717,
                            48.0142469832816
                        ],
                        [
                            0.155367805453534,
                            48.0142451522321
                        ],
                        [
                            0.15536785376033,
                            48.0142442529134
                        ],
                        [
                            0.155366610034251,
                            48.0142424218639
                        ],
                        [
                            0.155365366308258,
                            48.0142405908143
                        ],
                        [
                            0.155364074275498,
                            48.0142396590835
                        ],
                        [
                            0.155362830549658,
                            48.0142378280339
                        ],
                        [
                            0.155360198177489,
                            48.0142368638909
                        ],
                        [
                            0.155358954451849,
                            48.0142350328413
                        ],
                        [
                            0.155357662419336,
                            48.0142341011103
                        ],
                        [
                            0.155356418693849,
                            48.0142322700607
                        ],
                        [
                            0.15535512666145,
                            48.0142313383298
                        ],
                        [
                            0.155353882936113,
                            48.0142295072801
                        ],
                        [
                            0.155351250564521,
                            48.0142285431369
                        ],
                        [
                            0.155350006839386,
                            48.0142267120871
                        ],
                        [
                            0.155348714807234,
                            48.0142257803561
                        ],
                        [
                            0.155347422775127,
                            48.0142248486251
                        ],
                        [
                            0.155344838711051,
                            48.014222985163
                        ],
                        [
                            0.155343546679081,
                            48.0142220534319
                        ],
                        [
                            0.155340914308047,
                            48.0142210892884
                        ],
                        [
                            0.155339622276192,
                            48.0142201575573
                        ],
                        [
                            0.155338378551655,
                            48.0142183265074
                        ],
                        [
                            0.155335746180901,
                            48.0142173623639
                        ],
                        [
                            0.155334454149227,
                            48.0142164306327
                        ],
                        [
                            0.155331821778638,
                            48.014215466489
                        ],
                        [
                            0.155330529747081,
                            48.0142145347578
                        ],
                        [
                            0.155327897376658,
                            48.014213570614
                        ],
                        [
                            0.155326653652681,
                            48.014211739564
                        ],
                        [
                            0.155324021282466,
                            48.0142107754202
                        ],
                        [
                            0.155322729251161,
                            48.0142098436888
                        ],
                        [
                            0.155320096881112,
                            48.0142088795449
                        ],
                        [
                            0.15531746451116,
                            48.0142079154009
                        ],
                        [
                            0.155316172480039,
                            48.0142069836695
                        ],
                        [
                            0.155313540110252,
                            48.0142060195254
                        ],
                        [
                            0.155310859432835,
                            48.0142059547
                        ],
                        [
                            0.155309567401878,
                            48.0142050229685
                        ],
                        [
                            0.155303010632063,
                            48.0142021629484
                        ],
                        [
                            0.155300329954853,
                            48.0142020981228
                        ],
                        [
                            0.155297697585597,
                            48.0142011339783
                        ],
                        [
                            0.155295065216438,
                            48.0142001698338
                        ],
                        [
                            0.155293724877887,
                            48.0142001374209
                        ],
                        [
                            0.155291092508849,
                            48.0141991732763
                        ],
                        [
                            0.155288460139907,
                            48.0141982091316
                        ],
                        [
                            0.155285779462915,
                            48.0141981443056
                        ],
                        [
                            0.155283147094121,
                            48.0141971801608
                        ],
                        [
                            0.155281806755653,
                            48.0141971477478
                        ],
                        [
                            0.15527917438698,
                            48.0141961836029
                        ],
                        [
                            0.155276493710103,
                            48.0141961187767
                        ],
                        [
                            0.155273813033231,
                            48.0141960539504
                        ],
                        [
                            0.155271180664759,
                            48.0141950898053
                        ],
                        [
                            0.155268499987946,
                            48.0141950249789
                        ],
                        [
                            0.15526581931114,
                            48.0141949601524
                        ],
                        [
                            0.155264527281243,
                            48.0141940284205
                        ],
                        [
                            0.155261846604492,
                            48.0141939635939
                        ],
                        [
                            0.155259165927748,
                            48.0141938987673
                        ],
                        [
                            0.155256485251011,
                            48.0141938339406
                        ],
                        [
                            0.15525380457428,
                            48.0141937691139
                        ],
                        [
                            0.155251172206284,
                            48.0141928049684
                        ],
                        [
                            0.155248491529612,
                            48.0141927401415
                        ],
                        [
                            0.15523910916131,
                            48.014192513247
                        ],
                        [
                            0.155236380175687,
                            48.0141933477386
                        ],
                        [
                            0.155233699499005,
                            48.0141932829114
                        ],
                        [
                            0.15523101882233,
                            48.0141932180842
                        ],
                        [
                            0.155228338145661,
                            48.0141931532568
                        ],
                        [
                            0.155225657468999,
                            48.0141930884295
                        ],
                        [
                            0.155224268821486,
                            48.0141939553344
                        ],
                        [
                            0.155221588144788,
                            48.0141938905069
                        ],
                        [
                            0.155218907468096,
                            48.0141938256794
                        ],
                        [
                            0.155216178482089,
                            48.0141946601705
                        ],
                        [
                            0.155213497805365,
                            48.0141945953429
                        ],
                        [
                            0.155210817128648,
                            48.0141945305151
                        ],
                        [
                            0.155208088142476,
                            48.014195365006
                        ],
                        [
                            0.155206747804101,
                            48.0141953325921
                        ],
                        [
                            0.155204018817824,
                            48.0141961670829
                        ],
                        [
                            0.155201338141039,
                            48.014196102255
                        ],
                        [
                            0.155198609154637,
                            48.0141969367457
                        ],
                        [
                            0.15519588016815,
                            48.0141977712363
                        ],
                        [
                            0.15519453982972,
                            48.0141977388222
                        ],
                        [
                            0.155191810843127,
                            48.0141985733128
                        ],
                        [
                            0.155189081856448,
                            48.0141994078032
                        ],
                        [
                            0.155186401179517,
                            48.0141993429749
                        ],
                        [
                            0.155185012531197,
                            48.0142002098794
                        ],
                        [
                            0.155182283544327,
                            48.0142010443697
                        ],
                        [
                            0.15517955455737,
                            48.01420187886
                        ],
                        [
                            0.155178165908871,
                            48.0142027457644
                        ],
                        [
                            0.155175485231785,
                            48.0142026809359
                        ],
                        [
                            0.155172756244637,
                            48.014203515426
                        ],
                        [
                            0.155171367595984,
                            48.0142043823303
                        ],
                        [
                            0.155168638608684,
                            48.0142052168203
                        ],
                        [
                            0.155165909621297,
                            48.0142060513102
                        ],
                        [
                            0.155164520972466,
                            48.0142069182145
                        ],
                        [
                            0.155161791984927,
                            48.0142077527043
                        ],
                        [
                            0.155160403335984,
                            48.0142086196085
                        ],
                        [
                            0.155157626037961,
                            48.0142103534169
                        ],
                        [
                            0.155156237388881,
                            48.014211220321
                        ],
                        [
                            0.15515350840099,
                            48.0142120548107
                        ],
                        [
                            0.155152119751799,
                            48.0142129217148
                        ],
                        [
                            0.155149390763755,
                            48.0142137562043
                        ],
                        [
                            0.155147953803952,
                            48.014215522427
                        ],
                        [
                            0.155145224815709,
                            48.0142163569164
                        ],
                        [
                            0.155142447516783,
                            48.0142180907245
                        ],
                        [
                            0.155139670217676,
                            48.0142198245324
                        ],
                        [
                            0.155138281568055,
                            48.0142206914363
                        ],
                        [
                            0.155136892918388,
                            48.0142215583403
                        ],
                        [
                            0.155135455957955,
                            48.0142233245628
                        ],
                        [
                            0.155132726969113,
                            48.0142241590519
                        ],
                        [
                            0.155131290008472,
                            48.0142259252744
                        ],
                        [
                            0.155129901358553,
                            48.0142267921783
                        ],
                        [
                            0.155128464397746,
                            48.0142285584007
                        ],
                        [
                            0.15512563878674,
                            48.014231191527
                        ],
                        [
                            0.155122909797337,
                            48.0142320260158
                        ],
                        [
                            0.155121472836156,
                            48.0142337922383
                        ],
                        [
                            0.155118647224522,
                            48.0142364253643
                        ],
                        [
                            0.155117210263079,
                            48.0142381915866
                        ],
                        [
                            0.155115821612608,
                            48.0142390584903
                        ],
                        [
                            0.155115724990469,
                            48.0142408571275
                        ],
                        [
                            0.155114336339904,
                            48.0142417240311
                        ],
                        [
                            0.155112899378174,
                            48.0142434902534
                        ],
                        [
                            0.155111462416346,
                            48.0142452564756
                        ],
                        [
                            0.155110025454424,
                            48.0142470226978
                        ],
                        [
                            0.155108636803604,
                            48.0142478896014
                        ],
                        [
                            0.155108540181204,
                            48.0142496882386
                        ],
                        [
                            0.155107103219064,
                            48.0142514544608
                        ],
                        [
                            0.155105666256829,
                            48.0142532206829
                        ],
                        [
                            0.155105617945575,
                            48.0142541200015
                        ],
                        [
                            0.155104180983216,
                            48.0142558862237
                        ],
                        [
                            0.155102744020763,
                            48.0142576524458
                        ],
                        [
                            0.155102647398146,
                            48.014259451083
                        ],
                        [
                            0.155101210435544,
                            48.0142612173051
                        ],
                        [
                            0.155101162124207,
                            48.0142621166236
                        ],
                        [
                            0.155099725161484,
                            48.0142638828457
                        ],
                        [
                            0.155099628538753,
                            48.0142656814829
                        ],
                        [
                            0.155099531916015,
                            48.0142674801201
                        ],
                        [
                            0.155098094953092,
                            48.0142692463421
                        ],
                        [
                            0.155097998330296,
                            48.0142710449793
                        ],
                        [
                            0.155097950018895,
                            48.0142719442979
                        ],
                        [
                            0.155096513055798,
                            48.01427371052
                        ],
                        [
                            0.15509641643294,
                            48.0142755091571
                        ],
                        [
                            0.155096319810075,
                            48.0142773077943
                        ],
                        [
                            0.155096223187204,
                            48.0142791064314
                        ],
                        [
                            0.155096126564326,
                            48.0142809050686
                        ],
                        [
                            0.155096029941442,
                            48.0142827037058
                        ],
                        [
                            0.155094592977989,
                            48.0142844699278
                        ],
                        [
                            0.155094544666519,
                            48.0142853692464
                        ],
                        [
                            0.15509435142062,
                            48.0142889665207
                        ],
                        [
                            0.155095595138381,
                            48.014290797573
                        ],
                        [
                            0.155095498515461,
                            48.0142925962102
                        ],
                        [
                            0.155095401892534,
                            48.0142943948473
                        ],
                        [
                            0.1550953052696,
                            48.0142961934845
                        ],
                        [
                            0.155095208646661,
                            48.0142979921217
                        ],
                        [
                            0.155095160335188,
                            48.0142988914402
                        ],
                        [
                            0.155096404053211,
                            48.0143007224925
                        ],
                        [
                            0.1550963074303,
                            48.0143025211297
                        ],
                        [
                            0.155096210807382,
                            48.0143043197668
                        ],
                        [
                            0.155097454525569,
                            48.0143061508191
                        ],
                        [
                            0.155097357902683,
                            48.0143079494563
                        ],
                        [
                            0.155097261279791,
                            48.0143097480935
                        ],
                        [
                            0.155098553309569,
                            48.0143106798272
                        ],
                        [
                            0.155098456686712,
                            48.0143124784643
                        ],
                        [
                            0.155099700405168,
                            48.0143143095166
                        ],
                        [
                            0.155099603782344,
                            48.0143161081537
                        ],
                        [
                            0.155100847500924,
                            48.014317939206
                        ],
                        [
                            0.155102139530965,
                            48.0143188709397
                        ],
                        [
                            0.155102042908215,
                            48.0143206695768
                        ],
                        [
                            0.155103286626986,
                            48.014322500629
                        ],
                        [
                            0.155104530345844,
                            48.0143243316812
                        ],
                        [
                            0.155104482034506,
                            48.0143252309998
                        ],
                        [
                            0.155105725753469,
                            48.014327062052
                        ],
                        [
                            0.155106969472519,
                            48.0143288931042
                        ],
                        [
                            0.155108213191654,
                            48.0143307241564
                        ],
                        [
                            0.155109505222135,
                            48.01433165589
                        ],
                        [
                            0.155109408599612,
                            48.0143334545271
                        ],
                        [
                            0.155110652318938,
                            48.0143352855792
                        ],
                        [
                            0.155111944349574,
                            48.0143362173128
                        ],
                        [
                            0.155113188069054,
                            48.0143380483649
                        ],
                        [
                            0.155114480099801,
                            48.0143389800985
                        ],
                        [
                            0.155115723819432,
                            48.0143408111505
                        ],
                        [
                            0.155116967539149,
                            48.0143426422026
                        ],
                        [
                            0.155118259570075,
                            48.0143435739361
                        ],
                        [
                            0.155120843632065,
                            48.014345437403
                        ],
                        [
                            0.155123379383196,
                            48.0143482001885
                        ],
                        [
                            0.155125915134592,
                            48.0143509629738
                        ],
                        [
                            0.15512720716588,
                            48.0143518947072
                        ],
                        [
                            0.155129839539522,
                            48.0143528588554
                        ],
                        [
                            0.15513108326001,
                            48.0143546899073
                        ],
                        [
                            0.155132375291479,
                            48.0143556216406
                        ],
                        [
                            0.155135007665402,
                            48.0143565857887
                        ],
                        [
                            0.155136251386156,
                            48.0143584168405
                        ],
                        [
                            0.155140175792008,
                            48.0143603127217
                        ],
                        [
                            0.155141419513028,
                            48.0143621437735
                        ],
                        [
                            0.155144051887441,
                            48.0143631079214
                        ],
                        [
                            0.155145343919342,
                            48.0143640396545
                        ],
                        [
                            0.155147976293919,
                            48.0143650038023
                        ],
                        [
                            0.155151900700679,
                            48.0143668996831
                        ],
                        [
                            0.155153192732811,
                            48.0143678314162
                        ],
                        [
                            0.155155825107718,
                            48.0143687955638
                        ],
                        [
                            0.155157117139967,
                            48.0143697272968
                        ],
                        [
                            0.155159749515041,
                            48.0143706914443
                        ],
                        [
                            0.15516238189021,
                            48.0143716555918
                        ],
                        [
                            0.155163673922643,
                            48.0143725873248
                        ],
                        [
                            0.155166306297978,
                            48.0143735514721
                        ],
                        [
                            0.15516893867341,
                            48.0143745156194
                        ],
                        [
                            0.155170230706027,
                            48.0143754473523
                        ],
                        [
                            0.155172863081625,
                            48.0143764114995
                        ],
                        [
                            0.155175495457317,
                            48.0143773756466
                        ],
                        [
                            0.155176835800279,
                            48.0143774080609
                        ],
                        [
                            0.155179468176093,
                            48.0143783722079
                        ],
                        [
                            0.155182100552004,
                            48.0143793363549
                        ],
                        [
                            0.155186073271052,
                            48.014380332916
                        ],
                        [
                            0.155188705647179,
                            48.0143812970629
                        ],
                        [
                            0.155191386333319,
                            48.0143813618911
                        ],
                        [
                            0.155194018709595,
                            48.0143823260378
                        ],
                        [
                            0.155195310742843,
                            48.0143832577704
                        ],
                        [
                            0.155197991429091,
                            48.0143833225985
                        ],
                        [
                            0.155200672115344,
                            48.0143833874265
                        ],
                        [
                            0.15520330449189,
                            48.014384351573
                        ],
                        [
                            0.155205985178203,
                            48.0143844164009
                        ],
                        [
                            0.155208617554895,
                            48.0143853805473
                        ],
                        [
                            0.155211298241267,
                            48.014385445375
                        ],
                        [
                            0.155212638584455,
                            48.0143854777889
                        ],
                        [
                            0.155215270961321,
                            48.0143864419351
                        ],
                        [
                            0.155217951647754,
                            48.0143865067627
                        ],
                        [
                            0.155220632334193,
                            48.0143865715903
                        ],
                        [
                            0.155223313020639,
                            48.0143866364178
                        ],
                        [
                            0.155225993707091,
                            48.0143867012452
                        ],
                        [
                            0.15522867439355,
                            48.0143867660726
                        ],
                        [
                            0.155231355080015,
                            48.0143868308999
                        ],
                        [
                            0.155234035766488,
                            48.0143868957271
                        ],
                        [
                            0.155238056796207,
                            48.0143869929679
                        ],
                        [
                            0.155240737482696,
                            48.014387057795
                        ],
                        [
                            0.155243418169191,
                            48.014387122622
                        ],
                        [
                            0.155246098855692,
                            48.014387187449
                        ],
                        [
                            0.1552487795422,
                            48.0143872522758
                        ],
                        [
                            0.155251460228715,
                            48.0143873171027
                        ],
                        [
                            0.155252800571975,
                            48.0143873495161
                        ],
                        [
                            0.155255529567331,
                            48.0143865150243
                        ],
                        [
                            0.155258210253816,
                            48.0143865798509
                        ],
                        [
                            0.155260890940309,
                            48.0143866446776
                        ],
                        [
                            0.155263619935502,
                            48.0143858101856
                        ],
                        [
                            0.155266300621961,
                            48.0143858750121
                        ],
                        [
                            0.155269029617028,
                            48.0143850405199
                        ],
                        [
                            0.155270369960242,
                            48.0143850729331
                        ],
                        [
                            0.155273050646673,
                            48.0143851377595
                        ],
                        [
                            0.155275779641596,
                            48.0143843032672
                        ],
                        [
                            0.155278508636433,
                            48.0143834687748
                        ],
                        [
                            0.155281189322793,
                            48.014383533601
                        ],
                        [
                            0.155285258660669,
                            48.0143827315215
                        ],
                        [
                            0.155287987655276,
                            48.0143818970289
                        ],
                        [
                            0.155290716649797,
                            48.0143810625362
                        ],
                        [
                            0.155292056992922,
                            48.0143810949492
                        ],
                        [
                            0.155294785987339,
                            48.0143802604565
                        ],
                        [
                            0.155297514981668,
                            48.0143794259637
                        ],
                        [
                            0.155301632627022,
                            48.014377724565
                        ],
                        [
                            0.155304361621114,
                            48.0143768900721
                        ],
                        [
                            0.15530709061512,
                            48.014376055579
                        ],
                        [
                            0.155308430958128,
                            48.0143760879918
                        ],
                        [
                            0.155311159952028,
                            48.0143752534986
                        ],
                        [
                            0.155312548602872,
                            48.0143743865927
                        ],
                        [
                            0.155315277596619,
                            48.0143735520995
                        ],
                        [
                            0.155318054898039,
                            48.0143718182876
                        ],
                        [
                            0.155319443548679,
                            48.0143709513816
                        ],
                        [
                            0.155322172542141,
                            48.0143701168882
                        ],
                        [
                            0.15532356119267,
                            48.0143692499822
                        ],
                        [
                            0.15532629018598,
                            48.0143684154887
                        ],
                        [
                            0.155327678836398,
                            48.0143675485826
                        ],
                        [
                            0.155330407829554,
                            48.014366714089
                        ],
                        [
                            0.155331844787377,
                            48.0143649478643
                        ],
                        [
                            0.155335962430503,
                            48.0143632464644
                        ],
                        [
                            0.155337399388045,
                            48.0143614802396
                        ],
                        [
                            0.155338788038099,
                            48.0143606133333
                        ],
                        [
                            0.155341517030724,
                            48.0143597788395
                        ],
                        [
                            0.155342953987988,
                            48.0143580126146
                        ],
                        [
                            0.155344342637859,
                            48.0143571457083
                        ],
                        [
                            0.155347071630218,
                            48.0143563112143
                        ],
                        [
                            0.155348508587203,
                            48.0143545449894
                        ],
                        [
                            0.155349897236892,
                            48.014353678083
                        ],
                        [
                            0.155351334193711,
                            48.014351911858
                        ],
                        [
                            0.155352722843286,
                            48.0143510449516
                        ],
                        [
                            0.155354159799939,
                            48.0143492787265
                        ],
                        [
                            0.1553555484494,
                            48.0143484118202
                        ],
                        [
                            0.155358325748182,
                            48.0143466780072
                        ],
                        [
                            0.15535976270453,
                            48.0143449117821
                        ],
                        [
                            0.155361151353783,
                            48.0143440448756
                        ],
                        [
                            0.155361247967778,
                            48.0143422462383
                        ],
                        [
                            0.155362636616939,
                            48.0143413793318
                        ],
                        [
                            0.155364073572999,
                            48.0143396131066
                        ],
                        [
                            0.155365510528963,
                            48.0143378468814
                        ],
                        [
                            0.155366899177938,
                            48.0143369799748
                        ],
                        [
                            0.155368336133737,
                            48.0143352137496
                        ],
                        [
                            0.15536977308944,
                            48.0143334475243
                        ],
                        [
                            0.155369821396283,
                            48.0143325482057
                        ],
                        [
                            0.155371258351864,
                            48.0143307819803
                        ],
                        [
                            0.155372695307349,
                            48.0143290157551
                        ],
                        [
                            0.15537413226274,
                            48.0143272495297
                        ],
                        [
                            0.155374228876264,
                            48.0143254508924
                        ],
                        [
                            0.15537561752477,
                            48.0143245839857
                        ],
                        [
                            0.155377054479943,
                            48.0143228177603
                        ],
                        [
                            0.15537715109336,
                            48.014321019123
                        ],
                        [
                            0.155378588048384,
                            48.0143192528976
                        ],
                        [
                            0.155378684661743,
                            48.0143174542603
                        ],
                        [
                            0.15537873296842,
                            48.0143165549416
                        ],
                        [
                            0.15538016992327,
                            48.0143147887162
                        ],
                        [
                            0.155380266536567,
                            48.0143129900788
                        ],
                        [
                            0.15538170349127,
                            48.0143112238534
                        ],
                        [
                            0.155381800104508,
                            48.014309425216
                        ],
                        [
                            0.15538189671774,
                            48.0143076265786
                        ],
                        [
                            0.155383285365653,
                            48.0143067596718
                        ],
                        [
                            0.155383381978829,
                            48.0143049610345
                        ],
                        [
                            0.155383478591999,
                            48.0143031623971
                        ],
                        [
                            0.155383575205162,
                            48.0143013637597
                        ],
                        [
                            0.155383671818319,
                            48.0142995651223
                        ],
                        [
                            0.155383768431468,
                            48.014297766485
                        ],
                        [
                            0.155383865044612,
                            48.0142959678476
                        ],
                        [
                            0.155384203190562,
                            48.0142896726167
                        ]
                    ]
                ]
            },
            "properties": {
                "Nom": null,
                "ObjectId": 99,
                "Shape__Area": 819.66602325439453,
                "Shape__Length": 103.93834652723791,
                "Classe": "Autres écoles",
                "Code_batiment": "C8B11",
                "code_composante": "C8",
                "Etiquette": "ITEMM",
                "Recherche": null,
                "Texte_fenetre": null,
                "nom_composante": "Autres écoles"
            }
        },
        {
            "type": "Feature",
            "id": 101,
            "geometry": {
                "type": "Multipolygon",
                "coordinates": [
                    [
                        [
                            0.15642398986837,
                            48.0167452230524
                        ],
                        [
                            0.155773411075022,
                            48.0167385002373
                        ],
                        [
                            0.155769568501434,
                            48.0169059342799
                        ],
                        [
                            0.156420147294782,
                            48.0169126570731
                        ],
                        [
                            0.15642398986837,
                            48.0167452230524
                        ]
                    ]
                ]
            },
            "properties": {
                "Nom": "Maison des sciences humaines",
                "ObjectId": 101,
                "Shape__Area": 2018.4585266113281,
                "Shape__Length": 200.59634053404378,
                "Classe": "UFR Lettres, langues et sciences humaines",
                "Code_batiment": "C1B7",
                "code_composante": "C1",
                "Etiquette": "Maison des sciences humaines",
                "Recherche": "Maison des sciences humaines (MSH)",
                "Texte_fenetre": "\u003cdiv style=\"background-color: #FFFFFF; color: black; padding: 15px; border: none; border-radius: 10px; font-size: 16px; font-family: Luciole;\"\u003e \u003ca href=\"https://msh-ange-guepin.fr/accueil/diagonales-maison-de-la-recherche-en-humanites-et-sciences-sociales-le-mans-universite\"style=\"color:#282F63;\"\u003ePlus d'informations\u003c/a\u003e\u003c/div\u003e",
                "nom_composante": "UFR Lettres, langues et sciences humaines"
            }
        },
        {
            "type": "Feature",
            "id": 105,
            "geometry": {
                "type": "Multipolygon",
                "coordinates": [
                    [
                        [
                            0.157758962898367,
                            48.0178040359396
                        ],
                        [
                            0.157974820614487,
                            48.0178083503734
                        ],
                        [
                            0.157977003582965,
                            48.0177426677941
                        ],
                        [
                            0.157959577995481,
                            48.0177422468229
                        ],
                        [
                            0.157959685545284,
                            48.0177152349068
                        ],
                        [
                            0.157977111123883,
                            48.0177156558779
                        ],
                        [
                            0.157981696354813,
                            48.0176302206842
                        ],
                        [
                            0.157814094727405,
                            48.017627072102
                        ],
                        [
                            0.157809605763476,
                            48.0177107086539
                        ],
                        [
                            0.157831100894325,
                            48.0177103274814
                        ],
                        [
                            0.157829556312996,
                            48.017739105649
                        ],
                        [
                            0.157762534833201,
                            48.0177374864312
                        ],
                        [
                            0.157758962898367,
                            48.0178040359396
                        ]
                    ]
                ]
            },
            "properties": {
                "Nom": "Bodereau",
                "ObjectId": 105,
                "Shape__Area": 592.14317321777344,
                "Shape__Length": 115.90523423734217,
                "Classe": "UFR Lettres, langues et sciences humaines",
                "Code_batiment": "C1B4",
                "code_composante": "C1",
                "Etiquette": "Bodereau",
                "Recherche": "Bodereau",
                "Texte_fenetre": "\u003cdiv style=\"background-color: #FFFFFF; color: black; padding: 15px; border: none; border-radius: 10px; font-size: 16px; font-family: Luciole;\"\u003e   \u003cb\u003eSalles :\u003c/b\u003e I - II - III\u003cbr\u003e\u003cbr\u003e\u003ca href=\"https://lettres.univ-lemans.fr/fr/index.html\"style=\"color:#282F63;\"\u003ePlus d'informations\u003c/a\u003e\u003c/div\u003e",
                "nom_composante": "UFR Lettres, langues et sciences humaines"
            }
        },
        {
            "type": "Feature",
            "id": 116,
            "geometry": {
                "type": "Multipolygon",
                "coordinates": [
                    [
                        [
                            0.159669310976164,
                            48.0186966281775
                        ],
                        [
                            0.159969669400218,
                            48.0187020784711
                        ],
                        [
                            0.159995907768424,
                            48.0182128493702
                        ],
                        [
                            0.159990314888417,
                            48.0181920032515
                        ],
                        [
                            0.159972658035907,
                            48.0181708658969
                        ],
                        [
                            0.159940111644793,
                            48.0181520705361
                        ],
                        [
                            0.15988468131472,
                            48.0181345236755
                        ],
                        [
                            0.159840591469231,
                            48.0181307578136
                        ],
                        [
                            0.159805547069604,
                            48.018133513694
                        ],
                        [
                            0.159756374720013,
                            48.018149435719
                        ],
                        [
                            0.159732815439797,
                            48.0181632746547
                        ],
                        [
                            0.159703460248784,
                            48.0181850779994
                        ],
                        [
                            0.159689997396774,
                            48.0182108669638
                        ],
                        [
                            0.159669310976164,
                            48.0186966281775
                        ]
                    ]
                ]
            },
            "properties": {
                "Nom": "Mesures physiques",
                "ObjectId": 116,
                "Shape__Area": 3079.8384704589844,
                "Shape__Length": 242.83922353047586,
                "Classe": "IUT",
                "Code_batiment": "C4B1",
                "code_composante": "C4",
                "Etiquette": "Mesures physiques",
                "Recherche": "Mesures physiques (IUT Le Mans)",
                "Texte_fenetre": "\u003cdiv style=\"background-color: #FFFFFF; color: black; padding: 15px; border: none; border-radius: 10px; font-size: 16px; font-family: Luciole;\"\u003e\u003cfont size=\"4,5pt\"\u003e\u003cb\u003eIUT Le Mans\u003c/b\u003e\u003c/font size\u003e\u003cbr\u003e\u003cbr\u003e\u003cb\u003eRez-de-chaussée\u003c/b\u003e\u003cbr\u003eSalles R00 \u003cbr\u003e\u003cbr\u003e\u003cb\u003eÉtage 1\u003c/b\u003e\u003cbr\u003eSalles P00\u003cbr\u003e\u003cbr\u003e\u003cb\u003eÉtage 2\u003c/b\u003e\u003cbr\u003eSalles S00\u003cbr\u003e\u003cbr\u003e\u003ca href=\"https://iut.univ-lemans.fr/fr/departements/mesures-physiques.html\"style=\"color:#282F63;\"\u003ePlus d'informations\u003c/a\u003e\u003c/div\u003e",
                "nom_composante": "IUT"
            }
        },
        {
            "type": "Feature",
            "id": 119,
            "geometry": {
                "type": "Multipolygon",
                "coordinates": [
                    [
                        [
                            0.154980095081738,
                            48.0177647807188
                        ],
                        [
                            0.154986775187849,
                            48.0176154617487
                        ],
                        [
                            0.154913051827989,
                            48.017613678826
                        ],
                        [
                            0.1549139215443,
                            48.017597491127
                        ],
                        [
                            0.15484153863608,
                            48.0175957405767
                        ],
                        [
                            0.154842166780148,
                            48.0175840494611
                        ],
                        [
                            0.154767103045073,
                            48.017582234029
                        ],
                        [
                            0.154766474884461,
                            48.0175939251443
                        ],
                        [
                            0.154695432409989,
                            48.0175922069229
                        ],
                        [
                            0.154695045839839,
                            48.0175994014552
                        ],
                        [
                            0.154618641663961,
                            48.0175975535087
                        ],
                        [
                            0.154616792796322,
                            48.0176569408166
                        ],
                        [
                            0.154598026838182,
                            48.0176564869271
                        ],
                        [
                            0.154595272425983,
                            48.0177077479639
                        ],
                        [
                            0.154611357548485,
                            48.0177081370125
                        ],
                        [
                            0.154609460345939,
                            48.0177684236325
                        ],
                        [
                            0.154687205196431,
                            48.0177703040045
                        ],
                        [
                            0.154686721980706,
                            48.0177792971687
                        ],
                        [
                            0.154753743419336,
                            48.0177809181381
                        ],
                        [
                            0.15475326021481,
                            48.0177899113025
                        ],
                        [
                            0.15483373427931,
                            48.0177909570993
                        ],
                        [
                            0.15483407251294,
                            48.017784661884
                        ],
                        [
                            0.154906503996892,
                            48.0177855131221
                        ],
                        [
                            0.154907711942765,
                            48.0177630302094
                        ],
                        [
                            0.154980095081738,
                            48.0177647807188
                        ]
                    ]
                ]
            },
            "properties": {
                "Nom": "Garnier",
                "ObjectId": 119,
                "Shape__Area": 1254.6005020141602,
                "Shape__Length": 155.04961498557225,
                "Classe": "UFR Sciences et techniques",
                "Code_batiment": "C2B20",
                "code_composante": "C2",
                "Etiquette": "Garnier",
                "Recherche": "Garnier",
                "Texte_fenetre": "\u003cdiv style=\"background-color: #FFFFFF; color: black; padding: 15px; border: none; border-radius: 10px; font-size: 16px; font-family: Luciole;\"\u003e   \u003cb\u003eRez-de-chaussée\u003c/b\u003e\u003cbr\u003e Ulysse - Bradamante - Achille \u003cbr\u003e\u003cbr\u003e\u003cb\u003eÉtage 1\u003c/b\u003e\u003cbr\u003e Antigone\u003cbr\u003e\u003cbr\u003e \u003cb\u003eÉtage 2\u003c/b\u003e\u003cbr\u003e Amphithéatre Robert Garnier \u003c/div\u003e",
                "nom_composante": "UFR Sciences et techniques"
            }
        },
        {
            "type": "Feature",
            "id": 123,
            "geometry": {
                "type": "Multipolygon",
                "coordinates": [
                    [
                        [
                            0.159268770218565,
                            48.0172560895338
                        ],
                        [
                            0.159414875809616,
                            48.0172596173539
                        ],
                        [
                            0.159627953500074,
                            48.017265662899
                        ],
                        [
                            0.159632112699835,
                            48.0171631078605
                        ],
                        [
                            0.159587214789647,
                            48.0171619111876
                        ],
                        [
                            0.15958833161305,
                            48.0171343731945
                        ],
                        [
                            0.159454084202135,
                            48.017131922324
                        ],
                        [
                            0.159452521059081,
                            48.0171583211686
                        ],
                        [
                            0.159272929418326,
                            48.0171535344762
                        ],
                        [
                            0.159268770218565,
                            48.0172560895338
                        ]
                    ]
                ]
            },
            "properties": {
                "Nom": "Accueil",
                "ObjectId": 123,
                "Shape__Area": 749.1932373046875,
                "Shape__Length": 123.10407247012233,
                "Classe": "IUT",
                "Code_batiment": "C4B7",
                "code_composante": "C4",
                "Etiquette": "Accueil",
                "Recherche": "Accueil (IUT Le Mans)",
                "Texte_fenetre": "\u003cdiv style=\"background-color: #FFFFFF; color: black; padding: 15px; border: none; border-radius: 10px; font-size: 16px; font-family: Luciole;\"\u003eCafétéria CROUS\u003c/div\u003e",
                "nom_composante": "IUT"
            }
        },
        {
            "type": "Feature",
            "id": 133,
            "geometry": {
                "type": "Multipolygon",
                "coordinates": [
                    [
                        [
                            0.160389774401924,
                            48.0159738748754
                        ],
                        [
                            0.159988742070996,
                            48.0159678199474
                        ],
                        [
                            0.159981463022249,
                            48.0161848474521
                        ],
                        [
                            0.160381684939225,
                            48.0161908901188
                        ],
                        [
                            0.160378447410919,
                            48.0162716193801
                        ],
                        [
                            0.160469225763639,
                            48.0162729900344
                        ],
                        [
                            0.160470206723936,
                            48.0162547022216
                        ],
                        [
                            0.160560782057411,
                            48.016256069271
                        ],
                        [
                            0.16056016850806,
                            48.0162743630924
                        ],
                        [
                            0.160840698896572,
                            48.0162785982396
                        ],
                        [
                            0.160841312445923,
                            48.0162603050207
                        ],
                        [
                            0.161110027293478,
                            48.0162643611008
                        ],
                        [
                            0.161118434626213,
                            48.0160136406734
                        ],
                        [
                            0.161071750977552,
                            48.0159778664633
                        ],
                        [
                            0.161009919038238,
                            48.0159769326584
                        ],
                        [
                            0.161025935999752,
                            48.0159892061227
                        ],
                        [
                            0.160807974887217,
                            48.015983974711
                        ],
                        [
                            0.160810002564988,
                            48.0159461729707
                        ],
                        [
                            0.160843511521717,
                            48.015946981788
                        ],
                        [
                            0.160844717060855,
                            48.0159244989441
                        ],
                        [
                            0.160837446096915,
                            48.0159099155863
                        ],
                        [
                            0.160816819879694,
                            48.0158941093826
                        ],
                        [
                            0.160443229417635,
                            48.0157779350789
                        ],
                        [
                            0.16043925616914,
                            48.0157769381752
                        ],
                        [
                            0.160436624105378,
                            48.0157759743213
                        ],
                        [
                            0.160432603246136,
                            48.0157758775753
                        ],
                        [
                            0.160428581488631,
                            48.0157757802285
                        ],
                        [
                            0.160425949424836,
                            48.0157748163746
                        ],
                        [
                            0.16042192766733,
                            48.0157747190278
                        ],
                        [
                            0.160417858299079,
                            48.0157755212378
                        ],
                        [
                            0.160415177726273,
                            48.0157754569408
                        ],
                        [
                            0.160411108358022,
                            48.0157762591509
                        ],
                        [
                            0.160408427785216,
                            48.015776194253
                        ],
                        [
                            0.160404358416998,
                            48.0157769964631
                        ],
                        [
                            0.16040162933515,
                            48.0157778311221
                        ],
                        [
                            0.160398851744291,
                            48.0157795653379
                        ],
                        [
                            0.160394782376073,
                            48.0157803675479
                        ],
                        [
                            0.160392005683511,
                            48.0157821011627
                        ],
                        [
                            0.160389276601696,
                            48.0157829358216
                        ],
                        [
                            0.160386499010837,
                            48.0157846700372
                        ],
                        [
                            0.160383722318276,
                            48.015786403652
                        ],
                        [
                            0.16038228501382,
                            48.0157881697155
                        ],
                        [
                            0.160379459812248,
                            48.0157908034876
                        ],
                        [
                            0.160378023406123,
                            48.015792569551
                        ],
                        [
                            0.160376586101667,
                            48.0157943356144
                        ],
                        [
                            0.160375101186498,
                            48.0157970012343
                        ],
                        [
                            0.160373664780373,
                            48.0157987678984
                        ],
                        [
                            0.160373520151606,
                            48.0158014659669
                        ],
                        [
                            0.160372082847151,
                            48.0158032320299
                        ],
                        [
                            0.160371842098662,
                            48.0158077286101
                        ],
                        [
                            0.160364994241255,
                            48.0159354318028
                        ],
                        [
                            0.160391801765937,
                            48.015936078977
                        ],
                        [
                            0.160389774401924,
                            48.0159738748754
                        ]
                    ]
                ]
            },
            "properties": {
                "Nom": "BU",
                "ObjectId": 133,
                "Shape__Area": 6743.7364501953125,
                "Shape__Length": 420.22478663702384,
                "Classe": "Services centraux",
                "Code_batiment": "C9B8",
                "code_composante": "C9",
                "Etiquette": "Bibliothèque universitaire Le Mans",
                "Recherche": "BU (Le Mans)",
                "Texte_fenetre": "\u003cdiv style=\"background-color: #FFFFFF; color: black; padding: 15px; border: none; border-radius: 10px; font-size: 16px; font-family: Luciole;\"\u003e   \u003cb\u003eHoraires d'ouverture \u003c/b\u003e\u003cbr\u003e\u003cul\u003e\u003cli\u003e   \u003cb\u003eLundi au vendredi :\u003c/b\u003e 08h30 - 21h00\u003c/li\u003e\u003cli\u003e   \u003cb\u003eSamedi :\u003c/b\u003e 09h30 - 18h00\u003c/li\u003e\u003cli\u003e \u003cb\u003ePlusieurs dimanches par semestre :\u003c/b\u003e 13h00 - 18h00\u003c/li\u003e\u003c/ul\u003e\u003cbr\u003e   \u003cb\u003eContact \u003c/b\u003e\u003cul\u003e\u003cli\u003e \u003ca href=\"mailto:bu@univ-lemans.fr\" style=\"color: #282F63; text-decoration: underline;\"\u003ebu@univ-lemans.fr\u003c/a\u003e \u003c/li\u003e\u003cli\u003e 02 43 83 30 64\u003c/li\u003e\u003c/ul\u003e\u003cbr\u003e   \u003ca href=\"https://affluences.com/bu-le-mans\" style=\"color: #282F63; text-decoration: underline;\"\u003eConsulter les horaires en temps réel\u003c/a\u003e\u003cbr\u003e\u003cbr\u003e   \u003ca href=\"http://www.bumaine.fr/bu-le-mans/\" style=\"color: #282F63; text-decoration: underline;\"\u003ePlus d'informations\u003c/a\u003e \u003c/div\u003e",
                "nom_composante": "Services centraux"
            }
        },
        {
            "type": "Feature",
            "id": 138,
            "geometry": {
                "type": "Multipolygon",
                "coordinates": [
                    [
                        [
                            0.159611225971156,
                            48.0175525127148
                        ],
                        [
                            0.159627953500074,
                            48.017265662899
                        ],
                        [
                            0.159414875809616,
                            48.0172596173539
                        ],
                        [
                            0.159412228474503,
                            48.0173050175117
                        ],
                        [
                            0.159185932074623,
                            48.0172991131801
                        ],
                        [
                            0.159171249111332,
                            48.0174977653878
                        ],
                        [
                            0.159410665294447,
                            48.0175040120055
                        ],
                        [
                            0.159407576997933,
                            48.0175457948122
                        ],
                        [
                            0.159611225971156,
                            48.0175525127148
                        ]
                    ]
                ]
            },
            "properties": {
                "Nom": "Amphi",
                "ObjectId": 138,
                "Shape__Area": 1964.8647384643555,
                "Shape__Length": 193.71844498168304,
                "Classe": "IUT",
                "Code_batiment": "C4B5",
                "code_composante": "C4",
                "Etiquette": "Amphi",
                "Recherche": "Amphi (IUT Le Mans)",
                "Texte_fenetre": "\u003cdiv style=\"background-color: #FFFFFF; color: black; padding: 15px; border: none; border-radius: 10px; font-size: 16px; font-family: Luciole;\"\u003e\u003cfont size=\"4,5pt\"\u003e\u003cb\u003eIUT Le Mans\u003c/b\u003e\u003c/font size\u003e\u003cbr\u003e\u003cbr\u003e\u003cb\u003eAmphithéâtres\u003c/b\u003e : vert et jaune \u003cbr\u003e\u003cb\u003eSalles\u003c/b\u003e : Service informatique - Scolarité - Labo des langues\u003c/br\u003e\u003cbr\u003e\u003ca href=\"https://iut.univ-lemans.fr/fr/index.html\"style=\"color:#282F63;\"\u003ePlus d'informations\u003c/a\u003e\u003c/div\u003e",
                "nom_composante": "IUT"
            }
        },
        {
            "type": "Feature",
            "id": 150,
            "geometry": {
                "type": "Multipolygon",
                "coordinates": [
                    [
                        [
                            0.159148788371458,
                            48.0184418300061
                        ],
                        [
                            0.159159612438006,
                            48.018315123288
                        ],
                        [
                            0.159124760867928,
                            48.0183142816936
                        ],
                        [
                            0.159144927857875,
                            48.017938366752
                        ],
                        [
                            0.159110076535885,
                            48.0179375251531
                        ],
                        [
                            0.15911080023524,
                            48.0179240353809
                        ],
                        [
                            0.159203434996093,
                            48.0179235708772
                        ],
                        [
                            0.15920550953123,
                            48.0178849001947
                        ],
                        [
                            0.158879832327584,
                            48.0178761349284
                        ],
                        [
                            0.158876937295321,
                            48.0179300940123
                        ],
                        [
                            0.158785739459537,
                            48.0179287919961
                        ],
                        [
                            0.15878732602284,
                            48.0177991607047
                        ],
                        [
                            0.159303488851292,
                            48.0178098245673
                        ],
                        [
                            0.159311738420763,
                            48.0176560411315
                        ],
                        [
                            0.158456545408809,
                            48.0176353878163
                        ],
                        [
                            0.15844819684461,
                            48.0177909698301
                        ],
                        [
                            0.158647969384909,
                            48.0177948945051
                        ],
                        [
                            0.158622737581223,
                            48.01836519153
                        ],
                        [
                            0.158896188591774,
                            48.018371795698
                        ],
                        [
                            0.158892762790619,
                            48.0184356472607
                        ],
                        [
                            0.159148788371458,
                            48.0184418300061
                        ]
                    ]
                ]
            },
            "properties": {
                "Nom": "Génie mécanique et productique",
                "ObjectId": 150,
                "Shape__Area": 7531.3651809692383,
                "Shape__Length": 578.56248342051333,
                "Classe": "IUT",
                "Code_batiment": "C4B2",
                "code_composante": "C4",
                "Etiquette": "Génie mécanique et productique",
                "Recherche": "Génie mécanique et productique (IUT Le Mans)",
                "Texte_fenetre": "\u003cdiv style=\"background-color: #FFFFFF; color: black; padding: 15px; border: none; border-radius: 10px; font-size: 16px; font-family: Luciole;\"\u003e\u003cfont size=\"4,5pt\"\u003e\u003cb\u003eIUT Le Mans\u003c/b\u003e\u003c/font size\u003e\u003cbr\u003e\u003cbr\u003e\u003cb\u003eRez-de-chaussée\u003c/b\u003e\u003cbr\u003eSalles S100 - Atelier\u003cbr\u003e\u003cbr\u003e\u003cb\u003eÉtage 1\u003c/b\u003e\u003cbr\u003eSalles S200\u003cbr\u003e\u003cbr\u003e\u003ca href=\"https://iut.univ-lemans.fr/fr/departements/genie-mecanique-et-productique.html\"style=\"color:#282F63;\"\u003ePlus d'informations\u003c/a\u003e\u003c/div\u003e",
                "nom_composante": "IUT"
            }
        },
        {
            "type": "Feature",
            "id": 162,
            "geometry": {
                "type": "Multipolygon",
                "coordinates": [
                    [
                        [
                            0.154150963717883,
                            48.0152611857776
                        ],
                        [
                            0.154161879948257,
                            48.015257847914
                        ],
                        [
                            0.154212668822858,
                            48.0152617780363
                        ],
                        [
                            0.154217740318384,
                            48.0152673036431
                        ],
                        [
                            0.15429612248252,
                            48.0152322798267
                        ],
                        [
                            0.154284542466967,
                            48.0152229948306
                        ],
                        [
                            0.15430136447797,
                            48.0151846808357
                        ],
                        [
                            0.154254187381399,
                            48.0151385152426
                        ],
                        [
                            0.15419277238486,
                            48.0151325270993
                        ],
                        [
                            0.154183873131671,
                            48.0151233069435
                        ],
                        [
                            0.15411085250282,
                            48.0151584603931
                        ],
                        [
                            0.154117216011188,
                            48.0151649177486
                        ],
                        [
                            0.154106854043919,
                            48.0152078904382
                        ],
                        [
                            0.154098570217945,
                            48.0152121924676
                        ],
                        [
                            0.154150963717883,
                            48.0152611857776
                        ]
                    ]
                ]
            },
            "properties": {
                "Nom": null,
                "ObjectId": 162,
                "Shape__Area": 372.87582397460938,
                "Shape__Length": 75.0361009225024,
                "Classe": "Autres écoles",
                "Code_batiment": "C8B5",
                "code_composante": "C8",
                "Etiquette": "ITEMM",
                "Recherche": null,
                "Texte_fenetre": null,
                "nom_composante": "Autres écoles"
            }
        },
        {
            "type": "Feature",
            "id": 166,
            "geometry": {
                "type": "Multipolygon",
                "coordinates": [
                    [
                        [
                            0.154729184550983,
                            48.0144161081964
                        ],
                        [
                            0.154729232868775,
                            48.014415208878
                        ],
                        [
                            0.154729329504353,
                            48.0144134102413
                        ],
                        [
                            0.154729426139925,
                            48.0144116116046
                        ],
                        [
                            0.154728134114178,
                            48.0144106798669
                        ],
                        [
                            0.154728230749786,
                            48.0144088812302
                        ],
                        [
                            0.154728327385386,
                            48.0144070825934
                        ],
                        [
                            0.154728375703185,
                            48.0144061832751
                        ],
                        [
                            0.154728472338775,
                            48.0144043846384
                        ],
                        [
                            0.154727228631035,
                            48.0144025535823
                        ],
                        [
                            0.154727325266658,
                            48.0144007549455
                        ],
                        [
                            0.154727373584467,
                            48.0143998556272
                        ],
                        [
                            0.154726129876872,
                            48.014398024571
                        ],
                        [
                            0.154726178194699,
                            48.0143971252527
                        ],
                        [
                            0.154724934487208,
                            48.0143952941966
                        ],
                        [
                            0.154725031122896,
                            48.0143934955598
                        ],
                        [
                            0.154723739097668,
                            48.014392563822
                        ],
                        [
                            0.154723835733391,
                            48.0143907651853
                        ],
                        [
                            0.154722592026132,
                            48.0143889341291
                        ],
                        [
                            0.15472264034401,
                            48.0143880348108
                        ],
                        [
                            0.154721396636855,
                            48.0143862037546
                        ],
                        [
                            0.154721444954752,
                            48.0143853044362
                        ],
                        [
                            0.154720201247703,
                            48.01438347338
                        ],
                        [
                            0.154718909222804,
                            48.0143825416422
                        ],
                        [
                            0.154719005858673,
                            48.0143807430054
                        ],
                        [
                            0.154717762151815,
                            48.0143789119492
                        ],
                        [
                            0.154716470127071,
                            48.0143779802113
                        ],
                        [
                            0.154715226420365,
                            48.0143761491551
                        ],
                        [
                            0.154713934395732,
                            48.0143752174172
                        ],
                        [
                            0.154713982713745,
                            48.0143743180988
                        ],
                        [
                            0.154712739007212,
                            48.0143724870425
                        ],
                        [
                            0.154711446982712,
                            48.0143715553046
                        ],
                        [
                            0.154710203276331,
                            48.0143697242483
                        ],
                        [
                            0.154708911251944,
                            48.0143687925103
                        ],
                        [
                            0.154707667545715,
                            48.014366961454
                        ],
                        [
                            0.154706375521439,
                            48.014366029716
                        ],
                        [
                            0.154705083497209,
                            48.014365097978
                        ],
                        [
                            0.1547038397912,
                            48.0143632669216
                        ],
                        [
                            0.154702547767081,
                            48.0143623351836
                        ],
                        [
                            0.154701255743009,
                            48.0143614034455
                        ],
                        [
                            0.154700012037218,
                            48.0143595723891
                        ],
                        [
                            0.154697379671063,
                            48.0143586082313
                        ],
                        [
                            0.154696087647172,
                            48.0143576764932
                        ],
                        [
                            0.154694795623327,
                            48.0143567447551
                        ],
                        [
                            0.154692259894135,
                            48.0143539819604
                        ],
                        [
                            0.154689627528398,
                            48.0143530178025
                        ],
                        [
                            0.15468833550478,
                            48.0143520860643
                        ],
                        [
                            0.154687043481206,
                            48.0143511543261
                        ],
                        [
                            0.15468575145768,
                            48.0143502225879
                        ],
                        [
                            0.154683119092249,
                            48.0143492584297
                        ],
                        [
                            0.154681827068836,
                            48.0143483266915
                        ],
                        [
                            0.154680535045469,
                            48.0143473949532
                        ],
                        [
                            0.154677902680274,
                            48.014346430795
                        ],
                        [
                            0.154676610657022,
                            48.0143454990566
                        ],
                        [
                            0.154673978291991,
                            48.0143445348983
                        ],
                        [
                            0.154672686268855,
                            48.01434360316
                        ],
                        [
                            0.154670053903991,
                            48.0143426390015
                        ],
                        [
                            0.15466876188097,
                            48.0143417072631
                        ],
                        [
                            0.154667469857994,
                            48.0143407755247
                        ],
                        [
                            0.154664837493365,
                            48.0143398113662
                        ],
                        [
                            0.154663497151668,
                            48.0143397789461
                        ],
                        [
                            0.154660864787159,
                            48.0143388147875
                        ],
                        [
                            0.154659572764395,
                            48.0143378830489
                        ],
                        [
                            0.154656940400052,
                            48.0143369188903
                        ],
                        [
                            0.154655600058433,
                            48.0143368864701
                        ],
                        [
                            0.154652967694213,
                            48.0143359223113
                        ],
                        [
                            0.154650335330089,
                            48.0143349581524
                        ],
                        [
                            0.154648994988524,
                            48.0143349257322
                        ],
                        [
                            0.154646362624521,
                            48.0143339615732
                        ],
                        [
                            0.154645022282983,
                            48.0143339291529
                        ],
                        [
                            0.154642389919103,
                            48.0143329649939
                        ],
                        [
                            0.154639709236083,
                            48.0143329001532
                        ],
                        [
                            0.154638417213834,
                            48.0143319684144
                        ],
                        [
                            0.154635736530869,
                            48.0143319035736
                        ],
                        [
                            0.154633104167259,
                            48.0143309394144
                        ],
                        [
                            0.154631763825806,
                            48.0143309069939
                        ],
                        [
                            0.154629083142903,
                            48.0143308421529
                        ],
                        [
                            0.154626450779466,
                            48.0143298779935
                        ],
                        [
                            0.154625110438044,
                            48.014329845573
                        ],
                        [
                            0.154622429755203,
                            48.0143297807319
                        ],
                        [
                            0.15461979739194,
                            48.0143288165723
                        ],
                        [
                            0.154618457050548,
                            48.0143287841518
                        ],
                        [
                            0.15461577636777,
                            48.0143287193105
                        ],
                        [
                            0.154613095684998,
                            48.0143286544691
                        ],
                        [
                            0.154611755343615,
                            48.0143286220485
                        ],
                        [
                            0.154609074660853,
                            48.014328557207
                        ],
                        [
                            0.154606393978097,
                            48.0143284923656
                        ],
                        [
                            0.15459835192987,
                            48.0143282978408
                        ],
                        [
                            0.154595671247141,
                            48.014328232999
                        ],
                        [
                            0.154592990564419,
                            48.0143281681572
                        ],
                        [
                            0.154590309881702,
                            48.0143281033154
                        ],
                        [
                            0.154586288857641,
                            48.0143280060525
                        ],
                        [
                            0.154583559854757,
                            48.0143288405289
                        ],
                        [
                            0.154582219513387,
                            48.0143288081078
                        ],
                        [
                            0.154579538830652,
                            48.0143287432657
                        ],
                        [
                            0.154576809827624,
                            48.0143295777419
                        ],
                        [
                            0.15457546948624,
                            48.0143295453208
                        ],
                        [
                            0.154572788803475,
                            48.0143294804786
                        ],
                        [
                            0.154570059800303,
                            48.0143303149546
                        ],
                        [
                            0.154568719458904,
                            48.0143302825334
                        ],
                        [
                            0.154565990455626,
                            48.0143311170094
                        ],
                        [
                            0.154563309772794,
                            48.0143310521669
                        ],
                        [
                            0.154561921110826,
                            48.014331919064
                        ],
                        [
                            0.154559240427959,
                            48.0143318542214
                        ],
                        [
                            0.154557851765904,
                            48.0143327211185
                        ],
                        [
                            0.154555171083,
                            48.0143326562758
                        ],
                        [
                            0.154552442079387,
                            48.0143334907515
                        ],
                        [
                            0.154551053417177,
                            48.0143343576484
                        ],
                        [
                            0.154548372734199,
                            48.0143342928056
                        ],
                        [
                            0.154546984071902,
                            48.0143351597025
                        ],
                        [
                            0.154544255068031,
                            48.0143359941779
                        ],
                        [
                            0.154542866405622,
                            48.0143368610748
                        ],
                        [
                            0.154538797060032,
                            48.0143376631286
                        ],
                        [
                            0.154536068055902,
                            48.0143384976039
                        ],
                        [
                            0.154534679393294,
                            48.0143393645006
                        ],
                        [
                            0.154531950389012,
                            48.0143401989758
                        ],
                        [
                            0.154530561726292,
                            48.0143410658725
                        ],
                        [
                            0.154529173063526,
                            48.0143419327692
                        ],
                        [
                            0.154526444059025,
                            48.0143427672442
                        ],
                        [
                            0.154525055396147,
                            48.0143436341408
                        ],
                        [
                            0.154523666733224,
                            48.0143445010374
                        ],
                        [
                            0.154520937728504,
                            48.0143453355123
                        ],
                        [
                            0.154519549065469,
                            48.0143462024089
                        ],
                        [
                            0.154518160402388,
                            48.0143470693055
                        ],
                        [
                            0.154515431397449,
                            48.0143479037802
                        ],
                        [
                            0.154514042734257,
                            48.0143487706768
                        ],
                        [
                            0.154512654071018,
                            48.0143496375732
                        ],
                        [
                            0.154511265407735,
                            48.0143505044697
                        ],
                        [
                            0.154508488081031,
                            48.0143522382626
                        ],
                        [
                            0.154507099417611,
                            48.014353105159
                        ],
                        [
                            0.154505710754146,
                            48.0143539720554
                        ],
                        [
                            0.154504322090635,
                            48.0143548389518
                        ],
                        [
                            0.1545028851055,
                            48.0143566051665
                        ],
                        [
                            0.154501496441873,
                            48.0143574720629
                        ],
                        [
                            0.154500107778202,
                            48.0143583389592
                        ],
                        [
                            0.154498670792831,
                            48.0143601051738
                        ],
                        [
                            0.154495941786915,
                            48.0143609396481
                        ],
                        [
                            0.154495893465212,
                            48.0143618389664
                        ],
                        [
                            0.154494456479607,
                            48.0143636051809
                        ],
                        [
                            0.154493067815659,
                            48.0143644720772
                        ],
                        [
                            0.154491630829887,
                            48.0143662382917
                        ],
                        [
                            0.154490242165825,
                            48.014367105188
                        ],
                        [
                            0.154488853501717,
                            48.0143679720841
                        ],
                        [
                            0.15448741651571,
                            48.0143697382986
                        ],
                        [
                            0.154486027851487,
                            48.0143706051948
                        ],
                        [
                            0.154484590865314,
                            48.0143723714092
                        ],
                        [
                            0.154484542543408,
                            48.0143732707275
                        ],
                        [
                            0.154483105557114,
                            48.0143750369419
                        ],
                        [
                            0.154481668570725,
                            48.0143768031563
                        ],
                        [
                            0.154481620248766,
                            48.0143777024746
                        ],
                        [
                            0.154480183262253,
                            48.014379468689
                        ],
                        [
                            0.154478794597657,
                            48.0143803355851
                        ],
                        [
                            0.154478697953633,
                            48.0143821342216
                        ],
                        [
                            0.154477309288942,
                            48.0143830011176
                        ],
                        [
                            0.154475872302143,
                            48.0143847673319
                        ],
                        [
                            0.154475775658012,
                            48.0143865659685
                        ],
                        [
                            0.154474386993158,
                            48.0143874328645
                        ],
                        [
                            0.154474290348972,
                            48.014389231501
                        ],
                        [
                            0.154474242026877,
                            48.0143901308193
                        ],
                        [
                            0.154472805039781,
                            48.0143918970336
                        ],
                        [
                            0.154472708395533,
                            48.0143936956701
                        ],
                        [
                            0.154471319730442,
                            48.0143945625661
                        ],
                        [
                            0.154471223086138,
                            48.0143963612026
                        ],
                        [
                            0.154471126441829,
                            48.0143981598391
                        ],
                        [
                            0.154469737776593,
                            48.0143990267351
                        ],
                        [
                            0.154469641132228,
                            48.0144008253716
                        ],
                        [
                            0.154469544487857,
                            48.0144026240081
                        ],
                        [
                            0.154469496165669,
                            48.0144035233264
                        ],
                        [
                            0.154469399521287,
                            48.0144053219629
                        ],
                        [
                            0.154469302876899,
                            48.0144071205994
                        ],
                        [
                            0.154469206232504,
                            48.0144089192359
                        ],
                        [
                            0.154467817566957,
                            48.0144097861319
                        ],
                        [
                            0.154467720922507,
                            48.0144115847683
                        ],
                        [
                            0.154467624278051,
                            48.0144133834049
                        ],
                        [
                            0.15446757595582,
                            48.0144142827231
                        ],
                        [
                            0.154468819654862,
                            48.0144161137819
                        ],
                        [
                            0.154468723010434,
                            48.0144179124184
                        ],
                        [
                            0.154468578043781,
                            48.0144206103732
                        ],
                        [
                            0.154468481399337,
                            48.0144224090097
                        ],
                        [
                            0.154468384754887,
                            48.0144242076462
                        ],
                        [
                            0.154468336432659,
                            48.0144251069644
                        ],
                        [
                            0.154469580131982,
                            48.0144269380232
                        ],
                        [
                            0.15446948348756,
                            48.0144287366597
                        ],
                        [
                            0.154469435165348,
                            48.014429635978
                        ],
                        [
                            0.154470678864813,
                            48.0144314670368
                        ],
                        [
                            0.154470582220422,
                            48.0144332656732
                        ],
                        [
                            0.154470533898223,
                            48.0144341649915
                        ],
                        [
                            0.154471777597834,
                            48.0144359960502
                        ],
                        [
                            0.154471729275653,
                            48.0144368953685
                        ],
                        [
                            0.154472972975369,
                            48.0144387264272
                        ],
                        [
                            0.154472876331042,
                            48.0144405250637
                        ],
                        [
                            0.154474168353027,
                            48.0144414568042
                        ],
                        [
                            0.154475363730809,
                            48.0144441871812
                        ],
                        [
                            0.154476607430822,
                            48.0144460182399
                        ],
                        [
                            0.154476510786604,
                            48.0144478168764
                        ],
                        [
                            0.154477802808832,
                            48.0144487486168
                        ],
                        [
                            0.154479046509036,
                            48.0144505796755
                        ],
                        [
                            0.154480338531375,
                            48.014451511416
                        ],
                        [
                            0.154480241887275,
                            48.0144533100524
                        ],
                        [
                            0.154481533909702,
                            48.0144542417928
                        ],
                        [
                            0.154482777610164,
                            48.0144560728515
                        ],
                        [
                            0.154484069632704,
                            48.0144570045918
                        ],
                        [
                            0.154485313333318,
                            48.0144588356504
                        ],
                        [
                            0.154486605355969,
                            48.0144597673908
                        ],
                        [
                            0.154487849056736,
                            48.0144615984494
                        ],
                        [
                            0.154489141079499,
                            48.0144625301897
                        ],
                        [
                            0.154489092757589,
                            48.014463429508
                        ],
                        [
                            0.154490336458529,
                            48.0144652605665
                        ],
                        [
                            0.154491628481425,
                            48.0144661923068
                        ],
                        [
                            0.154494260849181,
                            48.0144671564691
                        ],
                        [
                            0.154495504550386,
                            48.0144689875276
                        ],
                        [
                            0.154496796573464,
                            48.0144699192678
                        ],
                        [
                            0.154498088596587,
                            48.0144708510081
                        ],
                        [
                            0.154499332298011,
                            48.0144726820665
                        ],
                        [
                            0.154500624321247,
                            48.0144736138067
                        ],
                        [
                            0.154501916344528,
                            48.0144745455469
                        ],
                        [
                            0.154503208367855,
                            48.014475477287
                        ],
                        [
                            0.154505840736282,
                            48.0144764414491
                        ],
                        [
                            0.154507084438106,
                            48.0144782725075
                        ],
                        [
                            0.154508376461613,
                            48.0144792042476
                        ],
                        [
                            0.154509668485168,
                            48.0144801359877
                        ],
                        [
                            0.154512300853944,
                            48.0144811001496
                        ],
                        [
                            0.154513592877614,
                            48.0144820318896
                        ],
                        [
                            0.154514884901328,
                            48.0144829636296
                        ],
                        [
                            0.15451751727034,
                            48.0144839277914
                        ],
                        [
                            0.15451880929417,
                            48.0144848595314
                        ],
                        [
                            0.154521441663349,
                            48.0144858236931
                        ],
                        [
                            0.154522733687293,
                            48.014486755433
                        ],
                        [
                            0.154524025711283,
                            48.014487687173
                        ],
                        [
                            0.154526658080697,
                            48.0144886513346
                        ],
                        [
                            0.154527950104803,
                            48.0144895830745
                        ],
                        [
                            0.154530582474383,
                            48.014490547236
                        ],
                        [
                            0.154531922819813,
                            48.0144905796576
                        ],
                        [
                            0.154534555189514,
                            48.014491543819
                        ],
                        [
                            0.154535847213829,
                            48.0144924755588
                        ],
                        [
                            0.154538479583695,
                            48.0144934397201
                        ],
                        [
                            0.154539819929204,
                            48.0144934721416
                        ],
                        [
                            0.154542452299193,
                            48.0144944363028
                        ],
                        [
                            0.154543744323717,
                            48.0144953680425
                        ],
                        [
                            0.15454642501484,
                            48.0144954328854
                        ],
                        [
                            0.154549057385045,
                            48.0144963970465
                        ],
                        [
                            0.154550349409734,
                            48.0144973287861
                        ],
                        [
                            0.154553030100964,
                            48.0144973936289
                        ],
                        [
                            0.154554322125745,
                            48.0144983253685
                        ],
                        [
                            0.15455700281703,
                            48.0144983902112
                        ],
                        [
                            0.154559635187576,
                            48.014499354372
                        ],
                        [
                            0.154560975533247,
                            48.0144993867933
                        ],
                        [
                            0.154563656224594,
                            48.0144994516358
                        ],
                        [
                            0.154566288595314,
                            48.0145004157965
                        ],
                        [
                            0.154567628941015,
                            48.0145004482177
                        ],
                        [
                            0.154570309632424,
                            48.01450051306
                        ],
                        [
                            0.154572942003317,
                            48.0145014772206
                        ],
                        [
                            0.15457428234905,
                            48.0145015096417
                        ],
                        [
                            0.15457696304052,
                            48.0145015744839
                        ],
                        [
                            0.154583616448883,
                            48.0145026359074
                        ],
                        [
                            0.154586297140422,
                            48.0145027007494
                        ],
                        [
                            0.154587637486194,
                            48.0145027331703
                        ],
                        [
                            0.154590318177743,
                            48.0145027980123
                        ],
                        [
                            0.154599700598215,
                            48.0145030249584
                        ],
                        [
                            0.154602381289793,
                            48.0145030898001
                        ],
                        [
                            0.154603721635584,
                            48.0145031222208
                        ],
                        [
                            0.154606402327172,
                            48.0145031870624
                        ],
                        [
                            0.154609083018767,
                            48.0145032519039
                        ],
                        [
                            0.154613152376012,
                            48.0145024498477
                        ],
                        [
                            0.154615833067578,
                            48.014502514689
                        ],
                        [
                            0.154617173413362,
                            48.0145025471097
                        ],
                        [
                            0.154619902424664,
                            48.0145017126326
                        ],
                        [
                            0.154622583116201,
                            48.0145017774738
                        ],
                        [
                            0.154623971781628,
                            48.0145009105761
                        ],
                        [
                            0.154626652473129,
                            48.0145009754172
                        ],
                        [
                            0.154629333164636,
                            48.0145010402582
                        ],
                        [
                            0.154630721829934,
                            48.0145001733604
                        ],
                        [
                            0.154633402521405,
                            48.0145002382013
                        ],
                        [
                            0.154634791186615,
                            48.0144993713035
                        ],
                        [
                            0.154637471878052,
                            48.0144994361443
                        ],
                        [
                            0.154640200888873,
                            48.0144986016668
                        ],
                        [
                            0.154641589553929,
                            48.0144977347689
                        ],
                        [
                            0.15464427024529,
                            48.0144977996096
                        ],
                        [
                            0.154645658910258,
                            48.0144969327116
                        ],
                        [
                            0.154648387920822,
                            48.0144960982339
                        ],
                        [
                            0.154651068612109,
                            48.0144961630744
                        ],
                        [
                            0.154652457276923,
                            48.0144952961763
                        ],
                        [
                            0.154655186287296,
                            48.0144944616985
                        ],
                        [
                            0.154656574951998,
                            48.0144935948004
                        ],
                        [
                            0.154659255643169,
                            48.0144936596407
                        ],
                        [
                            0.154660644307783,
                            48.0144927927426
                        ],
                        [
                            0.154662032972352,
                            48.0144919258444
                        ],
                        [
                            0.1546647619824,
                            48.0144910913663
                        ],
                        [
                            0.154666150646856,
                            48.0144902244682
                        ],
                        [
                            0.154668879656752,
                            48.01448938999
                        ],
                        [
                            0.154670268321098,
                            48.0144885230917
                        ],
                        [
                            0.15467299733084,
                            48.0144876886134
                        ],
                        [
                            0.154674385995073,
                            48.0144868217151
                        ],
                        [
                            0.154675774659261,
                            48.0144859548168
                        ],
                        [
                            0.154677163323404,
                            48.0144850879185
                        ],
                        [
                            0.154679892332861,
                            48.01448425344
                        ],
                        [
                            0.154681280996891,
                            48.0144833865416
                        ],
                        [
                            0.154682669660875,
                            48.0144825196432
                        ],
                        [
                            0.154685446988709,
                            48.0144807858463
                        ],
                        [
                            0.154686835652557,
                            48.0144799189479
                        ],
                        [
                            0.15468822431636,
                            48.0144790520494
                        ],
                        [
                            0.154689612980117,
                            48.0144781851509
                        ],
                        [
                            0.154691001643829,
                            48.0144773182524
                        ],
                        [
                            0.154692438625967,
                            48.0144755520356
                        ],
                        [
                            0.154695167634693,
                            48.0144747175568
                        ],
                        [
                            0.154696556298223,
                            48.0144738506582
                        ],
                        [
                            0.154697993280082,
                            48.0144720844413
                        ],
                        [
                            0.154699381943497,
                            48.0144712175427
                        ],
                        [
                            0.154700770606866,
                            48.0144703506441
                        ],
                        [
                            0.154702207588489,
                            48.0144685844271
                        ],
                        [
                            0.154703596251744,
                            48.0144677175284
                        ],
                        [
                            0.154704984914953,
                            48.0144668506298
                        ],
                        [
                            0.154706421896341,
                            48.0144650844128
                        ],
                        [
                            0.154707810559434,
                            48.014464217514
                        ],
                        [
                            0.154707907195829,
                            48.0144624188774
                        ],
                        [
                            0.154709295858828,
                            48.0144615519786
                        ],
                        [
                            0.154710732839929,
                            48.0144597857616
                        ],
                        [
                            0.154712121502813,
                            48.0144589188628
                        ],
                        [
                            0.154713558483747,
                            48.0144571526457
                        ],
                        [
                            0.154713606801843,
                            48.0144562533274
                        ],
                        [
                            0.154715043782655,
                            48.0144544871102
                        ],
                        [
                            0.15471643244533,
                            48.0144536202114
                        ],
                        [
                            0.154717869425977,
                            48.0144518539942
                        ],
                        [
                            0.154717917743993,
                            48.0144509546759
                        ],
                        [
                            0.15471935472452,
                            48.0144491884587
                        ],
                        [
                            0.154720840022911,
                            48.0144465229232
                        ],
                        [
                            0.154720936658831,
                            48.0144447242865
                        ],
                        [
                            0.154722325321154,
                            48.0144438573876
                        ],
                        [
                            0.154722421957019,
                            48.0144420587509
                        ],
                        [
                            0.154723858937153,
                            48.0144402925337
                        ],
                        [
                            0.154723907255058,
                            48.0144393932153
                        ],
                        [
                            0.154725344235069,
                            48.0144376269981
                        ],
                        [
                            0.154725440870821,
                            48.0144358283613
                        ],
                        [
                            0.154725489188694,
                            48.014434929043
                        ],
                        [
                            0.154726926168533,
                            48.0144331628257
                        ],
                        [
                            0.154727022804222,
                            48.014431364189
                        ],
                        [
                            0.154727071122064,
                            48.0144304648707
                        ],
                        [
                            0.154727167757744,
                            48.014428666234
                        ],
                        [
                            0.154728604737356,
                            48.0144269000166
                        ],
                        [
                            0.154728653055167,
                            48.0144260006983
                        ],
                        [
                            0.154728749690785,
                            48.0144242020616
                        ],
                        [
                            0.154728846326396,
                            48.0144224034249
                        ],
                        [
                            0.154728942962001,
                            48.0144206047882
                        ],
                        [
                            0.154728991279801,
                            48.0144197054698
                        ],
                        [
                            0.154729184550983,
                            48.0144161081964
                        ]
                    ]
                ]
            },
            "properties": {
                "Nom": null,
                "ObjectId": 166,
                "Shape__Area": 664.500617980957,
                "Shape__Length": 93.939112093458689,
                "Classe": "Autres écoles",
                "Code_batiment": "C8B13",
                "code_composante": "C8",
                "Etiquette": "ITEMM",
                "Recherche": null,
                "Texte_fenetre": null,
                "nom_composante": "Autres écoles"
            }
        },
        {
            "type": "Feature",
            "id": 168,
            "geometry": {
                "type": "Multipolygon",
                "coordinates": [
                    [
                        [
                            0.15820307421667,
                            48.0180727875126
                        ],
                        [
                            0.15818536831024,
                            48.018444443932
                        ],
                        [
                            0.15839711579792,
                            48.0184488910072
                        ],
                        [
                            0.158412017306555,
                            48.0180738282801
                        ],
                        [
                            0.15820307421667,
                            48.0180727875126
                        ]
                    ]
                ]
            },
            "properties": {
                "Nom": "Atelier Génie Chimique",
                "ObjectId": 168,
                "Shape__Area": 1455.7697601318359,
                "Shape__Length": 171.16820796911389,
                "Classe": "IUT",
                "Code_batiment": "C4B3",
                "code_composante": "C4",
                "Etiquette": "Atelier Génie Chimique",
                "Recherche": "Atelier Génie Chimique (IUT Le Mans)",
                "Texte_fenetre": "\u003cdiv style=\"background-color: #FFFFFF; color: black; padding: 15px; border: none; border-radius: 10px; font-size: 16px; font-family: Luciole;\"\u003e\u003cfont size=\"4,5pt\"\u003e\u003cb\u003eIUT Le Mans\u003c/b\u003e\u003c/font size\u003e\u003cbr\u003e\u003cbr\u003e\u003ca href=\"https://iut.univ-lemans.fr/fr/departements/chimie.html\"style=\"color:#282F63;\"\u003ePlus d'informations\u003c/a\u003e\u003c/div\u003e",
                "nom_composante": "IUT"
            }
        },
        {
            "type": "Feature",
            "id": 173,
            "geometry": {
                "type": "Multipolygon",
                "coordinates": [
                    [
                        [
                            0.167515287048208,
                            48.0165472473986
                        ],
                        [
                            0.167567610961528,
                            48.0165476067384
                        ],
                        [
                            0.167568043877678,
                            48.0165395128369
                        ],
                        [
                            0.167593511577308,
                            48.0165401260227
                        ],
                        [
                            0.167593078665044,
                            48.0165482199244
                        ],
                        [
                            0.167642721768846,
                            48.0165485146852
                        ],
                        [
                            0.167643154673529,
                            48.0165404207834
                        ],
                        [
                            0.167664601158487,
                            48.0165409371371
                        ],
                        [
                            0.167664120156912,
                            48.0165499303615
                        ],
                        [
                            0.167717736380227,
                            48.016551221229
                        ],
                        [
                            0.167726291652582,
                            48.0164163551258
                        ],
                        [
                            0.167708866424008,
                            48.0164159355977
                        ],
                        [
                            0.167713952188299,
                            48.0163710340134
                        ],
                        [
                            0.167723623589681,
                            48.0163658639777
                        ],
                        [
                            0.167739756499666,
                            48.0163653519098
                        ],
                        [
                            0.167739419808627,
                            48.0163716471678
                        ],
                        [
                            0.167798445555689,
                            48.0163721677606
                        ],
                        [
                            0.167797634229672,
                            48.0163622429415
                        ],
                        [
                            0.167824490344931,
                            48.0163619890254
                        ],
                        [
                            0.16782391317754,
                            48.0163727808967
                        ],
                        [
                            0.16787221571703,
                            48.0163730432905
                        ],
                        [
                            0.167875444475527,
                            48.0162875753694
                        ],
                        [
                            0.167866061682278,
                            48.0162873494819
                        ],
                        [
                            0.167866590743674,
                            48.0162774569325
                        ],
                        [
                            0.167875973535172,
                            48.01627768282
                        ],
                        [
                            0.167876460796315,
                            48.0162434762883
                        ],
                        [
                            0.167678081921143,
                            48.0162387002231
                        ],
                        [
                            0.167676109834277,
                            48.0162755724501
                        ],
                        [
                            0.167690854219153,
                            48.0162759274397
                        ],
                        [
                            0.167690228925994,
                            48.0162876186335
                        ],
                        [
                            0.167675532637602,
                            48.0162863643212
                        ],
                        [
                            0.167671155555161,
                            48.0163682026748
                        ],
                        [
                            0.167538359664191,
                            48.0163668063253
                        ],
                        [
                            0.167537493825509,
                            48.01638299413
                        ],
                        [
                            0.167518728208175,
                            48.0163825423003
                        ],
                        [
                            0.167518481227364,
                            48.0164122522153
                        ],
                        [
                            0.167515287048208,
                            48.0165472473986
                        ]
                    ]
                ]
            },
            "properties": {
                "Nom": "Résidence universitaire Vaurouzé",
                "ObjectId": 173,
                "Shape__Area": 1136.0408630371094,
                "Shape__Length": 200.34985289846063,
                "Classe": "CROUS",
                "Code_batiment": "C7B2",
                "code_composante": "C7B3",
                "Etiquette": "Résidence universitaire Vaurouzé",
                "Recherche": "Résidence universitaire Vaurouzé (Bâtiment C)",
                "Texte_fenetre": "\u003cdiv style=\"background-color: #FFFFFF; color: black; padding: 15px; border: none; border-radius: 10px; font-size: 16px; font-family: Luciole;\"\u003e   \u003cfont size=\"4,5pt\"\u003e\u003cb\u003eBâtiment C\u003c/b\u003e\u003c/font size\u003e \u003cbr\u003e\u003cbr\u003e\u003cb\u003eAccès aile nord :\u003c/b\u003e \u003cul\u003e\u003cli\u003e\u003cb\u003eSous-sol :\u003c/b\u003e chambres S11 à S22\u003c/li\u003e\u003cli\u003e\u003cb\u003eRDC :\u003c/b\u003e chambres 006 à 010\u003c/li\u003e\u003cli\u003e\u003cb\u003eÉtage 1 :\u003c/b\u003e chambres 115 à 128\u003c/li\u003e\u003cli\u003e\u003cb\u003eÉtage 2 :\u003c/b\u003e chambres 215 à 228\u003c/li\u003e\u003cli\u003e\u003cb\u003eÉtage 3 :\u003c/b\u003e chambres 315 à 328\u003c/li\u003e\u003cli\u003e\u003cb\u003eÉtage 4 :\u003c/b\u003e chambres 415 à 428\u003c/li\u003e\u003c/ul\u003e\u003cb\u003eAccès aile sud :\u003c/b\u003e \u003cul\u003e\u003cli\u003e\u003cb\u003eSous-sol :\u003c/b\u003e chambres S01 à S10\u003c/li\u003e\u003cli\u003e\u003cb\u003eRdc :\u003c/b\u003e chambres 001 à 005\u003c/li\u003e\u003cli\u003e\u003cb\u003eÉtage 1 :\u003c/b\u003e chambres 101 à 144\u003c/li\u003e\u003cli\u003e\u003cb\u003eÉtage 2 :\u003c/b\u003e chambres 201 à 214\u003c/li\u003e\u003cli\u003e\u003cb\u003eÉtage 3 :\u003c/b\u003e chambres 301 à 314\u003c/li\u003e\u003cli\u003e\u003cb\u003eÉtage 4 :\u003c/b\u003e chambres 401 à 414\u003c/li\u003e\u003c/br\u003e\u003c/div\u003e",
                "nom_composante": "CROUS"
            }
        },
        {
            "type": "Feature",
            "id": 174,
            "geometry": {
                "type": "Multipolygon",
                "coordinates": [
                    [
                        [
                            0.165943507901115,
                            48.0155467772888
                        ],
                        [
                            0.165930055629714,
                            48.0155473541615
                        ],
                        [
                            0.165917896034036,
                            48.0155488618424
                        ],
                        [
                            0.165911049973257,
                            48.0155513982795
                        ],
                        [
                            0.16589994140645,
                            48.0155583345719
                        ],
                        [
                            0.165894243392627,
                            48.0155645004983
                        ],
                        [
                            0.165889933275887,
                            48.0155697999135
                        ],
                        [
                            0.165888256121239,
                            48.0155760625848
                        ],
                        [
                            0.165889067299952,
                            48.0155859877936
                        ],
                        [
                            0.165891362495502,
                            48.0155932467693
                        ],
                        [
                            0.165895143504519,
                            48.015597840114
                        ],
                        [
                            0.165902752234967,
                            48.0156061278433
                        ],
                        [
                            0.165910554103226,
                            48.015610818534
                        ],
                        [
                            0.165919792377609,
                            48.0156137425539
                        ],
                        [
                            0.165925057403497,
                            48.0156156702677
                        ],
                        [
                            0.165937072370409,
                            48.0156168600661
                        ],
                        [
                            0.165949184355374,
                            48.015616251346
                        ],
                        [
                            0.165958614869236,
                            48.0156155783287
                        ],
                        [
                            0.165965509439059,
                            48.015612142335
                        ],
                        [
                            0.165972452517892,
                            48.0156078073822
                        ],
                        [
                            0.165980446625596,
                            48.0156089004345
                        ],
                        [
                            0.165976466190557,
                            48.0156331170359
                        ],
                        [
                            0.16598191626938,
                            48.01565666121
                        ],
                        [
                            0.165975070208601,
                            48.0156591976417
                        ],
                        [
                            0.165955590241676,
                            48.0156470220469
                        ],
                        [
                            0.165939602026269,
                            48.0156448359439
                        ],
                        [
                            0.16592749004127,
                            48.0156454446636
                        ],
                        [
                            0.165916719241005,
                            48.0156460858324
                        ],
                        [
                            0.165909873180226,
                            48.0156486222647
                        ],
                        [
                            0.165902978610436,
                            48.0156520582559
                        ],
                        [
                            0.165893258839075,
                            48.015658127425
                        ],
                        [
                            0.165887608435932,
                            48.0156633937806
                        ],
                        [
                            0.165883106079713,
                            48.0156722902187
                        ],
                        [
                            0.165881380416055,
                            48.0156794524361
                        ],
                        [
                            0.16588228771449,
                            48.0156875785082
                        ],
                        [
                            0.165883243521969,
                            48.0156948056215
                        ],
                        [
                            0.165888171679612,
                            48.0157030284372
                        ],
                        [
                            0.165895925038827,
                            48.0157086186772
                        ],
                        [
                            0.165905018684444,
                            48.0157142401637
                        ],
                        [
                            0.165915549634518,
                            48.0157180961847
                        ],
                        [
                            0.16592627282407,
                            48.0157183545747
                        ],
                        [
                            0.165938336300025,
                            48.0157186448128
                        ],
                        [
                            0.165947815322897,
                            48.015717072239
                        ],
                        [
                            0.165958682242885,
                            48.0157146325561
                        ],
                        [
                            0.165965576812708,
                            48.0157111971699
                        ],
                        [
                            0.165975345093079,
                            48.015704228449
                        ],
                        [
                            0.165982431902381,
                            48.0156971954301
                        ],
                        [
                            0.165985545463154,
                            48.0156891661056
                        ],
                        [
                            0.165985882331366,
                            48.0156828703981
                        ],
                        [
                            0.165982342969169,
                            48.0156737804696
                        ],
                        [
                            0.165998523424054,
                            48.0156723695385
                        ],
                        [
                            0.166008813625639,
                            48.0156807215529
                        ],
                        [
                            0.166020540233349,
                            48.015687307499
                        ],
                        [
                            0.16603762798667,
                            48.0156940226392
                        ],
                        [
                            0.166052179795985,
                            48.0156979748068
                        ],
                        [
                            0.166052866108868,
                            48.0158105516666
                        ],
                        [
                            0.166036733264661,
                            48.0158110636385
                        ],
                        [
                            0.166037743869363,
                            48.0157921777602
                        ],
                        [
                            0.166022236252603,
                            48.0157809984995
                        ],
                        [
                            0.165998109300692,
                            48.0157804174231
                        ],
                        [
                            0.165997909874704,
                            48.0158092278706
                        ],
                        [
                            0.16598182553954,
                            48.0158088402863
                        ],
                        [
                            0.165980925427649,
                            48.015775500807
                        ],
                        [
                            0.165790494265518,
                            48.015772713803
                        ],
                        [
                            0.165790101701719,
                            48.0158051218796
                        ],
                        [
                            0.165771336793751,
                            48.0158046699982
                        ],
                        [
                            0.165771054722762,
                            48.0157848521118
                        ],
                        [
                            0.165742906911644,
                            48.0157841742896
                        ],
                        [
                            0.165741896306942,
                            48.0158030601708
                        ],
                        [
                            0.165721742603561,
                            48.015803474796
                        ],
                        [
                            0.16572199053856,
                            48.0157737647883
                        ],
                        [
                            0.165370664820829,
                            48.0157680014943
                        ],
                        [
                            0.165368884359948,
                            48.0158012760806
                        ],
                        [
                            0.165346097694441,
                            48.0158007274533
                        ],
                        [
                            0.165347493676397,
                            48.015774646919
                        ],
                        [
                            0.165315324107774,
                            48.0157738717497
                        ],
                        [
                            0.165312636348425,
                            48.0157990202789
                        ],
                        [
                            0.165293870542159,
                            48.0157985683975
                        ],
                        [
                            0.165294263105924,
                            48.0157661603168
                        ],
                        [
                            0.165106658043661,
                            48.0157607389377
                        ],
                        [
                            0.165104924295163,
                            48.015793114573
                        ],
                        [
                            0.165091472922126,
                            48.0157936908421
                        ],
                        [
                            0.165092916514762,
                            48.015766711348
                        ],
                        [
                            0.16507281132039,
                            48.0157662270174
                        ],
                        [
                            0.165052560598956,
                            48.0157684401561
                        ],
                        [
                            0.165051494298701,
                            48.015813438419
                        ],
                        [
                            0.165105157857142,
                            48.0158138314115
                        ],
                        [
                            0.165104572155601,
                            48.0158498364831
                        ],
                        [
                            0.165292178116161,
                            48.0158552578527
                        ],
                        [
                            0.165294055595094,
                            48.0158201841891
                        ],
                        [
                            0.165316793751558,
                            48.0158216323723
                        ],
                        [
                            0.165315397769602,
                            48.0158477128828
                        ],
                        [
                            0.165343546479051,
                            48.0158483913052
                        ],
                        [
                            0.165344942461007,
                            48.015822310795
                        ],
                        [
                            0.165367729126481,
                            48.015822860023
                        ],
                        [
                            0.165367239544663,
                            48.0158570665782
                        ],
                        [
                            0.165715788569833,
                            48.0158645640752
                        ],
                        [
                            0.165722490900177,
                            48.0158647257188
                        ],
                        [
                            0.165721879147487,
                            48.0158259901416
                        ],
                        [
                            0.165741985240155,
                            48.0158264744717
                        ],
                        [
                            0.165740252389988,
                            48.0158588500656
                        ],
                        [
                            0.165771081672208,
                            48.0158595927847
                        ],
                        [
                            0.165772862133122,
                            48.0158263182361
                        ],
                        [
                            0.165787654690893,
                            48.0158257738155
                        ],
                        [
                            0.165788169425563,
                            48.0158663079026
                        ],
                        [
                            0.165978600587694,
                            48.0158690949016
                        ],
                        [
                            0.16598052567734,
                            48.0158331222924
                        ],
                        [
                            0.166047689117862,
                            48.0158320388593
                        ],
                        [
                            0.166047897527022,
                            48.0158662616329
                        ],
                        [
                            0.166023280993294,
                            48.0158663860203
                        ],
                        [
                            0.166023399570911,
                            48.0158757439187
                        ],
                        [
                            0.166023518148527,
                            48.0158851018153
                        ],
                        [
                            0.165959374843981,
                            48.0158844660577
                        ],
                        [
                            0.16595406310571,
                            48.0160302382303
                        ],
                        [
                            0.166182870296778,
                            48.016033992074
                        ],
                        [
                            0.166185914687274,
                            48.0158788427869
                        ],
                        [
                            0.166110095080655,
                            48.0158782875505
                        ],
                        [
                            0.166110540645049,
                            48.0158595002453
                        ],
                        [
                            0.166169675841877,
                            48.0158598523759
                        ],
                        [
                            0.166171005348481,
                            48.0158350091364
                        ],
                        [
                            0.166129405265995,
                            48.0158349075833
                        ],
                        [
                            0.166127253800914,
                            48.0158249505744
                        ],
                        [
                            0.166128360525338,
                            48.0158042661893
                        ],
                        [
                            0.16613530270584,
                            48.0157999306517
                        ],
                        [
                            0.166156557789651,
                            48.0158000863084
                        ],
                        [
                            0.166156981402306,
                            48.0157809505402
                        ],
                        [
                            0.166088011796042,
                            48.0157807821733
                        ],
                        [
                            0.166088540903732,
                            48.0157708894509
                        ],
                        [
                            0.166138183602965,
                            48.0157711850969
                        ],
                        [
                            0.166141448979014,
                            48.0157352442674
                        ],
                        [
                            0.166117706506062,
                            48.0157274685317
                        ],
                        [
                            0.166093580452482,
                            48.0157268874547
                        ],
                        [
                            0.166093236397727,
                            48.0157583960029
                        ],
                        [
                            0.166079784126326,
                            48.0157589722723
                        ],
                        [
                            0.16608286444944,
                            48.0157014156021
                        ],
                        [
                            0.166097704617957,
                            48.0156999722228
                        ],
                        [
                            0.16611254478644,
                            48.0156985288434
                        ],
                        [
                            0.166119294727497,
                            48.0156977909292
                        ],
                        [
                            0.166128822259379,
                            48.0156953187964
                        ],
                        [
                            0.166139833808133,
                            48.0156901810383
                        ],
                        [
                            0.16615089386593,
                            48.015684144322
                        ],
                        [
                            0.166159369470611,
                            48.0156762441907
                        ],
                        [
                            0.166169232972441,
                            48.0156674769484
                        ],
                        [
                            0.166176464410476,
                            48.0156577458485
                        ],
                        [
                            0.166179722600015,
                            48.0156470184415
                        ],
                        [
                            0.166180204096993,
                            48.0156380252528
                        ],
                        [
                            0.166180733204716,
                            48.015628133104
                        ],
                        [
                            0.166178630248645,
                            48.0156172764955
                        ],
                        [
                            0.166176527292539,
                            48.0156064198848
                        ],
                        [
                            0.166169062292526,
                            48.0155954340763
                        ],
                        [
                            0.166157576433305,
                            48.0155843521203
                        ],
                        [
                            0.166148578907443,
                            48.0155769314988
                        ],
                        [
                            0.166135463504287,
                            48.0155712126501
                        ],
                        [
                            0.166121007814728,
                            48.0155654613516
                        ],
                        [
                            0.166105068108331,
                            48.0155623756845
                        ],
                        [
                            0.166090324059571,
                            48.0155620205473
                        ],
                        [
                            0.166074191215398,
                            48.0155625325217
                        ],
                        [
                            0.166056669575778,
                            48.0155639116076
                        ],
                        [
                            0.166040440611849,
                            48.0155662221022
                        ],
                        [
                            0.166025408203887,
                            48.0155712625255
                        ],
                        [
                            0.166011619064275,
                            48.0155781345181
                        ],
                        [
                            0.166004676883739,
                            48.0155824694734
                        ],
                        [
                            0.165996105159301,
                            48.0155921681385
                        ],
                        [
                            0.165992180419816,
                            48.0155902728728
                        ],
                        [
                            0.165993191024517,
                            48.0155713869136
                        ],
                        [
                            0.165990798810913,
                            48.0155659264551
                        ],
                        [
                            0.165984433348814,
                            48.0155594696889
                        ],
                        [
                            0.165972755250114,
                            48.0155519847667
                        ],
                        [
                            0.165962225198371,
                            48.0155481287333
                        ],
                        [
                            0.165952889905934,
                            48.0155470038315
                        ],
                        [
                            0.165943507901115,
                            48.0155467772888
                        ]
                    ]
                ]
            },
            "properties": {
                "Nom": "Résidence universitaire Vaurouzé",
                "ObjectId": 174,
                "Shape__Area": 2977.6987533569336,
                "Shape__Length": 676.19547063584525,
                "Classe": "CROUS",
                "Code_batiment": "C7B5",
                "code_composante": "C7",
                "Etiquette": "Résidence universitaire Vaurouzé",
                "Recherche": "Résidence universitaire Vaurouzé (Bâtiment E)",
                "Texte_fenetre": "\u003cdiv style=\"background-color: #FFFFFF; color: black; padding: 15px; border: none; border-radius: 10px; font-size: 16px; font-family: Luciole;\"\u003e  \u003cfont size=\"4,5pt\"\u003e \u003cb\u003eBâtiment E\u003c/b\u003e\u003c/font size\u003e\u003cbr\u003e\u003cbr\u003e\u003cb\u003eAccès aile ouest :\u003c/b\u003e \u003cul\u003e\u003cli\u003e\u003cb\u003eRDC :\u003c/b\u003e chambres 018 à 045\u003c/li\u003e\u003cli\u003e\u003cb\u003eÉtage 1 :\u003c/b\u003e chambres 122 à 145\u003c/li\u003e\u003cli\u003e\u003cb\u003eÉtage 2 :\u003c/b\u003e chambres 222 à 245\u003c/li\u003e\u003cli\u003e\u003cb\u003eÉtage 3 :\u003c/b\u003e chambres 322 à 345\u003c/li\u003e\u003cli\u003e\u003cb\u003eÉtage 4 :\u003c/b\u003e chambres 422 à 445\u003c/li\u003e\u003c/ul\u003e\u003cb\u003eAccès aile est :\u003c/b\u003e \u003cul\u003e\u003cli\u003e\u003cb\u003eRDC :\u003c/b\u003e chambres 001 à 017\u003c/li\u003e\u003cli\u003e\u003cb\u003eÉtage 1 :\u003c/b\u003e chambres 101 à 121\u003c/li\u003e\u003cli\u003e\u003cb\u003eÉtage 2 :\u003c/b\u003e chambres 201 à 221\u003c/li\u003e\u003cli\u003e\u003cb\u003eÉtage 3 :\u003c/b\u003e chambres 301 à 321\u003c/li\u003e\u003cli\u003e\u003cb\u003eÉtage 4 :\u003c/b\u003e chambres 401 à 421\u003c/li\u003e\u003c/br\u003e\u003c/div\u003e",
                "nom_composante": "CROUS"
            }
        },
        {
            "type": "Feature",
            "id": 175,
            "geometry": {
                "type": "Multipolygon",
                "coordinates": [
                    [
                        [
                            0.167876460796315,
                            48.0162434762883
                        ],
                        [
                            0.167875973535172,
                            48.01627768282
                        ],
                        [
                            0.167967168751524,
                            48.0162789777938
                        ],
                        [
                            0.167971022581328,
                            48.0161818186691
                        ],
                        [
                            0.167881216024607,
                            48.016179656645
                        ],
                        [
                            0.167876460796315,
                            48.0162434762883
                        ]
                    ]
                ]
            },
            "properties": {
                "Nom": null,
                "ObjectId": 175,
                "Shape__Area": 164.98492431640625,
                "Shape__Length": 52.659016166195372,
                "Classe": "CROUS",
                "Code_batiment": "C7B4",
                "code_composante": "C7",
                "Etiquette": null,
                "Recherche": null,
                "Texte_fenetre": null,
                "nom_composante": "CROUS"
            }
        },
        {
            "type": "Feature",
            "id": 176,
            "geometry": {
                "type": "Multipolygon",
                "coordinates": [
                    [
                        [
                            0.167100262024451,
                            48.0153022697007
                        ],
                        [
                            0.16724896572315,
                            48.0153035737853
                        ],
                        [
                            0.16724596355345,
                            48.015434972023
                        ],
                        [
                            0.167300918889284,
                            48.0154362952277
                        ],
                        [
                            0.167301351877251,
                            48.0154282009643
                        ],
                        [
                            0.16732145796992,
                            48.0154286852981
                        ],
                        [
                            0.167320976472942,
                            48.0154376785233
                        ],
                        [
                            0.167375931808776,
                            48.0154390017279
                        ],
                        [
                            0.167376460916466,
                            48.0154291095409
                        ],
                        [
                            0.16739795490625,
                            48.01542872616
                        ],
                        [
                            0.167396134021201,
                            48.0154376875369
                        ],
                        [
                            0.167447068497793,
                            48.015438913995
                        ],
                        [
                            0.167453170753509,
                            48.0153499130872
                        ],
                        [
                            0.16743440584554,
                            48.0153494612019
                        ],
                        [
                            0.16743512719271,
                            48.0153359713404
                        ],
                        [
                            0.16744987124147,
                            48.0153363264791
                        ],
                        [
                            0.16745174692381,
                            48.0153012530634
                        ],
                        [
                            0.167318954365242,
                            48.0152998559431
                        ],
                        [
                            0.167318472868232,
                            48.0153088491907
                        ],
                        [
                            0.167305069105874,
                            48.0153085265011
                        ],
                        [
                            0.167304209418151,
                            48.015299501405
                        ],
                        [
                            0.167296167699735,
                            48.0152993073105
                        ],
                        [
                            0.167296943844127,
                            48.0152597047927
                        ],
                        [
                            0.167306326747277,
                            48.0152599307358
                        ],
                        [
                            0.167309844549944,
                            48.0151690672882
                        ],
                        [
                            0.167300461646794,
                            48.0151688413448
                        ],
                        [
                            0.167300991652815,
                            48.015158948505
                        ],
                        [
                            0.16731305423044,
                            48.0151592393472
                        ],
                        [
                            0.167314930811076,
                            48.0151241652101
                        ],
                        [
                            0.16710841800874,
                            48.0151209935859
                        ],
                        [
                            0.167106445308347,
                            48.0151578656587
                        ],
                        [
                            0.16712252964351,
                            48.015158253248
                        ],
                        [
                            0.16712195202681,
                            48.0151690450545
                        ],
                        [
                            0.167104527405244,
                            48.0151686250159
                        ],
                        [
                            0.167101153333013,
                            48.0152567909683
                        ],
                        [
                            0.167100262024451,
                            48.0153022697007
                        ]
                    ]
                ]
            },
            "properties": {
                "Nom": "Résidence universitaire Vaurouzé",
                "ObjectId": 176,
                "Shape__Area": 1173.9607086181641,
                "Shape__Length": 203.34247134357824,
                "Classe": "CROUS",
                "Code_batiment": "C7B6",
                "code_composante": "C7",
                "Etiquette": "Résidence universitaire Vaurouzé",
                "Recherche": "Résidence universitaire Vaurouzé (Bâtiment B)",
                "Texte_fenetre": "\u003cdiv style=\"background-color: #FFFFFF; color: black; padding: 15px; border: none; border-radius: 10px; font-size: 16px; font-family: Luciole;\"\u003e   \u003cfont size=\"4,5pt\"\u003e\u003cb\u003eBâtiment B\u003c/b\u003e\u003c/font size\u003e \u003cbr\u003e\u003cbr\u003e\u003cb\u003eAccès aile nord :\u003c/b\u003e \u003cul\u003e\u003cli\u003e\u003cb\u003eSous-sol :\u003c/b\u003e chambres S13 à S20\u003c/li\u003e\u003cli\u003e\u003cb\u003eRDC :\u003c/b\u003e chambres 006 à 009\u003c/li\u003e\u003cli\u003e\u003cb\u003eÉtage 1 :\u003c/b\u003e chambres 115 à 128\u003c/li\u003e\u003cli\u003e\u003cb\u003eÉtage 2 :\u003c/b\u003e chambres 215 à 228\u003c/li\u003e\u003cli\u003e\u003cb\u003eÉtage 3 :\u003c/b\u003e chambres 315 à 328\u003c/li\u003e\u003cli\u003e\u003cb\u003eÉtage 4 :\u003c/b\u003e chambres 415 à 428\u003c/li\u003e\u003c/ul\u003e\u003cb\u003eAccès aile sud :\u003c/b\u003e \u003cul\u003e\u003cli\u003e\u003cb\u003eSous-sol :\u003c/b\u003e chambres S01 à S12\u003c/li\u003e\u003cli\u003e\u003cb\u003eRDC :\u003c/b\u003e salle informatique\u003c/li\u003e\u003cli\u003e\u003cb\u003eÉtage 1 :\u003c/b\u003e chambres 101 à 114\u003c/li\u003e\u003cli\u003e\u003cb\u003eÉtage 2 :\u003c/b\u003e chambres 201 à 214\u003c/li\u003e\u003cli\u003e\u003cb\u003eÉtage 3 :\u003c/b\u003e chambres 301 à 314\u003c/li\u003e\u003cli\u003e\u003cb\u003eÉtage 4 :\u003c/b\u003e chambres 401 à 414\u003c/li\u003e\u003c/br\u003e\u003c/div\u003e",
                "nom_composante": "CROUS"
            }
        },
        {
            "type": "Feature",
            "id": 177,
            "geometry": {
                "type": "Multipolygon",
                "coordinates": [
                    [
                        [
                            0.167817754200501,
                            48.0166887012596
                        ],
                        [
                            0.167821326073195,
                            48.0165717248002
                        ],
                        [
                            0.167673737101302,
                            48.0165708729529
                        ],
                        [
                            0.167671649612323,
                            48.0166851837127
                        ],
                        [
                            0.167817754200501,
                            48.0166887012596
                        ]
                    ]
                ]
            },
            "properties": {
                "Nom": null,
                "ObjectId": 177,
                "Shape__Area": 314.71372985839844,
                "Shape__Length": 71.200800493754485,
                "Classe": "CROUS",
                "Code_batiment": "C7B1",
                "code_composante": "C7",
                "Etiquette": null,
                "Recherche": null,
                "Texte_fenetre": null,
                "nom_composante": "CROUS"
            }
        },
        {
            "type": "Feature",
            "id": 178,
            "geometry": {
                "type": "Multipolygon",
                "coordinates": [
                    [
                        [
                            0.166891792777645,
                            48.0149807042787
                        ],
                        [
                            0.166953545808372,
                            48.0149803905342
                        ],
                        [
                            0.16695388258395,
                            48.0149740952729
                        ],
                        [
                            0.166968626601784,
                            48.0149744503533
                        ],
                        [
                            0.166968241717402,
                            48.0149816449377
                        ],
                        [
                            0.167027169689158,
                            48.0149839645638
                        ],
                        [
                            0.167027602675097,
                            48.0149758706561
                        ],
                        [
                            0.167045027424636,
                            48.0149762902854
                        ],
                        [
                            0.167044642550616,
                            48.01498348487
                        ],
                        [
                            0.16709294381961,
                            48.014983747584
                        ],
                        [
                            0.167101115563889,
                            48.0148560759771
                        ],
                        [
                            0.167177516220639,
                            48.0148579158234
                        ],
                        [
                            0.167180643165009,
                            48.014799459814
                        ],
                        [
                            0.167194046774777,
                            48.0147997825886
                        ],
                        [
                            0.16719208102813,
                            48.0148114415133
                        ],
                        [
                            0.167253833859787,
                            48.0148111276112
                        ],
                        [
                            0.167254430907841,
                            48.0147246957456
                        ],
                        [
                            0.167239638851883,
                            48.0147252400243
                        ],
                        [
                            0.16724189321886,
                            48.0147081851582
                        ],
                        [
                            0.167252616088487,
                            48.0147084433725
                        ],
                        [
                            0.167254444095511,
                            48.0146742690859
                        ],
                        [
                            0.167052001970472,
                            48.0146702944538
                        ],
                        [
                            0.167049788961656,
                            48.0147116633232
                        ],
                        [
                            0.167065873265787,
                            48.0147120506705
                        ],
                        [
                            0.167065247853171,
                            48.0147237418726
                        ],
                        [
                            0.167049163545495,
                            48.0147233545253
                        ],
                        [
                            0.167047177692378,
                            48.0148106534341
                        ],
                        [
                            0.167064602387732,
                            48.0148110730605
                        ],
                        [
                            0.167062485600549,
                            48.0148506432801
                        ],
                        [
                            0.167047693507454,
                            48.0148511875347
                        ],
                        [
                            0.167047308634704,
                            48.0148583821199
                        ],
                        [
                            0.167031176176912,
                            48.0148588940934
                        ],
                        [
                            0.16703026879904,
                            48.0148507679058
                        ],
                        [
                            0.166902838176688,
                            48.0148494999547
                        ],
                        [
                            0.166901058048424,
                            48.0148827749089
                        ],
                        [
                            0.166910440588808,
                            48.0148830008735
                        ],
                        [
                            0.166909815139874,
                            48.0148946920735
                        ],
                        [
                            0.166892390418243,
                            48.0148942724242
                        ],
                        [
                            0.166892046869544,
                            48.014925781012
                        ],
                        [
                            0.166902817893119,
                            48.0149251399351
                        ],
                        [
                            0.166902336776903,
                            48.0149341331656
                        ],
                        [
                            0.166891613863305,
                            48.0149338749195
                        ],
                        [
                            0.166891792777645,
                            48.0149807042787
                        ]
                    ]
                ]
            },
            "properties": {
                "Nom": "Résidence universitaire Vaurouzé",
                "ObjectId": 178,
                "Shape__Area": 1093.8158187866211,
                "Shape__Length": 208.41315488472796,
                "Classe": "CROUS",
                "Code_batiment": "C7B8",
                "code_composante": "C7",
                "Etiquette": "Résidence universitaire Vaurouzé",
                "Recherche": "Résidence universitaire Vaurouzé (Bâtiment A)",
                "Texte_fenetre": "\u003cdiv style=\"background-color: #FFFFFF; color: black; padding: 15px; border: none; border-radius: 10px; font-size: 16px; font-family: Luciole;\"\u003e   \u003cfont size=\"4,5pt\"\u003e\u003cb\u003eBâtiment A\u003c/b\u003e\u003c/font size\u003e \u003cbr\u003e\u003cbr\u003e\u003cb\u003eAccès aile nord :\u003c/b\u003e \u003cul\u003e\u003cli\u003e\u003cb\u003eSous-sol :\u003c/b\u003e chambres S15 à S22\u003c/li\u003e\u003cli\u003e\u003cb\u003eRDC :\u003c/b\u003e chambres 008 à 012\u003c/li\u003e\u003cli\u003e\u003cb\u003eÉtage 1 :\u003c/b\u003e chambres 115 à 128\u003c/li\u003e\u003cli\u003e\u003cb\u003eÉtage 2 :\u003c/b\u003e chambres 215 à 228\u003c/li\u003e\u003cli\u003e\u003cb\u003eÉtage 3 :\u003c/b\u003e chambres 315 à 328\u003c/li\u003e\u003cli\u003e\u003cb\u003eÉtage 4 :\u003c/b\u003e chambres 415 à 428\u003c/li\u003e\u003c/ul\u003e\u003cb\u003eAccès aile sud :\u003c/b\u003e \u003cul\u003e\u003cli\u003e\u003cb\u003eSous-sol :\u003c/b\u003e chambres S01 à S14\u003c/li\u003e\u003cli\u003e\u003cb\u003eRDC :\u003c/b\u003e chambres 001 à 007 - Salle de travail\u003c/li\u003e\u003cli\u003e\u003cb\u003eÉtage 1 :\u003c/b\u003e chambres 101 à 114\u003c/li\u003e\u003cli\u003e\u003cb\u003eÉtage 2 :\u003c/b\u003e chambres 201 à 214\u003c/li\u003e\u003cli\u003e\u003cb\u003eÉtage 3 :\u003c/b\u003e chambres 301 à 314\u003c/li\u003e\u003cli\u003e\u003cb\u003eÉtage 4 :\u003c/b\u003e chambres 401 à 414\u003c/li\u003e\u003c/br\u003e\u003c/div\u003e",
                "nom_composante": "CROUS"
            }
        },
        {
            "type": "Feature",
            "id": 179,
            "geometry": {
                "type": "Multipolygon",
                "coordinates": [
                    [
                        [
                            0.167518481227364,
                            48.0164122522153
                        ],
                        [
                            0.167518728208175,
                            48.0163825423003
                        ],
                        [
                            0.167518789247128,
                            48.0163312163713
                        ],
                        [
                            0.167415530353325,
                            48.0163296305772
                        ],
                        [
                            0.167412493267567,
                            48.0164115011938
                        ],
                        [
                            0.167518481227364,
                            48.0164122522153
                        ]
                    ]
                ]
            },
            "properties": {
                "Nom": null,
                "ObjectId": 179,
                "Shape__Area": 158.00938415527344,
                "Shape__Length": 50.411652024767932,
                "Classe": "CROUS",
                "Code_batiment": "C7B3",
                "code_composante": "C7",
                "Etiquette": null,
                "Recherche": null,
                "Texte_fenetre": null,
                "nom_composante": "CROUS"
            }
        },
        {
            "type": "Feature",
            "id": 181,
            "geometry": {
                "type": "Multipolygon",
                "coordinates": [
                    [
                        [
                            0.166965362726774,
                            48.0153399201232
                        ],
                        [
                            0.167099331644068,
                            48.0153413560332
                        ],
                        [
                            0.167100262204259,
                            48.0153022698064
                        ],
                        [
                            0.167101153333013,
                            48.0152567909683
                        ],
                        [
                            0.166967019589746,
                            48.0152553619984
                        ],
                        [
                            0.166965362726774,
                            48.0153399201232
                        ]
                    ]
                ]
            },
            "properties": {
                "Nom": null,
                "ObjectId": 181,
                "Shape__Area": 210.10845184326172,
                "Shape__Length": 57.995962639549106,
                "Classe": "CROUS",
                "Code_batiment": "C7B7",
                "code_composante": "C7",
                "Etiquette": null,
                "Recherche": null,
                "Texte_fenetre": null,
                "nom_composante": "CROUS"
            }
        },
        {
            "type": "Feature",
            "id": 182,
            "geometry": {
                "type": "Multipolygon",
                "coordinates": [
                    [
                        [
                            0.157868160282434,
                            48.0185702841752
                        ],
                        [
                            0.15702740832589,
                            48.0185553726091
                        ],
                        [
                            0.157067201237309,
                            48.0186391787301
                        ],
                        [
                            0.157171611653437,
                            48.0186444032604
                        ],
                        [
                            0.157169112475797,
                            48.0186659544754
                        ],
                        [
                            0.157144308398369,
                            48.018677961863
                        ],
                        [
                            0.157087864530024,
                            48.0186792993463
                        ],
                        [
                            0.15711450590569,
                            48.0187330716715
                        ],
                        [
                            0.157519419742725,
                            48.0187410547553
                        ],
                        [
                            0.157517150845502,
                            48.018783322655
                        ],
                        [
                            0.157497483856116,
                            48.019299724853
                        ],
                        [
                            0.157518014135901,
                            48.019317330072
                        ],
                        [
                            0.157610714341007,
                            48.0193907079523
                        ],
                        [
                            0.157618237343341,
                            48.0193755815004
                        ],
                        [
                            0.157657664323022,
                            48.0193162017049
                        ],
                        [
                            0.157658388411053,
                            48.0193027119535
                        ],
                        [
                            0.157678495447674,
                            48.0193031977402
                        ],
                        [
                            0.157678387751272,
                            48.0193302096287
                        ],
                        [
                            0.15766582964087,
                            48.0193641245791
                        ],
                        [
                            0.157665818482841,
                            48.0193893378331
                        ],
                        [
                            0.157663078108398,
                            48.0194153856319
                        ],
                        [
                            0.157645410608963,
                            48.0194194611982
                        ],
                        [
                            0.157716095459703,
                            48.0194778993595
                        ],
                        [
                            0.157831944350136,
                            48.0194951058846
                        ],
                        [
                            0.157860307601197,
                            48.018791613358
                        ],
                        [
                            0.157868160282434,
                            48.0185702841752
                        ]
                    ]
                ]
            },
            "properties": {
                "Nom": "ENSIM",
                "ObjectId": 182,
                "Shape__Area": 6770.3060989379883,
                "Shape__Length": 519.01596444194888,
                "Classe": "ENSIM",
                "Code_batiment": "C6B1",
                "code_composante": "C6",
                "Etiquette": "ENSIM",
                "Recherche": "École Nationale Supérieure d'Ingénieurs du Mans (ENSIM)",
                "Texte_fenetre": "\u003cdiv style=\"background-color: #FFFFFF; color: black; padding: 15px; border: none; border-radius: 10px; font-size: 16px; font-family: Luciole;\"\u003e\u003cfont size=\"4,5pt\"\u003e\u003ca href=\"https://ensim.univ-lemans.fr/fr/index.html\"style=\"color:black;\"\u003eÉcole Nationale Supérieure d'Ingénieurs du Mans\u003c/a\u003e\u003c/font size\u003e\u003c/div\u003e\u003cbr\u003e\u003cbr\u003e\u003cdiv style=\"background-color: #FFFFFF; color: black; padding: 15px; border: none; border-radius: 10px; font-size: 16px; font-family: Luciole;\"\u003e   \u003cb\u003eRez-de-chaussée :\u003c/b\u003e \u003cbr\u003eAdministration \u003cbr\u003e Pôle Projets \u003cbr\u003e Hall d'essais \u003cbr\u003eAmphithéâtre : Condorcet\u003cbr\u003e\u003cbr\u003e\u003cb\u003e1er étage :\u003c/b\u003e \u003cbr\u003ePôle Projets \u003cbr\u003e Pôle Recherche \u003cbr\u003e Pôle Informatique \u003cbr\u003e Pôle Enseignants \u003cbr\u003e Pôle TP \u003cbr\u003e Pôle TD\u003c/div\u003e",
                "nom_composante": "ENSIM"
            }
        },
        {
            "type": "Feature",
            "id": 183,
            "geometry": {
                "type": "Multipolygon",
                "coordinates": [
                    [
                        [
                            0.155355475743971,
                            48.0194217446075
                        ],
                        [
                            0.155426641177376,
                            48.0194711909865
                        ],
                        [
                            0.155395943016819,
                            48.0194929608273
                        ],
                        [
                            0.155539518140962,
                            48.0195936845288
                        ],
                        [
                            0.155574237724784,
                            48.0195720118808
                        ],
                        [
                            0.155644208009332,
                            48.0196187277668
                        ],
                        [
                            0.155685678249703,
                            48.0195963178145
                        ],
                        [
                            0.155712016786049,
                            48.0195807458861
                        ],
                        [
                            0.155745613198593,
                            48.0196049707014
                        ],
                        [
                            0.15582055899396,
                            48.0195590569535
                        ],
                        [
                            0.155566002286988,
                            48.0193755072992
                        ],
                        [
                            0.155546462776876,
                            48.0193894426152
                        ],
                        [
                            0.155516936309122,
                            48.0193644156547
                        ],
                        [
                            0.15547096167191,
                            48.0193957214767
                        ],
                        [
                            0.155411570653706,
                            48.0193519627209
                        ],
                        [
                            0.155400701969332,
                            48.019354401376
                        ],
                        [
                            0.155378590353984,
                            48.0193412599553
                        ],
                        [
                            0.155037414063092,
                            48.0190961826544
                        ],
                        [
                            0.155005110441339,
                            48.0190728893609
                        ],
                        [
                            0.155079162898762,
                            48.0189936365512
                        ],
                        [
                            0.154918792477018,
                            48.018880799722
                        ],
                        [
                            0.154992445826211,
                            48.0188339547473
                        ],
                        [
                            0.155110078910713,
                            48.0189178430008
                        ],
                        [
                            0.155417044994861,
                            48.0187253581488
                        ],
                        [
                            0.155296827573867,
                            48.0186396067338
                        ],
                        [
                            0.155266226466938,
                            48.01865957792
                        ],
                        [
                            0.155245503938859,
                            48.0186455695655
                        ],
                        [
                            0.155307998267317,
                            48.0186065589241
                        ],
                        [
                            0.155274209438693,
                            48.0185859312332
                        ],
                        [
                            0.155231157799685,
                            48.0186128052222
                        ],
                        [
                            0.155142048765587,
                            48.0185476165207
                        ],
                        [
                            0.154775317107093,
                            48.0187782765858
                        ],
                        [
                            0.154810204716672,
                            48.0188034334152
                        ],
                        [
                            0.154782429204804,
                            48.0188207713626
                        ],
                        [
                            0.15473462026918,
                            48.0187862971754
                        ],
                        [
                            0.154663744314888,
                            48.0188314081987
                        ],
                        [
                            0.154693463372298,
                            48.0188528381185
                        ],
                        [
                            0.154669902456734,
                            48.0188666760346
                        ],
                        [
                            0.154658321581232,
                            48.0188573910967
                        ],
                        [
                            0.154636101110794,
                            48.018871261426
                        ],
                        [
                            0.154649022442007,
                            48.0188805787862
                        ],
                        [
                            0.154624024398264,
                            48.0188961829041
                        ],
                        [
                            0.154555541397759,
                            48.0188468008642
                        ],
                        [
                            0.154447216384938,
                            48.0189144185846
                        ],
                        [
                            0.154591935299963,
                            48.019018773164
                        ],
                        [
                            0.154611329952509,
                            48.0190075359503
                        ],
                        [
                            0.154656554732725,
                            48.0190401467112
                        ],
                        [
                            0.154638452215161,
                            48.0190523156682
                        ],
                        [
                            0.154858116221689,
                            48.0192107105685
                        ],
                        [
                            0.154891447049362,
                            48.0191899050145
                        ],
                        [
                            0.1549380126231,
                            48.0192225480809
                        ],
                        [
                            0.154904633473963,
                            48.0192442529633
                        ],
                        [
                            0.155053278963486,
                            48.0193505028364
                        ],
                        [
                            0.155086609802463,
                            48.0193296972291
                        ],
                        [
                            0.155131835150277,
                            48.0193623078007
                        ],
                        [
                            0.155098504308544,
                            48.0193831134205
                        ],
                        [
                            0.155247150576535,
                            48.0194893630393
                        ],
                        [
                            0.155355475743971,
                            48.0194217446075
                        ]
                    ]
                ]
            },
            "properties": {
                "Nom": "ESGT",
                "ObjectId": 183,
                "Shape__Area": 7508.7499084472656,
                "Shape__Length": 702.702523788154,
                "Classe": "Autres écoles",
                "Code_batiment": "C8B2",
                "code_composante": "C8",
                "Etiquette": "ESGT",
                "Recherche": "École supérieure des ingénieurs géomètres et topographes (ESGT)",
                "Texte_fenetre": "\u003cdiv style=\"background-color: #FFFFFF; color: black; padding: 15px; border: none; border-radius: 10px; font-size: 16px; font-family: Luciole;\"\u003e\u003cfont size=\"4,5pt\"\u003e\u003ca href=\"https://www.esgt.cnam.fr\"style=\"color:black;\"\u003eÉcole supérieure des ingénieurs géomètres et topographes\u003c/a\u003e\u003c/font size\u003e\u003c/div\u003e",
                "nom_composante": "Autres écoles"
            }
        },
        {
            "type": "Feature",
            "id": 184,
            "geometry": {
                "type": "Multipolygon",
                "coordinates": [
                    [
                        [
                            0.167866217900814,
                            48.0168114328512
                        ],
                        [
                            0.167754675093218,
                            48.0168141503486
                        ],
                        [
                            0.167734851855315,
                            48.0172098843895
                        ],
                        [
                            0.167843522261685,
                            48.0172106996603
                        ],
                        [
                            0.168283277069966,
                            48.0172194847334
                        ],
                        [
                            0.168303432841797,
                            48.0168174553448
                        ],
                        [
                            0.167866217900814,
                            48.0168114328512
                        ]
                    ]
                ]
            },
            "properties": {
                "Nom": "Gymnase M.Wieber",
                "ObjectId": 184,
                "Shape__Area": 4067.9483032226563,
                "Shape__Length": 255.01676330746164,
                "Classe": "Services centraux",
                "Code_batiment": "C9B1",
                "code_composante": "C9",
                "Etiquette": "Gymnase M.Wieber",
                "Recherche": "Gymnase M.Wieber",
                "Texte_fenetre": "\u003cdiv style=\"background-color: #FFFFFF; color: black; padding: 15px; border: none; border-radius: 10px; font-size: 16px; font-family: Luciole;\"\u003e  \u003cb\u003eSalles :\u003c/b\u003e\u003cul\u003e\u003cli\u003e Salle omnisport\u003c/li\u003e\u003cli\u003e  Salle d'escalade \u003c/li\u003e\u003c/ul\u003e\u003c/div\u003e",
                "nom_composante": "Services centraux"
            }
        },
        {
            "type": "Feature",
            "id": 187,
            "geometry": {
                "type": "Multipolygon",
                "coordinates": [
                    [
                        [
                            0.156747317899134,
                            48.0193473326173
                        ],
                        [
                            0.156640032041114,
                            48.0193456401832
                        ],
                        [
                            0.156632801886145,
                            48.0195552780642
                        ],
                        [
                            0.156634045780719,
                            48.0195571090942
                        ],
                        [
                            0.156620822537782,
                            48.019578401104
                        ],
                        [
                            0.156672376738368,
                            48.0195931543458
                        ],
                        [
                            0.156661025165338,
                            48.0196045862788
                        ],
                        [
                            0.156433095954288,
                            48.0195999778424
                        ],
                        [
                            0.156428496308394,
                            48.0197106261173
                        ],
                        [
                            0.156628275938128,
                            48.0197145542157
                        ],
                        [
                            0.157309432539603,
                            48.0197274129697
                        ],
                        [
                            0.157312377545434,
                            48.0196725546697
                        ],
                        [
                            0.157363159584071,
                            48.0197016966704
                        ],
                        [
                            0.157632692445052,
                            48.0197064079677
                        ],
                        [
                            0.157659394324371,
                            48.0197340675698
                        ],
                        [
                            0.157758638120905,
                            48.0197355647661
                        ],
                        [
                            0.157640382645899,
                            48.0196381570689
                        ],
                        [
                            0.157554495535423,
                            48.0196378829608
                        ],
                        [
                            0.15749792830399,
                            48.019591492089
                        ],
                        [
                            0.157433559703884,
                            48.0195404102756
                        ],
                        [
                            0.157484895203702,
                            48.0195092332415
                        ],
                        [
                            0.15749734567527,
                            48.019502330199
                        ],
                        [
                            0.157359804849507,
                            48.0193891480051
                        ],
                        [
                            0.157348743135749,
                            48.0193951841063
                        ],
                        [
                            0.157329456796485,
                            48.0193794098815
                        ],
                        [
                            0.157340518509147,
                            48.0193733737819
                        ],
                        [
                            0.15720178272622,
                            48.0192574610546
                        ],
                        [
                            0.157140919180915,
                            48.0192911091778
                        ],
                        [
                            0.157116512477622,
                            48.0192707087669
                        ],
                        [
                            0.157177376014991,
                            48.0192370606559
                        ],
                        [
                            0.156999827245627,
                            48.019094095749
                        ],
                        [
                            0.156850470032153,
                            48.0191760322433
                        ],
                        [
                            0.157025241168246,
                            48.0193207312148
                        ],
                        [
                            0.157084667788211,
                            48.0192888493927
                        ],
                        [
                            0.157107782300549,
                            48.0193083181013
                        ],
                        [
                            0.157048355672656,
                            48.0193401999346
                        ],
                        [
                            0.157343966652258,
                            48.019584170135
                        ],
                        [
                            0.157312121852306,
                            48.0196023108187
                        ],
                        [
                            0.157324850718616,
                            48.0196152251466
                        ],
                        [
                            0.157299949674214,
                            48.0196290311927
                        ],
                        [
                            0.15718859351618,
                            48.0196281414055
                        ],
                        [
                            0.157066862969499,
                            48.0195954839077
                        ],
                        [
                            0.157050524389443,
                            48.019624805027
                        ],
                        [
                            0.157007629130307,
                            48.0196237684493
                        ],
                        [
                            0.1570073394271,
                            48.0196291643472
                        ],
                        [
                            0.156922889381993,
                            48.0196271235389
                        ],
                        [
                            0.156913747471348,
                            48.0196224001973
                        ],
                        [
                            0.156810530768021,
                            48.0196199057857
                        ],
                        [
                            0.1568138625813,
                            48.0195578529643
                        ],
                        [
                            0.15684603398262,
                            48.0195586304521
                        ],
                        [
                            0.156851524988778,
                            48.0193813679487
                        ],
                        [
                            0.156746919999473,
                            48.0193797404023
                        ],
                        [
                            0.156747317899134,
                            48.0193473326173
                        ]
                    ]
                ]
            },
            "properties": {
                "Nom": "ISMANS",
                "ObjectId": 187,
                "Shape__Area": 5216.2303695678711,
                "Shape__Length": 691.23806746760818,
                "Classe": "Autres écoles",
                "Code_batiment": "C8B1",
                "code_composante": "C8",
                "Etiquette": "ISMANS",
                "Recherche": "Institut Supérieur des Matériaux du Mans (ISMANS)",
                "Texte_fenetre": "\u003cdiv style=\"background-color: #FFFFFF; color: black; padding: 15px; border: none; border-radius: 10px; font-size: 16px; font-family: Luciole;\"\u003e\u003cfont size=\"4,5pt\"\u003e\u003ca href=\"https://ismans.cesi.fr/\"style=\"color:black;\"\u003eInstitut Supérieur des Matériaux du Mans\u003c/a\u003e\u003c/font size\u003e\u003c/div\u003e",
                "nom_composante": "Autres écoles"
            }
        },
        {
            "type": "Feature",
            "id": 188,
            "geometry": {
                "type": "Multipolygon",
                "coordinates": [
                    [
                        [
                            0.154661409299355,
                            48.0148782196436
                        ],
                        [
                            0.155218649692733,
                            48.014623351668
                        ],
                        [
                            0.155181663668025,
                            48.0145873382431
                        ],
                        [
                            0.155235434842105,
                            48.0145607235125
                        ],
                        [
                            0.155083808324925,
                            48.0144102772782
                        ],
                        [
                            0.155027453164111,
                            48.0144350284732
                        ],
                        [
                            0.154990467400836,
                            48.0143990149839
                        ],
                        [
                            0.154429400513203,
                            48.0146501873748
                        ],
                        [
                            0.154466289425432,
                            48.0146879996709
                        ],
                        [
                            0.154452135707653,
                            48.0147515918747
                        ],
                        [
                            0.154525913758432,
                            48.0148272164352
                        ],
                        [
                            0.154625763829891,
                            48.01484223847
                        ],
                        [
                            0.154661409299355,
                            48.0148782196436
                        ]
                    ]
                ]
            },
            "properties": {
                "Nom": "ITEMM",
                "ObjectId": 188,
                "Shape__Area": 3823.4812850952148,
                "Shape__Length": 261.80261693906891,
                "Classe": "Autres écoles",
                "Code_batiment": "C8B9",
                "code_composante": "C8",
                "Etiquette": "ITEMM",
                "Recherche": "Institut technologique européen des métiers de la musique (ITEMM)",
                "Texte_fenetre": "\u003cdiv style=\"background-color: #FFFFFF; color: black; padding: 15px; border: none; border-radius: 10px; font-size: 16px; font-family: Luciole;\"\u003e\u003ca href=\"https://itemm.fr\"style=\"color:black;\"\u003eInstitut technologique européen des métiers de la musique\u003c/a\u003e\u003c/div\u003e",
                "nom_composante": "Autres écoles"
            }
        },
        {
            "type": "Feature",
            "id": 205,
            "geometry": {
                "type": "Multipolygon",
                "coordinates": [
                    [
                        [
                            0.159075390854394,
                            48.0167327409979
                        ],
                        [
                            0.15884737728901,
                            48.0167299358661
                        ],
                        [
                            0.158827283939527,
                            48.0171544789894
                        ],
                        [
                            0.159055154590482,
                            48.0171599821151
                        ],
                        [
                            0.159075390854394,
                            48.0167327409979
                        ]
                    ]
                ]
            },
            "properties": {
                "Nom": "Physique",
                "ObjectId": 205,
                "Shape__Area": 1800.0018768310547,
                "Shape__Length": 192.59380548966504,
                "Classe": "IUT",
                "Code_batiment": "C4B9",
                "code_composante": "C4",
                "Etiquette": "Physique",
                "Recherche": "Physique (IUT Le Mans : TD/TP Physique)",
                "Texte_fenetre": "\u003cdiv style=\"background-color: #FFFFFF; color: black; padding: 15px; border: none; border-radius: 10px; font-size: 16px; font-family: Luciole;\"\u003e\u003cfont size=\"4,5pt\"\u003e\u003cb\u003eIUT Le Mans\u003c/b\u003e\u003c/font size\u003e\u003cbr\u003e\u003cbr\u003e\u003cb\u003eSalles \u003c/b\u003e: A à G - TP Physique 1 et 2 \u003cbr\u003e\u003cbr\u003e\u003ca href=\"https://iut.univ-lemans.fr/fr/departements/chimie.html\"style=\"color:#282F63;\"\u003ePlus d'informations\u003c/a\u003e \u003c/div\u003e",
                "nom_composante": "IUT"
            }
        },
        {
            "type": "Feature",
            "id": 207,
            "geometry": {
                "type": "Multipolygon",
                "coordinates": [
                    [
                        [
                            0.160042482722043,
                            48.0171441999286
                        ],
                        [
                            0.160046592297887,
                            48.0170425445221
                        ],
                        [
                            0.159327986241865,
                            48.0170278960005
                        ],
                        [
                            0.159323923530548,
                            48.0171286520641
                        ],
                        [
                            0.160042482722043,
                            48.0171441999286
                        ]
                    ]
                ]
            },
            "properties": {
                "Nom": "Administration IUT",
                "ObjectId": 207,
                "Shape__Area": 1348.4209671020508,
                "Shape__Length": 193.76097485398236,
                "Classe": "IUT",
                "Code_batiment": "C4B8",
                "code_composante": "C4",
                "Etiquette": "Administration IUT",
                "Recherche": "Administration (IUT Le Mans)",
                "Texte_fenetre": "\u003cdiv style=\"background-color: #FFFFFF; color: black; padding: 15px; border: none; border-radius: 10px; font-size: 16px; font-family: Luciole;\"\u003e\u003cfont size=\"4,5pt\"\u003e\u003cb\u003eIUT Le Mans\u003c/b\u003e\u003c/font size\u003e\u003cbr\u003e\u003cbr\u003e\u003cb\u003eRez-de-chaussée\u003c/b\u003e\u003cbr\u003e Salle d'examen \u003cbr\u003e\u003cbr\u003e\u003cb\u003eÉtage 1\u003c/b\u003e\u003cbr\u003e Bureaux \u003cbr\u003e\u003cbr\u003e\u003cb\u003eÉtage 2\u003c/b\u003e \u003cbr\u003e201 à 210 \u003cbr\u003e\u003cbr\u003e\u003cb\u003eÉtage 3\u003c/b\u003e\u003cbr\u003e Direction - Bureaux\u003cbr\u003e\u003cbr\u003e\u003ca href=\"https://iut.univ-lemans.fr/fr/index.html\"style=\"color:#282F63;\"\u003ePlus d'informations\u003c/a\u003e\u003c/div\u003e",
                "nom_composante": "IUT"
            }
        },
        {
            "type": "Feature",
            "id": 208,
            "geometry": {
                "type": "Multipolygon",
                "coordinates": [
                    [
                        [
                            0.153276982592704,
                            48.0179126829142
                        ],
                        [
                            0.153294526758732,
                            48.0179608331848
                        ],
                        [
                            0.153310163611779,
                            48.0179945295289
                        ],
                        [
                            0.153322310976797,
                            48.0180182360914
                        ],
                        [
                            0.153338334622212,
                            48.0180447379049
                        ],
                        [
                            0.153368087843218,
                            48.0180904821289
                        ],
                        [
                            0.153390862059684,
                            48.018116246792
                        ],
                        [
                            0.153413732985346,
                            48.018140212819
                        ],
                        [
                            0.153442967718926,
                            48.0181706362207
                        ],
                        [
                            0.153481247159737,
                            48.0182075818591
                        ],
                        [
                            0.153513162848505,
                            48.0182380701091
                        ],
                        [
                            0.153571017245168,
                            48.018285394684
                        ],
                        [
                            0.153693815277077,
                            48.0183730113746
                        ],
                        [
                            0.154094418085721,
                            48.0186609528384
                        ],
                        [
                            0.154136684195827,
                            48.0186736815823
                        ],
                        [
                            0.154155498841753,
                            48.0186732362294
                        ],
                        [
                            0.154171632585314,
                            48.0186727260222
                        ],
                        [
                            0.154182549517363,
                            48.0186693881639
                        ],
                        [
                            0.154197439469948,
                            48.0186670468963
                        ],
                        [
                            0.154208453060212,
                            48.0186619104041
                        ],
                        [
                            0.154575476325665,
                            48.0184258561922
                        ],
                        [
                            0.154541784546745,
                            48.0184034296566
                        ],
                        [
                            0.154536857691263,
                            48.0183952061268
                        ],
                        [
                            0.154538488083441,
                            48.0183898426523
                        ],
                        [
                            0.154541603893033,
                            48.0183818136511
                        ],
                        [
                            0.154537969158618,
                            48.0183745218587
                        ],
                        [
                            0.154527535558017,
                            48.0183688665905
                        ],
                        [
                            0.154520736690407,
                            48.0183705031144
                        ],
                        [
                            0.154511208610028,
                            48.0183729741106
                        ],
                        [
                            0.154502779346228,
                            48.0183799741078
                        ],
                        [
                            0.154490377073707,
                            48.0183859775224
                        ],
                        [
                            0.154483723179499,
                            48.0183849160963
                        ],
                        [
                            0.154474485049231,
                            48.0183819911934
                        ],
                        [
                            0.154462566032442,
                            48.0183790014453
                        ],
                        [
                            0.15445135922112,
                            48.0183877352261
                        ],
                        [
                            0.154183567396869,
                            48.0185505487851
                        ],
                        [
                            0.154141868516978,
                            48.018552241535
                        ],
                        [
                            0.153884834920723,
                            48.0183650260116
                        ],
                        [
                            0.153572339640199,
                            48.0181359461137
                        ],
                        [
                            0.153546546065529,
                            48.0181164118308
                        ],
                        [
                            0.153527503031718,
                            48.0180961403913
                        ],
                        [
                            0.153514968823102,
                            48.0180796283772
                        ],
                        [
                            0.15349099915346,
                            48.0180511333568
                        ],
                        [
                            0.153477511271144,
                            48.0180273943787
                        ],
                        [
                            0.153462489596987,
                            48.018007220228
                        ],
                        [
                            0.153441394225976,
                            48.0179751928004
                        ],
                        [
                            0.153434173459823,
                            48.0179597098279
                        ],
                        [
                            0.153433413143543,
                            48.0179488856043
                        ],
                        [
                            0.153266043917109,
                            48.017866493451
                        ],
                        [
                            0.153276982592704,
                            48.0179126829142
                        ]
                    ]
                ]
            },
            "properties": {
                "Nom": "Résidence universitaire Bartholdi",
                "ObjectId": 208,
                "Shape__Area": 3276.2570495605469,
                "Shape__Length": 453.76268474267016,
                "Classe": "CROUS",
                "Code_batiment": "C7B10",
                "code_composante": "C7",
                "Etiquette": "Résidence universitaire Bartholdi",
                "Recherche": "Résidence universitaire Bartholdi",
                "Texte_fenetre": "\u003cdiv style=\"background-color: #FFFFFF; color: black; padding: 15px; border: none; border-radius: 10px; font-size: 16px; font-family: Luciole;\"\u003e\u003cfont size=\"4,5pt\"\u003e\u003cb\u003eRésidence universitaire Bartholdi\u003c/b\u003e\u003c/font size\u003e\u003cbr\u003e\u003cbr\u003e\u003ca href=\"https://www.crous-nantes.fr/logement/residence-u-bartholdi/\"style=\"color:#282F63;\"\u003ePlus d'informations\u003c/a\u003e\u003c/div\u003e",
                "nom_composante": "CROUS"
            }
        },
        {
            "type": "Feature",
            "id": 209,
            "geometry": {
                "type": "Multipolygon",
                "coordinates": [
                    [
                        [
                            0.153787949056359,
                            48.017695422397
                        ],
                        [
                            0.153755730494101,
                            48.0176955433885
                        ],
                        [
                            0.153728680284742,
                            48.0176993913583
                        ],
                        [
                            0.153696268366651,
                            48.0177031095978
                        ],
                        [
                            0.153666440618887,
                            48.0177086913233
                        ],
                        [
                            0.15364465542353,
                            48.0177144676313
                        ],
                        [
                            0.153618897283323,
                            48.0177192473234
                        ],
                        [
                            0.153580591895491,
                            48.0177327282792
                        ],
                        [
                            0.153545064024416,
                            48.017744475456
                        ],
                        [
                            0.153505273147236,
                            48.0177606219022
                        ],
                        [
                            0.153458441709218,
                            48.0177829013775
                        ],
                        [
                            0.15340997974354,
                            48.0178105442949
                        ],
                        [
                            0.153358305082436,
                            48.0178480147962
                        ],
                        [
                            0.153482165276494,
                            48.0179158467847
                        ],
                        [
                            0.153490256207235,
                            48.0179151420695
                        ],
                        [
                            0.153529453982701,
                            48.0179350006974
                        ],
                        [
                            0.153538933688896,
                            48.0179334290959
                        ],
                        [
                            0.15359517039604,
                            48.0179609038542
                        ],
                        [
                            0.153601920899515,
                            48.0179601666991
                        ],
                        [
                            0.15361853783003,
                            48.0179506634088
                        ],
                        [
                            0.15364468279816,
                            48.0179386891903
                        ],
                        [
                            0.15366383556082,
                            48.0179319487044
                        ],
                        [
                            0.153684473766597,
                            48.0179225426988
                        ],
                        [
                            0.153706307381526,
                            48.0179158670683
                        ],
                        [
                            0.153723974682539,
                            48.0179117920894
                        ],
                        [
                            0.153741641980835,
                            48.0179077171079
                        ],
                        [
                            0.153750037925952,
                            48.0179065227652
                        ],
                        [
                            0.153773267615417,
                            48.0179436011887
                        ],
                        [
                            0.153822393235623,
                            48.0179285809774
                        ],
                        [
                            0.154032696078197,
                            48.0179363701863
                        ],
                        [
                            0.154097001355246,
                            48.0179136127142
                        ],
                        [
                            0.154167190075449,
                            48.017806351913
                        ],
                        [
                            0.154110373549614,
                            48.0177896694691
                        ],
                        [
                            0.15415424641825,
                            48.0177475072508
                        ],
                        [
                            0.154075029063465,
                            48.0177230787685
                        ],
                        [
                            0.153967324494436,
                            48.0177042644618
                        ],
                        [
                            0.153891113532777,
                            48.0176988187785
                        ],
                        [
                            0.153818585511189,
                            48.0176997655476
                        ],
                        [
                            0.153813694178727,
                            48.0177158559483
                        ],
                        [
                            0.153789469826829,
                            48.0177170708431
                        ],
                        [
                            0.153787949056359,
                            48.017695422397
                        ]
                    ]
                ]
            },
            "properties": {
                "Nom": "Résidence et restaurant universitaire Bartholdi",
                "ObjectId": 209,
                "Shape__Area": 2760.8050079345703,
                "Shape__Length": 235.42570329951573,
                "Classe": "CROUS",
                "Code_batiment": "C7B11",
                "code_composante": "C7",
                "Etiquette": "Résidence et restaurant universitaire Bartholdi",
                "Recherche": "Résidence et restaurant universitaire Bartholdi",
                "Texte_fenetre": "\u003cdiv style=\"background-color: #FFFFFF; color: black; padding: 15px; border: none; border-radius: 10px; font-size: 16px; font-family: Luciole;\"\u003e \u003cfont size=\"4,5pt\"\u003e\u003cb\u003eHoraire d'ouverture\u003c/b\u003e\u003c/font size\u003e\u003cul\u003e\u003cli\u003e\u003cb\u003eLundi au vendredi :\u003c/b\u003e \u003cul\u003e\u003cli\u003e11h00 - 13h45 \u003c/li\u003e\u003c/ul\u003e\u003c/li\u003e\u003c/ul\u003e\u003ca href=\"https://www.crous-nantes.fr/restaurant/resto-u-bartholdi/\"style=\"color: #282F63; text-decoration: underline;\"\u003ePlus d'informations\u003c/a\u003e\u003c/div\u003e",
                "nom_composante": "CROUS"
            }
        },
        {
            "type": "Feature",
            "id": 210,
            "geometry": {
                "type": "Multipolygon",
                "coordinates": [
                    [
                        [
                            0.164973109851648,
                            48.0152469472176
                        ],
                        [
                            0.164971184063855,
                            48.0152829201003
                        ],
                        [
                            0.165003352988806,
                            48.0152836953605
                        ],
                        [
                            0.165003940538403,
                            48.0153980707711
                        ],
                        [
                            0.16548786407893,
                            48.0154088315894
                        ],
                        [
                            0.165501116293373,
                            48.0151110913192
                        ],
                        [
                            0.165501275556533,
                            48.0150579667049
                        ],
                        [
                            0.165418269111451,
                            48.0150541656381
                        ],
                        [
                            0.165410523207221,
                            48.0150233625936
                        ],
                        [
                            0.165080263761302,
                            48.0150253094446
                        ],
                        [
                            0.165074902299706,
                            48.0150251802386
                        ],
                        [
                            0.165071740141053,
                            48.015034108858
                        ],
                        [
                            0.165041104305486,
                            48.0150297686294
                        ],
                        [
                            0.164981502349275,
                            48.0150400385198
                        ],
                        [
                            0.164925576748559,
                            48.0150819138686
                        ],
                        [
                            0.164956975234205,
                            48.0150970782959
                        ],
                        [
                            0.164941412729649,
                            48.0151120114402
                        ],
                        [
                            0.164926668687124,
                            48.0151116561059
                        ],
                        [
                            0.164931229035079,
                            48.0152270277609
                        ],
                        [
                            0.16497292495267,
                            48.0152253311848
                        ],
                        [
                            0.164973109851648,
                            48.0152469472176
                        ]
                    ]
                ]
            },
            "properties": {
                "Nom": "Restaurant universitaire Vaurouzé",
                "ObjectId": 210,
                "Shape__Area": 3660.4289855957031,
                "Shape__Length": 250.38585891696306,
                "Classe": "CROUS",
                "Code_batiment": "C7B9",
                "code_composante": "C7",
                "Etiquette": "Restaurant universitaire Vaurouzé",
                "Recherche": "Restaurant universitaire Vaurouzé",
                "Texte_fenetre": "\u003cdiv style=\"background-color: #FFFFFF; color: black; padding: 15px; border: none; border-radius: 10px; font-size: 16px; font-family: Luciole;\"\u003e  \u003cfont size=\"4,5pt\"\u003e\u003cb\u003eHoraires d'ouverture\u003c/b\u003e\u003c/font size\u003e \u003cul\u003e\u003cli\u003e\u003cb\u003eLundi au vendredi :\u003c/b\u003e \u003cul\u003e\u003cli\u003e11h00 - 13h45 \u003c/li\u003e\u003cli\u003e 18h30 - 20h00 \u003c/li\u003e\u003c/ul\u003e\u003c/li\u003e\u003c/ul\u003e\u003ca href=\"https://www.crous-nantes.fr/restaurant/resto-u-vaurouze/\"style=\"color: #282f63;text-decoration: underline;\"\u003ePlus d'informations\u003c/a\u003e\u003c/div\u003e",
                "nom_composante": "CROUS"
            }
        },
        {
            "type": "Feature",
            "id": 211,
            "geometry": {
                "type": "Multipolygon",
                "coordinates": [
                    [
                        [
                            0.158938550345186,
                            48.0157560128325
                        ],
                        [
                            0.159614295088384,
                            48.015768728794
                        ],
                        [
                            0.159617826547736,
                            48.0156778651492
                        ],
                        [
                            0.159471725292435,
                            48.0156743374205
                        ],
                        [
                            0.159479374594776,
                            48.0155817722311
                        ],
                        [
                            0.159420380777063,
                            48.0155056075185
                        ],
                        [
                            0.158903157783273,
                            48.0155651558123
                        ],
                        [
                            0.158896268875929,
                            48.0156685451694
                        ],
                        [
                            0.158940683786826,
                            48.0156912294688
                        ],
                        [
                            0.158938550345186,
                            48.0157560128325
                        ]
                    ]
                ]
            },
            "properties": {
                "Nom": "Gide",
                "ObjectId": 211,
                "Shape__Area": 2578.064811706543,
                "Shape__Length": 229.00728080393588,
                "Classe": "UFR Droit, sciences économiques et gestion",
                "Code_batiment": "C3B3",
                "code_composante": "C3",
                "Etiquette": "Gide",
                "Recherche": "Gide (UFR Droit, sciences économiques et gestion)",
                "Texte_fenetre": "\u003cdiv style=\"background-color: #FFFFFF; color: black; padding: 15px; border: none; border-radius: 10px; font-size: 16px; font-family: Luciole;\"\u003e\u003cb\u003eRez-de-chaussée\u003c/b\u003e\u003cbr\u003e G001 à G011 - Cafétéria CROUS\u003cbr\u003e\u003cbr\u003e\u003cb\u003eÉtage 1\u003c/b\u003e\u003cbr\u003e G103 à G111 \u003cbr\u003e\u003cbr\u003e\u003ca href=\"https://ecodroit.univ-lemans.fr/fr/index.html\"style=\"color:#282F63;\"\u003ePlus d'informations\u003c/a\u003e\u003c/div\u003e",
                "nom_composante": "UFR Droit, sciences économiques et gestion"
            }
        },
        {
            "type": "Feature",
            "id": 212,
            "geometry": {
                "type": "Multipolygon",
                "coordinates": [
                    [
                        [
                            0.160145322757923,
                            48.0165524576595
                        ],
                        [
                            0.160093714943154,
                            48.0165507493872
                        ],
                        [
                            0.160086732997145,
                            48.0166451288507
                        ],
                        [
                            0.160138416668716,
                            48.0166463763114
                        ],
                        [
                            0.160145322757923,
                            48.0165524576595
                        ]
                    ]
                ]
            },
            "properties": {
                "Nom": "Grenier solidaire - Ressourcerie",
                "ObjectId": 212,
                "Shape__Area": 90.268760681152344,
                "Shape__Length": 42.883424452974062,
                "Classe": "Services centraux",
                "Code_batiment": "C9B10",
                "code_composante": "C9",
                "Etiquette": "Grenier solidaire - Ressourcerie",
                "Recherche": "Grenier solidaire - Ressourcerie",
                "Texte_fenetre": "\u003cdiv style=\"background-color: #FFFFFF; color: black; padding: 15px; border: none; border-radius: 10px; font-size: 16px; font-family: Luciole;\"\u003e   \"Le Grenier Solidaire\" est ouvert pour vous, du lundi au jeudi. C’est l’endroit idéal pour récupérer des objets du quotidien gratuitement et en seconde main.\u003cbr\u003e\u003cbr\u003e\u003cb\u003eHoraires d'ouverture :\u003c/b\u003e Mardi au Jeudi 12h - 18h \u003cbr\u003e\u003cbr\u003e\u003cb\u003eRéception don :\u003c/b\u003e Lundi 12h - 18h\u003c/br\u003e\u003cbr\u003e\u003cb\u003eContact :\u003c/b\u003e\u003cul\u003e\u003cli\u003e collectifsolidaire@univ-lemans.fr \u003c/li\u003e\u003cli\u003e 06 51 26 96 66 \u003c/li\u003e\u003c/ul\u003e\u003ca href=\"https://mon-ent-etudiant.univ-lemans.fr/fr/vie-pratique/les-petits-plus-sur-mon-campus/le-grenier-solidaire-campus-du-mans.html\" style=\"color: white; text-decoration: underline;\"\u003ePlus d'informations\u003c/a\u003e\u003c/div\u003e",
                "nom_composante": "Services centraux"
            }
        },
        {
            "type": "Feature",
            "id": 213,
            "geometry": {
                "type": "Multipolygon",
                "coordinates": [
                    [
                        [
                            0.160145322916601,
                            48.0165524579414
                        ],
                        [
                            0.160147270464142,
                            48.0165183888521
                        ],
                        [
                            0.159954738716463,
                            48.0165134642248
                        ],
                        [
                            0.159952824288939,
                            48.0165469539381
                        ],
                        [
                            0.160093714703529,
                            48.0165507495901
                        ],
                        [
                            0.160145322916601,
                            48.0165524579414
                        ]
                    ]
                ]
            },
            "properties": {
                "Nom": null,
                "ObjectId": 213,
                "Shape__Area": 120.24396514892578,
                "Shape__Length": 54.147991348847512,
                "Classe": "Services centraux",
                "Code_batiment": "C9B11",
                "code_composante": "C9",
                "Etiquette": null,
                "Recherche": null,
                "Texte_fenetre": null,
                "nom_composante": "Services centraux"
            }
        },
        {
            "type": "Feature",
            "id": 214,
            "geometry": {
                "type": "Multipolygon",
                "coordinates": [
                    [
                        [
                            0.159080662196337,
                            48.0162592136824
                        ],
                        [
                            0.159555161406217,
                            48.01627067162
                        ],
                        [
                            0.159572768007487,
                            48.0159424200485
                        ],
                        [
                            0.159096883104034,
                            48.0159318291292
                        ],
                        [
                            0.159080662196337,
                            48.0162592136824
                        ]
                    ]
                ]
            },
            "properties": {
                "Nom": "Thémis",
                "ObjectId": 214,
                "Shape__Area": 2889.2738037109375,
                "Shape__Length": 215.03360399372548,
                "Classe": "UFR Droit, sciences économiques et gestion",
                "Code_batiment": "C3B1",
                "code_composante": "C3",
                "Etiquette": "Thémis",
                "Recherche": "Thémis (UFR Droit, sciences économiques et gestion)",
                "Texte_fenetre": "\u003cdiv style=\"background-color: #FFFFFF; color: black; padding: 15px; border: none; border-radius: 10px; font-size: 16px; font-family: Luciole;\"\u003e   \u003cb\u003eRez-de-chaussée\u003c/b\u003e\u003cbr\u003e Administration \u003cbr\u003e\u003cbr\u003e\u003cb\u003eÉtage 1\u003c/b\u003e\u003cbr\u003e Informatique - T101 à T116 \u003cbr\u003e\u003cbr\u003e \u003cb\u003eÉtage 2\u003c/b\u003e\u003cbr\u003e T201 à T217 \u003cbr\u003e\u003cbr\u003e\u003cb\u003eÉtage 3\u003c/b\u003e\u003cbr\u003e Laboratoires GAINS / ARGUMANS / Themis-UM\u003cbr\u003e\u003cbr\u003e\u003ca href=\"https://ecodroit.univ-lemans.fr/fr/index.html\"style=\"color:#282F63;\"\u003ePlus d'informations\u003c/a\u003e\u003c/div\u003e",
                "nom_composante": "UFR Droit, sciences économiques et gestion"
            }
        },
        {
            "type": "Feature",
            "id": 215,
            "geometry": {
                "type": "Multipolygon",
                "coordinates": [
                    [
                        [
                            0.158295916087663,
                            48.0162267526015
                        ],
                        [
                            0.15884566980326,
                            48.0162364293076
                        ],
                        [
                            0.158859393795095,
                            48.0159305960704
                        ],
                        [
                            0.158745364615755,
                            48.0159296430094
                        ],
                        [
                            0.158742893167982,
                            48.0160007215934
                        ],
                        [
                            0.158720106602614,
                            48.0160001712398
                        ],
                        [
                            0.158719634743419,
                            48.0159839511222
                        ],
                        [
                            0.15850589686725,
                            48.0159652813215
                        ],
                        [
                            0.158498513818417,
                            48.0161028771255
                        ],
                        [
                            0.158335699448709,
                            48.0161106506158
                        ],
                        [
                            0.158334589511577,
                            48.0161313349496
                        ],
                        [
                            0.158301031521689,
                            48.0161314248072
                        ],
                        [
                            0.158295916087663,
                            48.0162267526015
                        ]
                    ]
                ]
            },
            "properties": {
                "Nom": "Mercure",
                "ObjectId": 215,
                "Shape__Area": 2201.6319122314453,
                "Shape__Length": 230.03560855265889,
                "Classe": "UFR Droit, sciences économiques et gestion",
                "Code_batiment": "C3B2",
                "code_composante": "C3",
                "Etiquette": "Mercure",
                "Recherche": "Mercure (UFR Droit, sciences économiques et gestion)",
                "Texte_fenetre": "\u003cdiv style=\"background-color: #FFFFFF; color: black; padding: 15px; border: none; border-radius: 10px; font-size: 16px; font-family: Luciole;\"\u003e   \u003cb\u003eRez-de-chaussée\u003c/b\u003e\u003cbr\u003e Amphi Mercure - M002-004 \u003cbr\u003e\u003cbr\u003e\u003cb\u003eÉtage 1\u003c/b\u003e\u003cbr\u003e M101 à M106\u003cbr\u003e\u003cbr\u003e\u003cb\u003eÉtage 2\u003c/b\u003e\u003cbr\u003e M201 à M204\u003cbr\u003e\u003cbr\u003e\u003ca href=\"https://ecodroit.univ-lemans.fr/fr/index.html\"style=\"color:#282F63;\"\u003ePlus d'informations\u003c/a\u003e\u003c/div\u003e",
                "nom_composante": "UFR Droit, sciences économiques et gestion"
            }
        },
        {
            "type": "Feature",
            "id": 216,
            "geometry": {
                "type": "Multipolygon",
                "coordinates": [
                    [
                        [
                            0.157838106047675,
                            48.0171296845166
                        ],
                        [
                            0.157845528150066,
                            48.017016402818
                        ],
                        [
                            0.157496924705228,
                            48.0170097811476
                        ],
                        [
                            0.157498807357799,
                            48.0169747077448
                        ],
                        [
                            0.157392818415656,
                            48.0169739477002
                        ],
                        [
                            0.157387582135957,
                            48.0171215006211
                        ],
                        [
                            0.157248082560839,
                            48.0171199307158
                        ],
                        [
                            0.15723621760847,
                            48.0173159496025
                        ],
                        [
                            0.157528573713909,
                            48.0173203124681
                        ],
                        [
                            0.15753775675773,
                            48.0171242287779
                        ],
                        [
                            0.157838106047675,
                            48.0171296845166
                        ]
                    ]
                ]
            },
            "properties": {
                "Nom": "Administration Lettres",
                "ObjectId": 216,
                "Shape__Area": 2078.387321472168,
                "Shape__Length": 246.72264185346575,
                "Classe": "UFR Lettres, langues et sciences humaines",
                "Code_batiment": "C1B6",
                "code_composante": "C1",
                "Etiquette": "Administration Lettres",
                "Recherche": "Administration Lettres",
                "Texte_fenetre": "\u003cdiv style=\"background-color: #FFFFFF; color: black; padding: 15px; border: none; border-radius: 10px; font-size: 16px; font-family: Luciole;\"\u003e   \u003cb\u003eRez-de-chaussée\u003c/b\u003e\u003cbr\u003eScolarités - Intendance - Direction - Départements\u003cbr\u003e\u003cbr\u003e\u003cb\u003eÉtage 1\u003c/b\u003e\u003cbr\u003e\u003cb\u003eSecrétariats langues et LEA :\u003c/b\u003e A100A - A100B - \u003cb\u003eDirection :\u003c/b\u003e A101-A112\u003cbr\u003e\u003cbr\u003e\u003cb\u003eÉtage 2\u003c/b\u003e\u003cbr\u003e\u003cb\u003eSalle de réunion : \u003c/b\u003eA201-A202 - \u003cb\u003eSalle de travail : \u003c/b\u003eA203\u003cbr\u003e\u003cbr\u003e\u003ca href=\"https://lettres.univ-lemans.fr/fr/index.html\"style=\"color:#282F63;\"\u003ePlus d'informations\u003c/a\u003e\u003c/div\u003e",
                "nom_composante": "UFR Lettres, langues et sciences humaines"
            }
        },
        {
            "type": "Feature",
            "id": 223,
            "geometry": {
                "type": "Multipolygon",
                "coordinates": [
                    [
                        [
                            0.156663651403033,
                            48.0178559104342
                        ],
                        [
                            0.156712667976522,
                            48.0178679010366
                        ],
                        [
                            0.156709517584801,
                            48.0179515695859
                        ],
                        [
                            0.156812682806997,
                            48.017954963362
                        ],
                        [
                            0.156856916749906,
                            48.0179560323294
                        ],
                        [
                            0.156964103729608,
                            48.0179595234479
                        ],
                        [
                            0.156967301732008,
                            48.0178749553912
                        ],
                        [
                            0.157023079924616,
                            48.0178609950989
                        ],
                        [
                            0.156952322324641,
                            48.0176539745708
                        ],
                        [
                            0.157028363471077,
                            48.01764311783
                        ],
                        [
                            0.157032188262054,
                            48.0176184906589
                        ],
                        [
                            0.157071838210705,
                            48.0176197950124
                        ],
                        [
                            0.157073739345573,
                            48.0175695210391
                        ],
                        [
                            0.156755373978229,
                            48.0176195335142
                        ],
                        [
                            0.156657230944534,
                            48.0176621459111
                        ],
                        [
                            0.156648026157217,
                            48.0177214138831
                        ],
                        [
                            0.156725610903135,
                            48.0177268377772
                        ],
                        [
                            0.156663651403033,
                            48.0178559104342
                        ]
                    ]
                ]
            },
            "properties": {
                "Nom": "Forbonnais",
                "ObjectId": 223,
                "Shape__Area": 1971.5308303833008,
                "Shape__Length": 220.31509968912937,
                "Classe": "UFR Lettres, langues et sciences humaines",
                "Code_batiment": "C1B2",
                "code_composante": "C1",
                "Etiquette": "Forbonnais",
                "Recherche": "Forbonnais",
                "Texte_fenetre": "\u003cdiv style=\"background-color: #FFFFFF; color: black; padding: 15px; border: none; border-radius: 10px; font-size: 16px; font-family: Luciole;\"\u003e   \u003cb\u003eSalles :\u003c/b\u003e Courthardy - Macon - Rabelais - Racan \u003cbr\u003e\u003cb\u003eAmphithéâtre :\u003c/b\u003e Véron de Forbonnais (360 places)\u003cbr\u003e\u003cbr\u003e\u003ca href=\"https://lettres.univ-lemans.fr/fr/index.html\"style=\"color:#282F63;\"\u003ePlus d'informations\u003c/a\u003e\u003c/div\u003e",
                "nom_composante": "UFR Lettres, langues et sciences humaines"
            }
        },
        {
            "type": "Feature",
            "id": 225,
            "geometry": {
                "type": "Multipolygon",
                "coordinates": [
                    [
                        [
                            0.162158855570819,
                            48.0151943987432
                        ],
                        [
                            0.162280877246647,
                            48.0151964418186
                        ],
                        [
                            0.162285135905721,
                            48.0150668749215
                        ],
                        [
                            0.162163066335947,
                            48.0150657311713
                        ],
                        [
                            0.162158855570819,
                            48.0151943987432
                        ]
                    ]
                ]
            },
            "properties": {
                "Nom": "P3",
                "ObjectId": 225,
                "Shape__Area": 292.04600524902344,
                "Shape__Length": 70.161661420625265,
                "Classe": "UFR Sciences et techniques",
                "Code_batiment": "C2B16",
                "code_composante": "C2",
                "Etiquette": "P3",
                "Recherche": "P3",
                "Texte_fenetre": null,
                "nom_composante": "UFR Sciences et techniques"
            }
        },
        {
            "type": "Feature",
            "id": 226,
            "geometry": {
                "type": "Multipolygon",
                "coordinates": [
                    [
                        [
                            0.16115703220616,
                            48.0184605916812
                        ],
                        [
                            0.16116149621904,
                            48.0183022145474
                        ],
                        [
                            0.161137319980185,
                            48.0183025316354
                        ],
                        [
                            0.161141446552296,
                            48.0181504497183
                        ],
                        [
                            0.160802121889064,
                            48.0181458629038
                        ],
                        [
                            0.160802353314552,
                            48.0181665795842
                        ],
                        [
                            0.160772863585026,
                            48.0181658678781
                        ],
                        [
                            0.160773972612783,
                            48.0181451835481
                        ],
                        [
                            0.160669369943995,
                            48.0181435594865
                        ],
                        [
                            0.160663564027632,
                            48.018301904266
                        ],
                        [
                            0.16069846383401,
                            48.0183018460861
                        ],
                        [
                            0.160698888099706,
                            48.0183189654904
                        ],
                        [
                            0.160662647836009,
                            48.0183189913187
                        ],
                        [
                            0.16066263810448,
                            48.0183442045898
                        ],
                        [
                            0.160727452041748,
                            48.0183619775388
                        ],
                        [
                            0.160726439430494,
                            48.0183808632285
                        ],
                        [
                            0.160640602563529,
                            48.0183796920536
                        ],
                        [
                            0.160638037101962,
                            48.0184525692035
                        ],
                        [
                            0.16115703220616,
                            48.0184605916812
                        ]
                    ]
                ]
            },
            "properties": {
                "Nom": "I.C.2",
                "ObjectId": 226,
                "Shape__Area": 2757.297004699707,
                "Shape__Length": 245.72093905059867,
                "Classe": "UFR Sciences et techniques",
                "Code_batiment": "C2B21",
                "code_composante": "C2",
                "Etiquette": "I.C.2",
                "Recherche": "Institut d'Informatique Claude Chappe (I.C.2)",
                "Texte_fenetre": "\u003cdiv style=\"background-color: #FFFFFF; color: black; padding: 15px; border: none; border-radius: 10px; font-size: 16px; font-family: Luciole;\"\u003e\u003cfont size=\"4,5pt\"\u003e\u003ca href=\"https://ic2.univ-lemans.fr/fr/index.html\"style=\"color:black;\"\u003e\u003cb\u003eInstitut d'Informatique Claude Chappe\u003c/b\u003e\u003c/a\u003e\u003c/font size\u003e\u003cbr\u003e\u003cbr\u003e   \u003cb\u003eRez-de-chaussée\u003c/b\u003e\u003cbr\u003e Amphi - TD1 à 4 - Salle de cours \u003cbr\u003e\u003cbr\u003e\u003cb\u003eÉtage 1 \u003c/b\u003e\u003cbr\u003e TP 110 à 130 - Salle des conseils\u003c/br\u003e\u003cbr\u003e\u003cb\u003eÉtage 2 \u003c/b\u003e \u003cbr\u003eMaster - Salle de réunion \u003cbr\u003e\u003cbr\u003e\u003ca href=\"https://sciences.univ-lemans.fr/fr/filieres/informatique.html\"style=\"color:#282F63;\"\u003ePlus d'informations\u003c/a\u003e\u003c/div\u003e",
                "nom_composante": "UFR Sciences et techniques"
            }
        },
        {
            "type": "Feature",
            "id": 230,
            "geometry": {
                "type": "Multipolygon",
                "coordinates": [
                    [
                        [
                            0.163962803753708,
                            48.0159681942666
                        ],
                        [
                            0.163972645947349,
                            48.0155839255303
                        ],
                        [
                            0.163759381232613,
                            48.0155814853666
                        ],
                        [
                            0.163752218269344,
                            48.0159658187189
                        ],
                        [
                            0.163962803753708,
                            48.0159681942666
                        ]
                    ]
                ]
            },
            "properties": {
                "Nom": "Sciences naturelles",
                "ObjectId": 230,
                "Shape__Area": 1509.1328735351563,
                "Shape__Length": 175.1110666099089,
                "Classe": "UFR Sciences et techniques",
                "Code_batiment": "C2B7",
                "code_composante": "C2",
                "Etiquette": "Sciences naturelles",
                "Recherche": "Sciences naturelles",
                "Texte_fenetre": "\u003cdiv style=\"background-color: #FFFFFF; color: black; padding: 15px; border: none; border-radius: 10px; font-size: 16px; font-family: Luciole;\"\u003e   \u003cb\u003eSous-sol \u003c/b\u003e\u003cbr\u003e Salle n° S1_300 à S1_316 - Salle de microbiologie - B4\u003cbr\u003e\u003cbr\u003e \u003cb\u003eRez-de-chaussée\u003c/b\u003e \u003cbr\u003eSalle n°00_305 à 00_317 - Salle de réunion - Secrétariat - Pétro - Carto - Laboratoire de géologie\u003cbr\u003e\u003cbr\u003e \u003cb\u003eÉtage 1\u003c/b\u003e \u003cbr\u003eSalle n°01_315 à 01_323 - Salle BA - Physio animale - Biochimie\u003cbr\u003e\u003cbr\u003e\u003cb\u003eÉtage 2\u003c/b\u003e\u003cbr\u003e Salle n°02_324 à 02_336 - Salles Microscopie BV - Physio végétale\u003cbr\u003e\u003cbr\u003ePlus d'informations : \u003cul\u003e\u003cli\u003e\u003ca href=\"https://sciences.univ-lemans.fr/fr/filieres/biologie.html\"style=\"color:#282F63;\"\u003eBiologie\u003c/a\u003e\u003c/li\u003e\u003cli\u003e\u003ca href=\"https://sciences.univ-lemans.fr/fr/filieres/geosciences.html\"style=\"color:#282F63;\"\u003eGéosciences\u003c/a\u003e\u003c/li\u003e\u003cli\u003e\u003ca href=\"https://sciences.univ-lemans.fr/fr/filieres/mecanique.html\"style=\"color:#282F63;\"\u003eMécanique\u003c/a\u003e\u003c/li\u003e\u003c/ul\u003e\u003c/div\u003e",
                "nom_composante": "UFR Sciences et techniques"
            }
        },
        {
            "type": "Feature",
            "id": 232,
            "geometry": {
                "type": "Multipolygon",
                "coordinates": [
                    [
                        [
                            0.163099132691145,
                            48.0157555669345
                        ],
                        [
                            0.16309492408401,
                            48.0158842341082
                        ],
                        [
                            0.163093189437214,
                            48.0159166096659
                        ],
                        [
                            0.163092409699534,
                            48.01595621228
                        ],
                        [
                            0.163415588504477,
                            48.0159613043429
                        ],
                        [
                            0.163428177494868,
                            48.0156761546555
                        ],
                        [
                            0.163362451358802,
                            48.0156754702217
                        ],
                        [
                            0.163363493281997,
                            48.0156225509988
                        ],
                        [
                            0.163425476937219,
                            48.0156231003629
                        ],
                        [
                            0.163426528624694,
                            48.0155696851581
                        ],
                        [
                            0.163106237246373,
                            48.0155662338475
                        ],
                        [
                            0.163105081330513,
                            48.015597038514
                        ],
                        [
                            0.163306296309872,
                            48.0155988218931
                        ],
                        [
                            0.163304814551832,
                            48.0156740803225
                        ],
                        [
                            0.163102272303033,
                            48.015671897826
                        ],
                        [
                            0.163099132691145,
                            48.0157555669345
                        ]
                    ]
                ]
            },
            "properties": {
                "Nom": "STAPS",
                "ObjectId": 232,
                "Shape__Area": 2003.3143920898438,
                "Shape__Length": 260.96654857200218,
                "Classe": "UFR Sciences et techniques",
                "Code_batiment": "C2B8",
                "code_composante": "C2",
                "Etiquette": "STAPS",
                "Recherche": "STAPS",
                "Texte_fenetre": "\u003cdiv style=\"background-color: #FFFFFF; color: black; padding: 15px; border: none; border-radius: 10px; font-size: 16px; font-family: Luciole;\"\u003e   \u003cb\u003eRez-de-chaussée\u003c/b\u003e\u003cbr\u003eS01 à S05 - SAMouv - Secrétariat STAPS\u003cbr\u003e\u003cbr\u003e\u003cb\u003eÉtage 1\u003c/b\u003e\u003cbr\u003eS09 à S12 - Salle de réunion - Bureaux \u003cbr\u003e\u003cbr\u003e\u003ca href=\"https://sciences.univ-lemans.fr/fr/filieres/staps.html\"style=\"color:#282F63;\"\u003ePlus d'informations\u003c/a\u003e\u003c/div\u003e",
                "nom_composante": "UFR Sciences et techniques"
            }
        },
        {
            "type": "Feature",
            "id": 234,
            "geometry": {
                "type": "Multipolygon",
                "coordinates": [
                    [
                        [
                            0.162494133573202,
                            48.0159003611166
                        ],
                        [
                            0.162473061735343,
                            48.0164689577767
                        ],
                        [
                            0.162526677683071,
                            48.0164702509099
                        ],
                        [
                            0.162527399928537,
                            48.0164567613417
                        ],
                        [
                            0.162617254813174,
                            48.0164580280357
                        ],
                        [
                            0.162616532567674,
                            48.0164715176035
                        ],
                        [
                            0.162666126757864,
                            48.0164727139921
                        ],
                        [
                            0.162696531136991,
                            48.0159052429499
                        ],
                        [
                            0.162494133573202,
                            48.0159003611166
                        ]
                    ]
                ]
            },
            "properties": {
                "Nom": "Recherche",
                "ObjectId": 234,
                "Shape__Area": 2060.3590393066406,
                "Shape__Length": 237.68991915893574,
                "Classe": "UFR Sciences et techniques",
                "Code_batiment": "C2B4",
                "code_composante": "C2",
                "Etiquette": "Recherche",
                "Recherche": "Recherche",
                "Texte_fenetre": "\u003cdiv style=\"background-color: #FFFFFF; color: black; padding: 15px; border: none; border-radius: 10px; font-size: 16px; font-family: Luciole;\"\u003e   \u003cb\u003eRez-de-chaussée\u003c/b\u003e\u003cbr\u003eIMMM \u003cbr\u003e\u003cbr\u003e\u003cb\u003eÉtage 1\u003c/b\u003e\u003cbr\u003eLamb - Helmholtz - Euler - Fourier - Békézy - Poisson - Dirac - Salle anéchoïque - Salle réverbérante\u003cbr\u003e\u003cbr\u003e\u003ca href=\"https://sciences.univ-lemans.fr/fr/index.html\"style=\"color:#282F63;\"\u003ePlus d'informations\u003c/a\u003e\u003c/div\u003e",
                "nom_composante": "UFR Sciences et techniques"
            }
        },
        {
            "type": "Feature",
            "id": 235,
            "geometry": {
                "type": "Multipolygon",
                "coordinates": [
                    [
                        [
                            0.164065635995943,
                            48.0161030442015
                        ],
                        [
                            0.163746381902997,
                            48.0160998498839
                        ],
                        [
                            0.163746677749828,
                            48.0162196211675
                        ],
                        [
                            0.163990725955913,
                            48.0162237038966
                        ],
                        [
                            0.163992122659774,
                            48.0161976235839
                        ],
                        [
                            0.164065844354157,
                            48.016199400821
                        ],
                        [
                            0.164065635995943,
                            48.0161030442015
                        ]
                    ]
                ]
            },
            "properties": {
                "Nom": "Amphi 3",
                "ObjectId": 235,
                "Shape__Area": 679.0225830078125,
                "Shape__Length": 111.2412584792158,
                "Classe": "UFR Sciences et techniques",
                "Code_batiment": "C2B2",
                "code_composante": "C2",
                "Etiquette": "Amphi 3",
                "Recherche": "Amphi 3 (Le Mans)",
                "Texte_fenetre": "\u003cdiv style=\"background-color: #FFFFFF; color: black; padding: 15px; border: none; border-radius: 10px; font-size: 16px; font-family: Luciole;\"\u003e   Amphi 3 (250 places) \u003c/div\u003e",
                "nom_composante": "UFR Sciences et techniques"
            }
        },
        {
            "type": "Feature",
            "id": 236,
            "geometry": {
                "type": "Multipolygon",
                "coordinates": [
                    [
                        [
                            0.162498923576775,
                            48.0152098058387
                        ],
                        [
                            0.162625062776049,
                            48.0152101469075
                        ],
                        [
                            0.16262883454323,
                            48.014964405911
                        ],
                        [
                            0.162502695929011,
                            48.0149640648462
                        ],
                        [
                            0.162498923576775,
                            48.0152098058387
                        ]
                    ]
                ]
            },
            "properties": {
                "Nom": "P1 et P2",
                "ObjectId": 236,
                "Shape__Area": 574.25299835205078,
                "Shape__Length": 109.87699106918903,
                "Classe": "UFR Sciences et techniques",
                "Code_batiment": "C2B15",
                "code_composante": "C2",
                "Etiquette": "P1 et P2",
                "Recherche": "P1 et P2",
                "Texte_fenetre": null,
                "nom_composante": "UFR Sciences et techniques"
            }
        },
        {
            "type": "Feature",
            "id": 240,
            "geometry": {
                "type": "Multipolygon",
                "coordinates": [
                    [
                        [
                            0.164547487337977,
                            48.0161776929996
                        ],
                        [
                            0.164548320836618,
                            48.015961597395
                        ],
                        [
                            0.164495997522577,
                            48.0159612367127
                        ],
                        [
                            0.164405902552048,
                            48.0159644679652
                        ],
                        [
                            0.164316810864102,
                            48.0159740267086
                        ],
                        [
                            0.164221827848584,
                            48.0159933486748
                        ],
                        [
                            0.164134549985473,
                            48.0160191596865
                        ],
                        [
                            0.164136781173919,
                            48.0160777448185
                        ],
                        [
                            0.164065595946713,
                            48.0160787302154
                        ],
                        [
                            0.164065635995943,
                            48.0161030442015
                        ],
                        [
                            0.164066294025042,
                            48.0161408803182
                        ],
                        [
                            0.164113304101465,
                            48.0161402126207
                        ],
                        [
                            0.164111859298654,
                            48.0161671922569
                        ],
                        [
                            0.164547487337977,
                            48.0161776929996
                        ]
                    ]
                ]
            },
            "properties": {
                "Nom": "IRA MATHS",
                "ObjectId": 240,
                "Shape__Area": 1580.1311187744141,
                "Shape__Length": 169.82375277612837,
                "Classe": "UFR Sciences et techniques",
                "Code_batiment": "C2B1",
                "code_composante": "C2",
                "Etiquette": "IRA MATHS",
                "Recherche": "IRA MATHS",
                "Texte_fenetre": "\u003cdiv style=\"background-color: #FFFFFF; color: black; padding: 15px; border: none; border-radius: 10px; font-size: 16px; font-family: Luciole;\"\u003e\u003cfont size=\"4,5pt\"\u003e\u003ca href=\"https://ira.univ-lemans.fr/fr/index.html\"style=\"color:black;\"\u003e\u003cb\u003e Institut du risque et de l'assurance\u003c/b\u003e\u003c/a\u003e\u003cbr\u003eÉcole d'Actuariat\u003c/b\u003e\u003c/font size\u003e\u003c/br\u003e  \u003cbr\u003e \u003cb\u003eRez-de-chaussée\u003c/b\u003e\u003cbr\u003e Info 1 à 4 - Salle de réunion - Salle de conférence \u003cbr\u003e\u003cbr\u003e\u003cb\u003eÉtage 1\u003c/b\u003e\u003cbr\u003e Info 6 à 8 - Salles Cours 1 et 2 - Langues - Salle de master\u003cbr\u003e\u003cbr\u003e\u003cb\u003eÉtage 2\u003c/b\u003e\u003cbr\u003e Bureaux \u003cbr\u003e\u003cbr\u003e\u003ca href=\"https://sciences.univ-lemans.fr/fr/filieres/mathematiques.html\"style=\"color:#282F63;\"\u003ePlus d'informations\u003c/a\u003e\u003c/div\u003e",
                "nom_composante": "UFR Sciences et techniques"
            }
        },
        {
            "type": "Feature",
            "id": 242,
            "geometry": {
                "type": "Multipolygon",
                "coordinates": [
                    [
                        [
                            0.162075930022949,
                            48.0153643908431
                        ],
                        [
                            0.162055919171902,
                            48.0153639080146
                        ],
                        [
                            0.16204627229571,
                            48.0156507429886
                        ],
                        [
                            0.1623234149854,
                            48.01565491377
                        ],
                        [
                            0.162336163875907,
                            48.0153418530623
                        ],
                        [
                            0.162077423921255,
                            48.0153365115599
                        ],
                        [
                            0.162075930022949,
                            48.0153643908431
                        ]
                    ]
                ]
            },
            "properties": {
                "Nom": "Chimie",
                "ObjectId": 242,
                "Shape__Area": 1608.2776794433594,
                "Shape__Length": 166.40990307056865,
                "Classe": "UFR Sciences et techniques",
                "Code_batiment": "C2B11",
                "code_composante": "C2",
                "Etiquette": "\u003cdiv style=\"font-family: Luciole;\"\u003eChimie\u003c/div\u003e",
                "Recherche": "Chimie (UFR Sciences et techniques)",
                "Texte_fenetre": "\u003cdiv style=\"background-color: #FFFFFF; color: black; padding: 15px; border: none; border-radius: 10px; font-size: 16px; font-family: Luciole;\"\u003e   \u003cb\u003eSous-sol\u003c/b\u003e \u003cbr\u003eSalles n°01 à 06 - Salles n°40 à 45 \u003cbr\u003e\u003cbr\u003e\u003cb\u003eRez-de-chaussée\u003c/b\u003e \u003cbr\u003eSalles n°385 à 392 \u003cbr\u003e\u003cbr\u003e\u003cb\u003eÉtage 1\u003c/b\u003e\u003cbr\u003e Salles n°392 à 403 \u003cbr\u003e\u003cbr\u003e\u003cb\u003eÉtage 2\u003c/b\u003e \u003cbr\u003eSalles n°402 à 413\u003cbr\u003e\u003cbr\u003e\u003cb\u003eÉtage 3\u003c/b\u003e \u003cbr\u003eSalles n°413 à 423 \u003cbr\u003e\u003cbr\u003e\u003cb\u003eÉtage 4\u003c/b\u003e\u003cbr\u003eSalles n°426 à 437\u003cbr\u003e\u003cbr\u003e\u003ca href=\"https://sciences.univ-lemans.fr/fr/filieres/chimie.html\"style=\"color:#282F63;\"\u003ePlus d'informations\u003c/a\u003e\u003c/div\u003e",
                "nom_composante": "UFR Sciences et techniques"
            }
        },
        {
            "type": "Feature",
            "id": 244,
            "geometry": {
                "type": "Multipolygon",
                "coordinates": [
                    [
                        [
                            0.162024707187122,
                            48.0162919424366
                        ],
                        [
                            0.161901566128003,
                            48.0162910909607
                        ],
                        [
                            0.161900651916929,
                            48.0163506123403
                        ],
                        [
                            0.162349161020372,
                            48.0163549900262
                        ],
                        [
                            0.162351299590135,
                            48.0162563396764
                        ],
                        [
                            0.162236166967437,
                            48.0162552162013
                        ],
                        [
                            0.162256391437037,
                            48.0156538949945
                        ],
                        [
                            0.162046204119442,
                            48.0156507418449
                        ],
                        [
                            0.162024707187122,
                            48.0162919424366
                        ]
                    ]
                ]
            },
            "properties": {
                "Nom": "Physique",
                "ObjectId": 244,
                "Shape__Area": 3075.6549758911133,
                "Shape__Length": 333.01575881594448,
                "Classe": "UFR Sciences et techniques",
                "Code_batiment": "C2B6",
                "code_composante": "C2",
                "Etiquette": "Physique",
                "Recherche": "Physique (UFR Sciences et techniques)",
                "Texte_fenetre": "\u003cdiv style=\"background-color: #FFFFFF; padding: 15px; border: black; border-radius: 10px; font-size: 16px; font-family: Luciole;\"\u003e   \u003cb\u003eSous-sol \u003c/b\u003e\u003cbr\u003eSalles n°07 à 20 - Salles n°33 à 39 \u003cbr\u003e\u003cbr\u003e\u003cb\u003eRez-de-chaussée\u003c/b\u003e\u003cbr\u003e Salles n°23 à 49 \u003cbr\u003e\u003cbr\u003e\u003cb\u003eÉtage 1\u003c/b\u003e\u003cbr\u003eSalles n°55 à 83\u003cbr\u003e\u003cbr\u003e\u003cb\u003eÉtage 2\u003c/b\u003e\u003cbr\u003eSalles n°88 à 126 \u003cbr\u003e\u003cbr\u003e\u003cb\u003eÉtage 3\u003c/b\u003e\u003cbr\u003eSalles n°127 à 161 \u003cbr\u003e\u003cbr\u003e\u003cb\u003eÉtage 4\u003c/b\u003e\u003cbr\u003eSalles n°166 à 200\u003cbr\u003e\u003cbr\u003e\u003ca href=\"https://sciences.univ-lemans.fr/fr/filieres/physique.html\"style=\"color:#282F63;\"\u003ePlus d'informations\u003c/a\u003e\u003c/div\u003e",
                "nom_composante": "UFR Sciences et techniques"
            }
        },
        {
            "type": "Feature",
            "id": 245,
            "geometry": {
                "type": "Multipolygon",
                "coordinates": [
                    [
                        [
                            0.161900651643015,
                            48.0163506125158
                        ],
                        [
                            0.161897087127975,
                            48.0165047334487
                        ],
                        [
                            0.162421686354316,
                            48.0165142060027
                        ],
                        [
                            0.162424573978159,
                            48.0163893522519
                        ],
                        [
                            0.162232751606176,
                            48.0163874800215
                        ],
                        [
                            0.162233529136307,
                            48.0163538614787
                        ],
                        [
                            0.161900651643015,
                            48.0163506125158
                        ]
                    ]
                ]
            },
            "properties": {
                "Nom": "Acoustique",
                "ObjectId": 245,
                "Shape__Area": 1400.1031646728516,
                "Shape__Length": 168.86210131078289,
                "Classe": "UFR Sciences et techniques",
                "Code_batiment": "C2B5",
                "code_composante": "C2",
                "Etiquette": "Acoustique",
                "Recherche": "Acoustique (Institut d'Acoustique - Graduate School)",
                "Texte_fenetre": "\u003cdiv style=\"background-color: #FFFFFF; color: black; padding: 15px; border: none; border-radius: 10px; font-size: 16px; font-family: Luciole;\"\u003e   \u003cfont size=\"4,5pt\"\u003e\u003ca href=\"https://iags.univ-lemans.fr/fr/index.html\"style=\"color:black;\"\u003e\u003cb\u003eInstitut d'Acoustique Graduate School\u003c/b\u003e\u003c/a\u003e\u003c/font size\u003e\u003cbr\u003e\u003cbr\u003e\u003cb\u003eSous-sol \u003c/b\u003e\u003cbr\u003eSalles n°21 à 32 - Salle sourde\u003cbr\u003e\u003cbr\u003e\u003cb\u003eRez-de-chaussée\u003c/b\u003e\u003cbr\u003e Salles n°351 à 357 \u003cbr\u003e\u003cbr\u003e\u003cb\u003eÉtage 1\u003c/b\u003e\u003cbr\u003eSalles n°358 à 363 - TP C2 \u003cbr\u003e\u003cbr\u003e\u003cb\u003eÉtage 2\u003c/b\u003e\u003cbr\u003eSalles n°127 à 134 - Salles n°364 à 368 \u003cbr\u003e\u003cbr\u003e\u003cb\u003eÉtage 3\u003c/b\u003e\u003cbr\u003eSalles n°369 à 379 \u003cbr\u003e\u003cbr\u003e\u003cb\u003eÉtage 4 \u003c/b\u003e\u003cbr\u003eSalles n°380 à 383 \u003cbr\u003e\u003cbr\u003e\u003ca href=\"https://sciences.univ-lemans.fr/fr/filieres/acoustique.html\"style=\"color:#282F63;\"\u003ePlus d'informations\u003c/a\u003e \u003c/div\u003e",
                "nom_composante": "UFR Sciences et techniques"
            }
        },
        {
            "type": "Feature",
            "id": 246,
            "geometry": {
                "type": "Multipolygon",
                "coordinates": [
                    [
                        [
                            0.162035315468395,
                            48.0159765229239
                        ],
                        [
                            0.162041426531987,
                            48.0157948242977
                        ],
                        [
                            0.161937143999901,
                            48.0157928680872
                        ],
                        [
                            0.16192738912575,
                            48.0159748873758
                        ],
                        [
                            0.162035315468395,
                            48.0159765229239
                        ]
                    ]
                ]
            },
            "properties": {
                "Nom": "Accueil",
                "ObjectId": 246,
                "Shape__Area": 357.72891998291016,
                "Shape__Length": 84.186080793866921,
                "Classe": "UFR Sciences et techniques",
                "Code_batiment": "C2B18",
                "code_composante": "C2",
                "Etiquette": "Accueil",
                "Recherche": "Accueil (Physique-chimie)",
                "Texte_fenetre": "\u003cdiv style=\"text-align: center; margin-top: 10px;\"\u003e\u003cdiv style=\"background-color: #FFFFFF; color: black; padding: 15px; border: none; border-radius: 10px; font-size: 15px; font-family: Luciole;\"\u003e  \u003cb\u003e Accueil Physique-chimie\u003c/b\u003e\u003cbr\u003e\u003cbr\u003e   \u003cb\u003eLundi au vendredi :\u003c/b\u003e 07h30 - 18h00\u003cbr\u003e \u003c/div\u003e",
                "nom_composante": "UFR Sciences et techniques"
            }
        },
        {
            "type": "Feature",
            "id": 247,
            "geometry": {
                "type": "Multipolygon",
                "coordinates": [
                    [
                        [
                            0.16228639333728,
                            48.0148632491153
                        ],
                        [
                            0.162286560975344,
                            48.0148592120955
                        ],
                        [
                            0.161921109997177,
                            48.0148571935854
                        ],
                        [
                            0.161918260150099,
                            48.0149473536251
                        ],
                        [
                            0.161703851067037,
                            48.0149447744221
                        ],
                        [
                            0.161697145544502,
                            48.0151968628634
                        ],
                        [
                            0.161914069198515,
                            48.0151992177763
                        ],
                        [
                            0.161918260150099,
                            48.0150470453262
                        ],
                        [
                            0.16228287293795,
                            48.0150511944704
                        ],
                        [
                            0.16228639333728,
                            48.0148632491153
                        ]
                    ]
                ]
            },
            "properties": {
                "Nom": "P4 à P11",
                "ObjectId": 247,
                "Shape__Area": 2304.4981384277344,
                "Shape__Length": 243.5437012020748,
                "Classe": "UFR Sciences et techniques",
                "Code_batiment": "C2B17",
                "code_composante": "C2",
                "Etiquette": "P4 à P11",
                "Recherche": "P4 à P11",
                "Texte_fenetre": null,
                "nom_composante": "UFR Sciences et techniques"
            }
        },
        {
            "type": "Feature",
            "id": 248,
            "geometry": {
                "type": "Multipolygon",
                "coordinates": [
                    [
                        [
                            0.1676687819532,
                            48.0157816854093
                        ],
                        [
                            0.167346908961579,
                            48.0157804081054
                        ],
                        [
                            0.167345833353653,
                            48.0159016910678
                        ],
                        [
                            0.167376193469015,
                            48.0159018122789
                        ],
                        [
                            0.167375906707497,
                            48.0159342306432
                        ],
                        [
                            0.167632018387388,
                            48.0159352505135
                        ],
                        [
                            0.167632305148907,
                            48.0159028321499
                        ],
                        [
                            0.167667709085965,
                            48.0159029731331
                        ],
                        [
                            0.1676687819532,
                            48.0157816854093
                        ]
                    ]
                ]
            },
            "properties": {
                "Nom": "Centre de santé",
                "ObjectId": 248,
                "Shape__Area": 877.04426574707031,
                "Shape__Length": 122.82131062913331,
                "Classe": "Services centraux",
                "Code_batiment": "C9B2",
                "code_composante": "C9",
                "Etiquette": "Centre de santé",
                "Recherche": "Centre de santé (Le Mans)",
                "Texte_fenetre": "\u003cdiv style=\"background-color: #FFFFFF; color: black; padding: 15px; border: none; border-radius: 10px; font-size: 16px; font-family: Luciole;\"\u003e   L'équipe de professionnels du Service de santé étudiante est à votre disposition pour répondre à vos questions et vous apporter un soutien au sujet de votre santé ou de votre vie étudiante.\u003cbr\u003e\u003cbr\u003e\u003cb\u003eHoraire d'ouverture :\u003c/b\u003e\u003cul\u003e\u003cli\u003e\u003cb\u003e Lundi au vendredi :\u003c/b\u003e \u003cul\u003e\u003cli\u003e8h30-12h30\u003c/li\u003e\u003cli\u003e 13h30-17h00 \u003c/li\u003e\u003c/ul\u003e\u003c/li\u003e\u003c/ul\u003e\u003cb\u003eContact :\u003c/b\u003e\u003cul\u003e\u003cli\u003e\u003ca href=\"mailto:accueil-sse@univ-lemans.fr\"style=\"color: #282f63; text-decoration: underline;\"\u003eaccueil-sse@univ-lemans.fr\u003c/a\u003e \u003c/li\u003e\u003cli\u003e 02 43 83 39 20 \u003c/li\u003e\u003c/ul\u003e\u003ca href=\"https://mon-ent-etudiant.univ-lemans.fr/fr/sante.html\"style=\"color: #282f63; text-decoration: underline;\"\u003e Plus d'informations\u003c/a\u003e\u003c/div\u003e",
                "nom_composante": "Services centraux"
            }
        },
        {
            "type": "Feature",
            "id": 249,
            "geometry": {
                "type": "Multipolygon",
                "coordinates": [
                    [
                        [
                            0.167632018140079,
                            48.0159352503297
                        ],
                        [
                            0.167375906655946,
                            48.0159342305946
                        ],
                        [
                            0.167346181803364,
                            48.0159339633808
                        ],
                        [
                            0.167345184221327,
                            48.016033735196
                        ],
                        [
                            0.167664967782141,
                            48.016035174986
                        ],
                        [
                            0.167665965707404,
                            48.0159354031751
                        ],
                        [
                            0.167632018140079,
                            48.0159352503297
                        ]
                    ]
                ]
            },
            "properties": {
                "Nom": "Annexe SUAPS",
                "ObjectId": 249,
                "Shape__Area": 590.73183441162109,
                "Shape__Length": 104.40600295678686,
                "Classe": "Services centraux",
                "Code_batiment": "C9B2",
                "code_composante": "C9",
                "Etiquette": "Annexe SUAPS",
                "Recherche": "Annexe SUAPS",
                "Texte_fenetre": "\u003cdiv style=\"background-color: #FFFFFF; color: black; padding: 15px; border: none; border-radius: 10px; font-size: 16px; font-family: Luciole;\"\u003e  \u003cb\u003eSalles :\u003c/b\u003e\u003cul\u003e\u003cli\u003e Salle de danse\u003c/li\u003e\u003cli\u003e Salle de combat\u003c/li\u003e\u003cli\u003e Salle de cours \u003c/li\u003e\u003c/ul\u003e\u003c/div\u003e",
                "nom_composante": "Services centraux"
            }
        },
        {
            "type": "Feature",
            "id": 250,
            "geometry": {
                "type": "Multipolygon",
                "coordinates": [
                    [
                        [
                            0.157390637301233,
                            48.0176345317464
                        ],
                        [
                            0.157384409281368,
                            48.0177931849067
                        ],
                        [
                            0.157659610660302,
                            48.0177980474094
                        ],
                        [
                            0.157660977497836,
                            48.0177632285074
                        ],
                        [
                            0.157712203375161,
                            48.0177641336123
                        ],
                        [
                            0.157715156544168,
                            48.0176889043274
                        ],
                        [
                            0.157667156670656,
                            48.0176880561519
                        ],
                        [
                            0.157668261531267,
                            48.0176599108076
                        ],
                        [
                            0.157563081562181,
                            48.0176580522376
                        ],
                        [
                            0.157563885409619,
                            48.0176375746485
                        ],
                        [
                            0.157390637301233,
                            48.0176345317464
                        ]
                    ]
                ]
            },
            "properties": {
                "Nom": "D'Estournelles",
                "ObjectId": 250,
                "Shape__Area": 843.91825103759766,
                "Shape__Length": 125.52857458870271,
                "Classe": "UFR Droit, sciences économiques et gestion",
                "Code_batiment": "C3B4",
                "code_composante": "C3",
                "Etiquette": "D'Estournelles",
                "Recherche": "D'Estournelles",
                "Texte_fenetre": "\u003cdiv style=\"background-color: #FFFFFF; color: black; padding: 15px; border: none; border-radius: 10px; font-size: 16px; font-family: Luciole;\"\u003e   \u003cb\u003eAmphithéâtre :\u003c/b\u003e D'Estournelles de Constant (299 places)\u003c/div\u003e",
                "nom_composante": "UFR Droit, sciences économiques et gestion"
            }
        },
        {
            "type": "Feature",
            "id": 251,
            "geometry": {
                "type": "Multipolygon",
                "coordinates": [
                    [
                        [
                            0.156420146875584,
                            48.0169126567974
                        ],
                        [
                            0.15576956713119,
                            48.0169059754384
                        ],
                        [
                            0.155766457447764,
                            48.0170423153195
                        ],
                        [
                            0.15614672421396,
                            48.0170462205934
                        ],
                        [
                            0.156143376533055,
                            48.0171929947392
                        ],
                        [
                            0.156485616949697,
                            48.0171965079975
                        ],
                        [
                            0.156488964585889,
                            48.0170497353426
                        ],
                        [
                            0.156417037202315,
                            48.0170489966608
                        ],
                        [
                            0.156420146875584,
                            48.0169126567974
                        ]
                    ]
                ]
            },
            "properties": {
                "Nom": "INSPE",
                "ObjectId": 251,
                "Shape__Area": 2574.4124908447266,
                "Shape__Length": 255.11924967663936,
                "Classe": "Autres écoles",
                "Code_batiment": "C8B4",
                "code_composante": "C8",
                "Etiquette": "INSPE",
                "Recherche": null,
                "Texte_fenetre": "\u003cdiv style=\"background-color: #FFFFFF; color: black; padding: 15px; border: none; border-radius: 10px; font-size: 16px; font-family: Luciole;\"\u003e\u003cb\u003eRez-de-chaussée\u003c/b\u003e\u003cbr\u003e Bibliothèque universitaire - Salle de conférences\u003cbr\u003e\u003cbr\u003e\u003ca href=\"https://inspe-site-lemans.univ-nantes.fr/\"style=\"color:#282F63;\"\u003ePlus d'informations\u003c/a\u003e\u003c/div\u003e",
                "nom_composante": "Autres écoles"
            }
        },
        {
            "type": "Feature",
            "id": 253,
            "geometry": {
                "type": "Multipolygon",
                "coordinates": [
                    [
                        [
                            0.163044796535189,
                            48.0163295067887
                        ],
                        [
                            0.163207290412449,
                            48.0163277846064
                        ],
                        [
                            0.163208036351323,
                            48.0162111110539
                        ],
                        [
                            0.162982960396436,
                            48.0162111288814
                        ],
                        [
                            0.162814211106597,
                            48.0162111422475
                        ],
                        [
                            0.162813509095602,
                            48.0162414538373
                        ],
                        [
                            0.162813517180443,
                            48.0162882069176
                        ],
                        [
                            0.162699719498568,
                            48.0162882159311
                        ],
                        [
                            0.162698129480505,
                            48.0163568699631
                        ],
                        [
                            0.162810827624466,
                            48.0163580447219
                        ],
                        [
                            0.16280945859199,
                            48.0164171635973
                        ],
                        [
                            0.162809486439767,
                            48.016570158851
                        ],
                        [
                            0.163043368213871,
                            48.0165701396223
                        ],
                        [
                            0.163043335874509,
                            48.0163922046528
                        ],
                        [
                            0.163044796535189,
                            48.0163295067887
                        ]
                    ]
                ]
            },
            "properties": {
                "Nom": "IAGS",
                "ObjectId": 253,
                "Shape__Area": 2049.2224273681641,
                "Shape__Length": 232.19805812727074,
                "Classe": "UFR Sciences et techniques",
                "Code_batiment": "C2B3",
                "code_composante": "C2",
                "Etiquette": "Institut d'Acoustique - Graduate School",
                "Recherche": "Institut d'Acoustique - Graduate School",
                "Texte_fenetre": "\u003cdiv style=\"background-color: #FFFFFF; color: black; padding: 15px; border: none; border-radius: 10px; font-size: 16px; font-family: Luciole;\"\u003e   \u003cfont size=\"4,5pt\"\u003e\u003ca href=\"https://iags.univ-lemans.fr/fr/index.html\"style=\"color:black;\"\u003e\u003cb\u003eInstitut d'Acoustique Graduate School\u003c/b\u003e\u003c/a\u003e\u003c/div\u003e",
                "nom_composante": "UFR Sciences et techniques"
            }
        },
        {
            "type": "Feature",
            "id": 261,
            "geometry": {
                "type": "Multipolygon",
                "coordinates": [
                    [
                        [
                            0.163448922516368,
                            48.0162118045078
                        ],
                        [
                            0.16320803626934,
                            48.0162111110539
                        ],
                        [
                            0.163207287156387,
                            48.0163282938936
                        ],
                        [
                            0.163448168603208,
                            48.0163289873321
                        ],
                        [
                            0.163448922516368,
                            48.0162118045078
                        ]
                    ]
                ]
            },
            "properties": {
                "Nom": "Amphi 2",
                "ObjectId": 261,
                "Shape__Area": 522.93560791015625,
                "Shape__Length": 92.633387578850048,
                "Classe": "UFR Sciences et techniques",
                "Code_batiment": "C2B22",
                "code_composante": "C2",
                "Etiquette": "Amphi 2",
                "Recherche": "Amphi 2 (Le Mans)",
                "Texte_fenetre": "\u003cdiv style=\"background-color: #FFFFFF; color: black; padding: 15px; border: none; border-radius: 10px; font-size: 16px; font-family: Luciole;\"\u003e   Amphi 2 (250 places) \u003c/div\u003e",
                "nom_composante": "UFR Sciences et techniques"
            }
        },
        {
            "type": "Feature",
            "id": 262,
            "geometry": {
                "type": "Multipolygon",
                "coordinates": [
                    [
                        [
                            0.167774200725055,
                            48.0159550710316
                        ],
                        [
                            0.167773604733684,
                            48.0160150105347
                        ],
                        [
                            0.167741582719326,
                            48.0160148680842
                        ],
                        [
                            0.167741377442074,
                            48.0160355160695
                        ],
                        [
                            0.167769528493602,
                            48.0160356420597
                        ],
                        [
                            0.167825901946772,
                            48.0160358942557
                        ],
                        [
                            0.167826703252993,
                            48.0159553060305
                        ],
                        [
                            0.167774200725055,
                            48.0159550710316
                        ]
                    ]
                ]
            },
            "properties": {
                "Nom": "Épicerie solidaire",
                "ObjectId": 262,
                "Shape__Area": 90.635414123535156,
                "Shape__Length": 45.641680414102424,
                "Classe": "Services centraux",
                "Code_batiment": "C9B17",
                "code_composante": "C9",
                "Etiquette": "Épicerie solidaire",
                "Recherche": "Épicerie solidaire (Le Mans)",
                "Texte_fenetre": "\u003cdiv style=\"background-color: #FFFFFF; color: black; padding: 15px; border: none; border-radius: 10px; font-size: 16px; font-family: Luciole;\"\u003eL’association « Épicerie Solidaire étudiante  » offre la possibilité aux étudiants de bénéficier de prix réduits sur les denrées alimentaires et les produits d’hygiène corporelle et d'entretien.\u003cbr\u003e\u003cbr\u003e\u003cb\u003eHoraire d'ouverture : \u003c/b\u003e\u003cul\u003e\u003cli\u003eMardi 17h30 - 19h45  \u003c/li\u003e\u003c/ul\u003e\u003cb\u003e Contact :\u003c/b\u003e\u003cul\u003e\u003cli\u003e\u003ca href=\"mailto:episoldumans@gmail.com\"style=\"color: #282f63; text-decoration: underline;\"\u003eepisoldumans@gmail.com\u003c/a\u003e\u003c/li\u003e\u003cli\u003e 07 69 54 26 81\u003c/li\u003e\u003c/ul\u003e\u003cbr\u003e\u003ca href=\"https://mon-ent-etudiant.univ-lemans.fr/fr/vie-pratique/les-petits-plus-sur-mon-campus.html#1-1\"style=\"color: #282f63; text-decoration: underline;\"\u003e Plus d'informations\u003c/a\u003e\u003c/div\u003e",
                "nom_composante": "Services centraux"
            }
        },
        {
            "type": "Feature",
            "id": 263,
            "geometry": {
                "type": "Multipolygon",
                "coordinates": [
                    [
                        [
                            -0.758656777875786,
                            48.0856090656425
                        ],
                        [
                            -0.758723891909,
                            48.0856369501151
                        ],
                        [
                            -0.758677420043534,
                            48.0856868638936
                        ],
                        [
                            -0.758657197651191,
                            48.0856784113469
                        ],
                        [
                            -0.758635160213658,
                            48.0857020809816
                        ],
                        [
                            -0.758588381048383,
                            48.0856825282662
                        ],
                        [
                            -0.758622693149718,
                            48.0856456748596
                        ],
                        [
                            -0.758656777875786,
                            48.0856090656425
                        ]
                    ]
                ]
            },
            "properties": {
                "Nom": "Épicerie solidaire Laval",
                "ObjectId": 263,
                "Shape__Area": 114.60958862304688,
                "Shape__Length": 46.453246552420886,
                "Classe": "Services centraux",
                "Code_batiment": "C9B18",
                "code_composante": "C9",
                "Etiquette": "Épicerie solidaire Laval",
                "Recherche": "Épicerie solidaire (Laval)",
                "Texte_fenetre": "\u003cdiv style=\"background-color: #FFFFFF; color: black; padding: 15px; border: none; border-radius: 10px; font-size: 16px; font-family: Luciole;\"\u003eL’association « Épicerie Solidaire étudiante  » offre la possibilité aux étudiants de bénéficier de prix réduits sur les denrées alimentaires et les produits d’hygiène corporelle et d'entretien.\u003cbr\u003e\u003cbr\u003e\u003cb\u003eHoraires d'ouverture \u003c/b\u003e: \u003cul\u003e\u003cli\u003e\u003cb\u003eMercredi :\u003c/b\u003e 12h à 17h\u003c/li\u003e \u003cli\u003e\u003cb\u003eVendredi :\u003c/b\u003e 13h30 à 19h30 \u003c/li\u003e\u003c/ul\u003e\u003cb\u003eContact \u003c/b\u003e: episoldumans@gmail.com\u003c/br\u003e\u003c/br\u003e\u003ca href=\"https://mon-ent-etudiant.univ-lemans.fr/fr/vie-pratique/les-petits-plus-sur-mon-campus/epicerie-solidaire.html\"style=\"color:#282F63;text-decoration: underline\"\u003ePlus d'informations\u003c/a\u003e\u003c/div\u003e",
                "nom_composante": "Services centraux"
            }
        },
        {
            "type": "Feature",
            "id": 264,
            "geometry": {
                "type": "Multipolygon",
                "coordinates": [
                    [
                        [
                            -0.759039663206078,
                            48.0870796381483
                        ],
                        [
                            -0.759140968915616,
                            48.0868260116432
                        ],
                        [
                            -0.759440035672146,
                            48.0868760217052
                        ],
                        [
                            -0.759392877182541,
                            48.0869940865911
                        ],
                        [
                            -0.759465646110451,
                            48.0870071958487
                        ],
                        [
                            -0.759422091293881,
                            48.0871162373067
                        ],
                        [
                            -0.759175068963802,
                            48.0870754814289
                        ],
                        [
                            -0.759179344046255,
                            48.0870638507739
                        ],
                        [
                            -0.759164431114207,
                            48.0870613904658
                        ],
                        [
                            -0.759150974351254,
                            48.087098003439
                        ],
                        [
                            -0.759039663206078,
                            48.0870796381483
                        ]
                    ]
                ]
            },
            "properties": {
                "Nom": "INSPE",
                "ObjectId": 264,
                "Shape__Area": 1561.7690734863281,
                "Shape__Length": 176.70041859500685,
                "Classe": "Autres écoles",
                "Code_batiment": "C8B18",
                "code_composante": "C8",
                "Etiquette": "INSPE",
                "Recherche": "INSPE Laval",
                "Texte_fenetre": "\u003cdiv style=\"background-color: #FFFFFF; color: black; padding: 15px; border: none; border-radius: 10px; font-size: 16px; font-family: Luciole;\"\u003e\u003cb\u003eRez-de-chaussée\u003c/b\u003e\u003cbr\u003e Intendance - Scolarité - Amphi Le Balle - Salle 001 à 003 \u003cbr\u003e\u003cbr\u003e\u003cb\u003eÉtage 1 \u003c/b\u003e\u003cbr\u003e Salle 101 à 114 - Salle informatique (libre service) - Salle des enseignants - Administration INSPÉ\u003cbr\u003e\u003cbr\u003e\u003ca href=\"https://inspe-site-laval.univ-nantes.fr/\"style=\"color:#282F63;text-decoration: underline\"\u003ePlus d'informations\u003c/a\u003e\u003c/div\u003e",
                "nom_composante": "Autres écoles"
            }
        },
        {
            "type": "Feature",
            "id": 265,
            "geometry": {
                "type": "Multipolygon",
                "coordinates": [
                    [
                        [
                            -0.759140968915614,
                            48.0868260116432
                        ],
                        [
                            -0.758862972265218,
                            48.0867795246769
                        ],
                        [
                            -0.758855931466556,
                            48.086710319171
                        ],
                        [
                            -0.758938837793501,
                            48.0867241828993
                        ],
                        [
                            -0.758975934674434,
                            48.0866245936102
                        ],
                        [
                            -0.759375556978149,
                            48.0866914185811
                        ],
                        [
                            -0.759366476569014,
                            48.0867157955894
                        ],
                        [
                            -0.759497380979715,
                            48.0867376854381
                        ],
                        [
                            -0.759440242943644,
                            48.0868760565937
                        ],
                        [
                            -0.759140968915614,
                            48.0868260116432
                        ]
                    ]
                ]
            },
            "properties": {
                "Nom": "Droit-Laval",
                "ObjectId": 265,
                "Shape__Area": 1725.7149963378906,
                "Shape__Length": 193.40609831307148,
                "Classe": "UFR Droit, sciences économiques et gestion",
                "Code_batiment": "C3B5",
                "code_composante": "C3",
                "Etiquette": "Droit-Laval",
                "Recherche": "Droit-Laval",
                "Texte_fenetre": "\u003cdiv style=\"background-color: #FFFFFF; color: black; padding: 15px; border: none; border-radius: 10px; font-size: 16px; font-family: Luciole;\"\u003e\u003cb\u003eRez-de-chaussée\u003c/b\u003e\u003cbr\u003e Intendance - Scolarité - Amphi Le Balle - Salle 001 à 003 \u003cbr\u003e\u003cbr\u003e\u003cb\u003eÉtage 1\u003c/b\u003e\u003cbr\u003e Salle 101 à 114 - Salle informatique (libre service) - Salle des enseignants - Administration INSPÉ\u003c/br\u003e\u003c/br\u003e\u003ca href=\"https://ecodroit.univ-lemans.fr/fr/departements/faculte-de-droit-campus-de-laval/nos-formations.html\"style=\"color:#282F63;text-decoration: underline\"\u003ePlus d'informations\u003c/a\u003e\u003c/div\u003e",
                "nom_composante": "UFR Droit, sciences économiques et gestion"
            }
        },
        {
            "type": "Feature",
            "id": 279,
            "geometry": {
                "type": "Multipolygon",
                "coordinates": [
                    [
                        [
                            0.159261735511555,
                            48.0193387365261
                        ],
                        [
                            0.159251152459193,
                            48.0194609468926
                        ],
                        [
                            0.159193791435041,
                            48.0194793723675
                        ],
                        [
                            0.159166440429585,
                            48.0195138306618
                        ],
                        [
                            0.159256445332847,
                            48.01951240181
                        ],
                        [
                            0.159256101044665,
                            48.0195331140785
                        ],
                        [
                            0.159580019341855,
                            48.0195355370923
                        ],
                        [
                            0.159592976696161,
                            48.0193440331498
                        ],
                        [
                            0.159261735511555,
                            48.0193387365261
                        ]
                    ]
                ]
            },
            "properties": {
                "Nom": null,
                "ObjectId": 279,
                "Shape__Area": 1239.7177352905273,
                "Shape__Length": 152.26797474873123,
                "Classe": "Autres écoles",
                "Code_batiment": null,
                "code_composante": null,
                "Etiquette": "Technocampus",
                "Recherche": "Technocampus (Halle aéroacoustique)",
                "Texte_fenetre": "\u003cdiv style=\"background-color: #FFFFFF; color: black; padding: 15px; border: none; border-radius: 10px; font-size: 16px; font-family: Luciole;\"\u003e\u003cb\u003eTechnocampus\u003c/b\u003e\u003cbr\u003e\u003c/br\u003eHalle Aéroacoustique\u003c/div\u003e",
                "nom_composante": "Autres écoles"
            }
        },
        {
            "type": "Feature",
            "id": 280,
            "geometry": {
                "type": "Multipolygon",
                "coordinates": [
                    [
                        [
                            0.159813281264431,
                            48.0196060644183
                        ],
                        [
                            0.15980762194666,
                            48.0197716819529
                        ],
                        [
                            0.160132159004435,
                            48.0197766738411
                        ],
                        [
                            0.160242059794601,
                            48.0197045868393
                        ],
                        [
                            0.160130309373278,
                            48.0196109408228
                        ],
                        [
                            0.159813281264431,
                            48.0196060644183
                        ]
                    ]
                ]
            },
            "properties": {
                "Nom": null,
                "ObjectId": 280,
                "Shape__Area": 1154.7470016479492,
                "Shape__Length": 136.08446411754403,
                "Classe": "Autres écoles",
                "Code_batiment": null,
                "code_composante": null,
                "Etiquette": "Technocampus",
                "Recherche": "Technocampus (Numérisation et simulation)",
                "Texte_fenetre": "\u003cdiv style=\"background-color: #FFFFFF; color: black; padding: 15px; border: none; border-radius: 10px; font-size: 16px; font-family: Luciole;\"\u003e\u003cb\u003eTechnocampus\u003c/b\u003e\u003cbr\u003e\u003c/br\u003eNumérisation et simulation\u003c/div\u003e",
                "nom_composante": "Autres écoles"
            }
        },
        {
            "type": "Feature",
            "id": 281,
            "geometry": {
                "type": "Multipolygon",
                "coordinates": [
                    [
                        [
                            0.160063473817797,
                            48.0192554379579
                        ],
                        [
                            0.160006681427233,
                            48.0192882854816
                        ],
                        [
                            0.160049711328662,
                            48.0193210298329
                        ],
                        [
                            0.159954942060141,
                            48.019377084911
                        ],
                        [
                            0.160234432199514,
                            48.0195897670523
                        ],
                        [
                            0.160334899780893,
                            48.0195305460628
                        ],
                        [
                            0.160217365107459,
                            48.0194392491073
                        ],
                        [
                            0.160270938834357,
                            48.0194082631568
                        ],
                        [
                            0.160063473817797,
                            48.0192554379579
                        ]
                    ]
                ]
            },
            "properties": {
                "Nom": "Technocampus",
                "ObjectId": 281,
                "Shape__Area": 978.99443817138672,
                "Shape__Length": 154.0202049651524,
                "Classe": "Autres écoles",
                "Code_batiment": null,
                "code_composante": null,
                "Etiquette": "Technocampus",
                "Recherche": "Technocampus (Halle vibroacoustique)",
                "Texte_fenetre": "\u003cdiv style=\"background-color: #FFFFFF; color: black; padding: 15px; border: none; border-radius: 10px; font-size: 16px; font-family: Luciole;\"\u003e\u003cfont size=\"4,5pt\"\u003e\u003cb\u003eTechnocampus\u003c/b\u003e\u003c/font size\u003e\u003cbr\u003e\u003c/br\u003eLe Technocampus Acoustique et Matière, inauguré en 2023 au Mans, est une plateforme de recherche collaborative dédiée à l’acoustique et aux matériaux, réunissant chercheurs, industriels et équipements de pointe. Il vise à renforcer les synergies entre recherche publique et privée pour l’innovation industrielle.\u003cbr\u003e\u003c/br\u003eHalle Vibroacoustique\u003c/div\u003e",
                "nom_composante": "Autres écoles"
            }
        },
        {
            "type": "Feature",
            "id": 282,
            "geometry": {
                "type": "Multipolygon",
                "coordinates": [
                    [
                        [
                            0.160910392155372,
                            48.0191845174958
                        ],
                        [
                            0.160219552505158,
                            48.0195986874482
                        ],
                        [
                            0.160310589572675,
                            48.0196670360407
                        ],
                        [
                            0.161001734630477,
                            48.0192526835399
                        ],
                        [
                            0.160910392155372,
                            48.0191845174958
                        ]
                    ]
                ]
            },
            "properties": {
                "Nom": null,
                "ObjectId": 282,
                "Shape__Area": 1573.6781692504883,
                "Shape__Length": 237.06199504789305,
                "Classe": "Autres écoles",
                "Code_batiment": null,
                "code_composante": null,
                "Etiquette": "Technocampus",
                "Recherche": "Technocampus (Locaux tertiaires)",
                "Texte_fenetre": "\u003cdiv style=\"background-color: #FFFFFF; color: black; padding: 15px; border: none; border-radius: 10px; font-size: 16px; font-family: Luciole;\"\u003e\u003cb\u003eTechnocampus\u003c/b\u003e\u003cbr\u003e\u003c/br\u003eLocaux tertiaires\u003c/div\u003e",
                "nom_composante": "Autres écoles"
            }
        },
        {
            "type": "Feature",
            "id": 285,
            "geometry": {
                "type": "Multipolygon",
                "coordinates": [
                    [
                        [
                            -0.759108674502025,
                            48.0856493795156
                        ],
                        [
                            -0.7591018403551,
                            48.085716244543
                        ],
                        [
                            -0.759038665358318,
                            48.0857133631184
                        ],
                        [
                            -0.759045454466176,
                            48.0856469387481
                        ],
                        [
                            -0.759108674502025,
                            48.0856493795156
                        ]
                    ]
                ]
            },
            "properties": {
                "Nom": "Salle recherche",
                "ObjectId": 285,
                "Shape__Area": 78.466552734375,
                "Shape__Length": 36.361580187333942,
                "Classe": "UFR Droit, sciences économiques et gestion",
                "Code_batiment": null,
                "code_composante": null,
                "Etiquette": "Salle recherche",
                "Recherche": "Salle recherche",
                "Texte_fenetre": null,
                "nom_composante": "UFR Droit, sciences économiques et gestion"
            }
        },
        {
            "type": "Feature",
            "id": 286,
            "geometry": {
                "type": "Multipolygon",
                "coordinates": [
                    [
                        [
                            0.166158303170386,
                            48.0157212425341
                        ],
                        [
                            0.166156290896926,
                            48.015812140314
                        ],
                        [
                            0.166346602630351,
                            48.0158140255041
                        ],
                        [
                            0.166347423374044,
                            48.0157767303114
                        ],
                        [
                            0.166366048461307,
                            48.0157766737763
                        ],
                        [
                            0.16636627935336,
                            48.0158109167947
                        ],
                        [
                            0.166396437569053,
                            48.0158107235257
                        ],
                        [
                            0.166395963109215,
                            48.0157773944643
                        ],
                        [
                            0.166416983836231,
                            48.0157779008272
                        ],
                        [
                            0.166416206793511,
                            48.0158175029469
                        ],
                        [
                            0.166604013727925,
                            48.0158191616505
                        ],
                        [
                            0.166604925996789,
                            48.0157779529555
                        ],
                        [
                            0.166648106088508,
                            48.0157776762356
                        ],
                        [
                            0.166656486369076,
                            48.0157665605205
                        ],
                        [
                            0.166657067932205,
                            48.0157402903281
                        ],
                        [
                            0.166640649070617,
                            48.0157364629066
                        ],
                        [
                            0.166619185712812,
                            48.0157362733428
                        ],
                        [
                            0.166619591397127,
                            48.0157647712003
                        ],
                        [
                            0.166602918930817,
                            48.0157643695814
                        ],
                        [
                            0.166605942724995,
                            48.0157320256203
                        ],
                        [
                            0.166417916547788,
                            48.0157303649776
                        ],
                        [
                            0.166418348291074,
                            48.0157606933866
                        ],
                        [
                            0.166395722514439,
                            48.0157604935564
                        ],
                        [
                            0.166393908703605,
                            48.0157342837017
                        ],
                        [
                            0.166363039614685,
                            48.0157335401034
                        ],
                        [
                            0.166363419251996,
                            48.015760208255
                        ],
                        [
                            0.166347795252098,
                            48.0157598318923
                        ],
                        [
                            0.166348548081606,
                            48.0157258253002
                        ],
                        [
                            0.166158303170386,
                            48.0157212425341
                        ]
                    ]
                ]
            },
            "properties": {
                "Nom": null,
                "ObjectId": 286,
                "Shape__Area": 704.74897766113281,
                "Shape__Length": 192.80180765013705,
                "Classe": "CROUS",
                "Code_batiment": null,
                "code_composante": null,
                "Etiquette": null,
                "Recherche": "Résidence universitaire Vaurouzé (Bâtiment D)",
                "Texte_fenetre": "\u003cdiv style=\"background-color: #FFFFFF; color: black; padding: 15px; border: none; border-radius: 10px; font-size: 16px; font-family: Luciole;\"\u003e   \u003cfont size=\"4,5pt\"\u003e\u003cb\u003eBâtiment D\u003c/b\u003e\u003c/font size\u003e\u003cul\u003e\u003cli\u003e\u003cb\u003eÉtage 1 \u003c/b\u003e: chambres 101 à 123\u003c/li\u003e\u003cli\u003e\u003cb\u003eÉtage 2 \u003c/b\u003e: chambres 201 à 223\u003c/li\u003e\u003cli\u003e\u003cb\u003eÉtage 3\u003c/b\u003e : chambres 301 à 323\u003c/li\u003e\u003cli\u003e\u003cb\u003eÉtage 4 \u003c/b\u003e: chambres 401 à 423\u003c/li\u003e\u003c/ul\u003e\u003c/div\u003e",
                "nom_composante": "CROUS"
            }
        },
        {
            "type": "Feature",
            "id": 287,
            "geometry": {
                "type": "Multipolygon",
                "coordinates": [
                    [
                        [
                            0.159813281333095,
                            48.0196060642288
                        ],
                        [
                            0.159575581111205,
                            48.0196024080383
                        ],
                        [
                            0.159569921746753,
                            48.0197680257398
                        ],
                        [
                            0.159807621946805,
                            48.0197716818977
                        ],
                        [
                            0.159813281333095,
                            48.0196060642288
                        ]
                    ]
                ]
            },
            "properties": {
                "Nom": null,
                "ObjectId": 287,
                "Shape__Area": 729.72933197021484,
                "Shape__Length": 108.07652491164426,
                "Classe": "Autres écoles",
                "Code_batiment": null,
                "code_composante": null,
                "Etiquette": "Technocampus",
                "Recherche": "Technocampus (Surfaces et matières)",
                "Texte_fenetre": "\u003cdiv style=\"background-color: #FFFFFF; color: black; padding: 15px; border: none; border-radius: 10px; font-size: 16px; font-family: Luciole;\"\u003e\u003cb\u003eTechnocampus\u003c/b\u003e\u003cbr\u003e\u003c/br\u003eSurfaces et matières\u003c/div\u003e",
                "nom_composante": "Autres écoles"
            }
        },
        {
            "type": "Feature",
            "id": 288,
            "geometry": {
                "type": "Multipolygon",
                "coordinates": [
                    [
                        [
                            0.15957558082071,
                            48.0196024079848
                        ],
                        [
                            0.159297965092821,
                            48.0195981377879
                        ],
                        [
                            0.159292305724161,
                            48.0197637554999
                        ],
                        [
                            0.15956992143442,
                            48.0197680256654
                        ],
                        [
                            0.15957558082071,
                            48.0196024079848
                        ]
                    ]
                ]
            },
            "properties": {
                "Nom": null,
                "ObjectId": 288,
                "Shape__Area": 852.26820373535156,
                "Shape__Length": 116.96562225524005,
                "Classe": "Autres écoles",
                "Code_batiment": null,
                "code_composante": null,
                "Etiquette": "Technocampus",
                "Recherche": "Technocampus (Contrôle et qualité)",
                "Texte_fenetre": "\u003cdiv style=\"background-color: #FFFFFF; color: black; padding: 15px; border: none; border-radius: 10px; font-size: 16px; font-family: Luciole;\"\u003e\u003cb\u003eTechnocampus\u003c/b\u003e\u003cbr\u003e\u003c/br\u003eContrôle et qualité\u003c/div\u003e",
                "nom_composante": "Autres écoles"
            }
        }
    ]
}